country_code,country,year,gain,readiness,economic_readiness,governance_readiness,social_readiness,vulnerability
AFG,Afghanistan,1995,29.7893689498518,0.243882421368369,0.350415690292995,0.0673936181948856,0.313837955617227,0.648095042371333
AGO,Angola,1995,32.6392554921063,0.169028739739221,0.237613997762875,0.17297273031676,0.0964994911380264,0.516243629897094
ALB,Albania,1995,41.4866084870609,0.334469979610876,0.399788486523725,0.36659443902122,0.237027013287682,0.504737809869657
AND,Andorra,1995,49.6994033996359,0.445442854661236,,0.753017822784559,0.137867886537914,0.451454786668518
ARE,United Arab Emirates,1995,52.3997655110693,0.511643488046365,0.714343565823475,0.61787658531349,0.202710313002129,0.463648177824979
ARG,Argentina,1995,48.7253887995582,0.38577420853038,0.418299274974103,0.509056766031725,0.229966584585312,0.411266432539217
ARM,Armenia,1995,47.4382664762903,0.388181942814393,0.532636276771585,0.36815312228271,0.263756429388884,0.439416613288588
ATG,Antigua and Barbuda,1995,49.2074260350025,0.498109414985143,0.61723410890962,0.660137738891279,0.216956397154531,0.513960894285093
AUS,Australia,1995,68.3101084144658,0.698470756875993,0.769009741767052,0.822354537759285,0.504047991101643,0.332268588586677
AUT,Austria,1995,67.9688308036876,0.699929027496638,0.714279403645137,0.832978979282285,0.552528699562492,0.340552411422886
AZE,Azerbaijan,1995,41.7666196039158,0.306488948846978,0.413390868331282,0.252316905527612,0.253759072682041,0.471156556768663
BDI,Burundi,1995,30.7055485655911,0.212943900818432,0.288723755821457,0.195497522522087,0.154610424111753,0.59883292950661
BEL,Belgium,1995,59.4122990218767,0.593270087191007,0.607000241464784,0.766000167725811,0.406809852382425,0.405024106753473
BEN,Benin,1995,38.0491091605832,0.35343379762367,0.318270438945891,0.486568392296934,0.255462561628185,0.592451614412007
BFA,Burkina Faso,1995,36.2053879016332,0.291737209710076,0.253691206449165,0.451614712866221,0.169905709814842,0.567629451677412
BGD,Bangladesh,1995,34.8574114039303,0.292963642882979,0.328985522728259,0.320978036812807,0.228927369107871,0.595815414804374
BGR,Bulgaria,1995,50.7018778951049,0.428209608947897,0.504469080481408,0.453868430637262,0.326291315725021,0.414172051045799
BHR,Bahrain,1995,46.4862890294601,0.437868659185896,0.677001178031031,0.515123062339602,0.121481737187054,0.508142878596693
BHS,Bahamas,1995,49.0855498896608,0.473922428220572,0.572480989519192,0.714642658201942,0.134643636940582,0.492211430427357
BIH,Bosnia and Herzegovina,1995,44.8044641360608,0.325045855514068,0.358179313871835,0.362929888404261,0.254028364266106,0.428956572792851
BLR,Belarus,1995,47.3868179275912,0.34921160996963,0.29542870345773,0.394608162847636,0.357597963603523,0.401475251417806
BLZ,Belize,1995,43.3021713247616,0.390702855155611,0.493112374915665,0.549765171423429,0.129231019127738,0.524659428660379
BOL,"Bolivia, Plurinational State of",1995,41.7401259581537,0.335400462264103,0.427281979941357,0.446629129344892,0.132290277506058,0.500597943101029
BRA,Brazil,1995,47.4075950800748,0.371067573898011,0.434628549361005,0.486975013245768,0.191599159087261,0.422915672296515
BRB,Barbados,1995,52.8187281993684,0.481023242649748,0.522723220218436,0.729661704378269,0.19068480335254,0.424648678662381
BRN,Brunei Darussalam,1995,51.8873729074142,0.489846949638443,0.558686121176622,0.719540664490941,0.191314063247766,0.45209949149016
BTN,Bhutan,1995,42.4511552661599,0.407773575567939,0.507058482678602,0.547861343127562,0.168400900897654,0.558750470244741
BWA,Botswana,1995,43.4111395652989,0.423177119586924,0.496994186705086,0.661790084778184,0.110747087277501,0.554954328280946
CAF,Central African Republic,1995,31.5334800696264,0.2062665981303,0.185935946124732,0.222157834184502,0.210706014081666,0.575596996737772
CAN,Canada,1995,66.7178194956396,0.649642367271087,0.713734025129268,0.829515450590521,0.405677626093472,0.315285977358295
CHE,Switzerland,1995,70.5168831797505,0.725022072004835,0.794289640032039,0.84915058721015,0.531625988772315,0.314684408409826
CHL,Chile,1995,57.3203303054367,0.524259253417699,0.62971365259627,0.744157606516729,0.198906501140098,0.377852647308965
CHN,China,1995,47.0726691712933,0.358348635751432,0.427410304298032,0.437287939812778,0.210347663143486,0.416895252325566
CIV,Cote d'Ivoire,1995,39.7318230286881,0.290982699121496,0.245446366532793,0.430167816052391,0.197333914779304,0.496346238547735
CMR,Cameroon,1995,39.1179811495817,0.276472929027138,0.337583254625488,0.250290074955273,0.241545457500653,0.494113306035503
COD,"Congo, the Democratic Republic o",1995,29.586599985354,0.174063187837684,0.261922297327324,0.0956955001737887,0.164571766011939,0.582331188130604
COG,Congo,1995,32.9178254319164,0.245448844407976,0.26684445300836,0.260240438586879,0.20926164162869,0.587092335769649
COL,Colombia,1995,42.452207474041,0.294710650517625,0.408289975153448,0.326303136539559,0.149538839859868,0.445666501036806
COM,Comoros,1995,37.0637890863859,0.310612334714817,0.465591383421602,0.322198659455542,0.144046961267306,0.569336552987099
CPV,Cape Verde,1995,45.8323618920391,0.408786542826988,0.442383006914369,0.633223561984009,0.150753059582586,0.492139304986206
CRI,Costa Rica,1995,48.8862142602729,0.422522981199543,0.455673743855715,0.627080935644058,0.184814264098855,0.444798695994085
CUB,Cuba,1995,39.5880850777799,0.260098049185061,,0.397700881921605,0.122495216448517,0.468336347629463
CYP,Cyprus,1995,55.1577541132621,0.482903506975039,0.583677289639091,0.70024244160609,0.164790789679937,0.379748424709798
CZE,Czech Republic,1995,60.1850042522865,0.512726113211511,0.499175700768562,0.660852716809125,0.378149922056844,0.309026028165781
DEU,Germany,1995,69.7345196181609,0.722526960176213,0.770485471868815,0.816471279746003,0.580624128913823,0.327836567812996
DJI,Djibouti,1995,34.9395660714222,0.313525165096515,0.411145192089468,0.357683509047544,0.171746794152533,0.614733843668072
DMA,Dominica,1995,56.7145749839906,0.607955627939099,0.557370796520703,0.658540459357496,,0.473664128259287
DNK,Denmark,1995,71.3871145135021,0.769281665298938,0.819312889583677,0.867008142153655,0.621523964159482,0.341539375028895
DOM,Dominican Republic,1995,42.4423430939591,0.344088789706142,0.429206845291484,0.429287115606743,0.173772408220198,0.49524192782696
DZA,Algeria,1995,41.0774753504982,0.292905059136285,0.385319915308612,0.286931764942139,0.206463497158103,0.471355552126321
ECU,Ecuador,1995,41.8166825616239,0.337228772788478,0.434083170845136,0.390348161149611,0.187254986370688,0.500895121556001
EGY,Egypt,1995,40.9364650785174,0.339750568321156,0.295236216922717,0.436946106401686,0.287069381639063,0.521021266750807
ERI,Eritrea,1995,32.190833927984,0.274510400841162,0.349207302600971,0.352789103079462,0.121534796843054,0.630693722281482
ESP,Spain,1995,59.7564073112041,0.537939728618846,0.573250935659243,0.705688337495645,0.334879912701649,0.342811582394765
EST,Estonia,1995,59.273756744896,0.570950091169033,0.75268046738015,0.636893702490107,0.323276103636841,0.385474956271112
ETH,Ethiopia,1995,36.0393356097396,0.302065118541924,0.437804577188713,0.275060700399281,0.193330078037779,0.581278406347132
FIN,Finland,1995,72.846401350581,0.773612740348161,0.788418800714156,0.864071241904112,0.668348178426215,0.31668471333654
FJI,Fiji,1995,46.7682613617336,0.454627618060942,0.576651531111132,0.57377275084873,0.213458572222964,0.519262390826269
FRA,France,1995,64.4961061447028,0.627844278895762,0.603535483834557,0.72548973984255,0.55450761301018,0.337922156001706
FSM,"Micronesia, Federated States of",1995,37.653027062432,0.407133685872446,0.480806985713074,0.593448353363694,0.14714571854057,0.654073144623807
GAB,Gabon,1995,41.7338042710283,0.320770046823493,0.339604363243121,0.384095199657254,0.238610577570106,0.486093961402928
GBR,United Kingdom,1995,71.5784650126235,0.700042066534105,0.741708734884432,0.831433714737685,0.526983749980198,0.268472766281636
GEO,Georgia,1995,43.8725275975025,0.324479486417749,0.434275657380149,0.219717059740598,0.319445742132501,0.447028934467699
GHA,Ghana,1995,41.1935551686469,0.343598173107196,0.439986091252189,0.419713173179664,0.171095254889736,0.519727069734258
GIN,Guinea,1995,38.922773896419,0.30188800521756,0.345058148401811,0.321722462165742,0.238883405085128,0.52343252728918
GMB,Gambia,1995,37.9329258670055,0.351079880081207,0.407680434459241,0.465298088804372,0.180261116980007,0.592421362741097
GNB,Guinea-Bissau,1995,28.6719649140256,0.243005833175988,0.25627602563362,0.209066789083674,0.263674684810669,0.669566534895476
GNQ,Equatorial Guinea,1995,39.9897933087622,0.270525631106767,0.428450648189648,0.26144083636773,0.121685408762923,0.470729764931523
GRC,Greece,1995,55.5402462398516,0.489812190538981,0.536806818363525,0.63998092852999,0.292648824723428,0.37900726574195
GRD,Grenada,1995,51.7032124266003,0.477779982148573,0.508671703162516,0.622049091480739,0.302619151802465,0.443715733616569
GTM,Guatemala,1995,38.9135305919544,0.289131537830585,0.416983950318183,0.316789716412713,0.13362094676086,0.510860925991497
GUY,Guyana,1995,41.1925676512706,0.356218193011472,0.461095447925236,0.448409690182048,0.159149440927132,0.532366839986061
HND,Honduras,1995,40.5989859964957,0.291932897107876,0.422822708546899,0.3200842688563,0.132891713920429,0.479953177177962
HRV,Croatia,1995,50.4340591473368,0.428068397772852,0.523685652893499,0.404997254958849,0.355522285466208,0.419387214826116
HTI,Haiti,1995,35.5591302771823,0.268182880391517,0.399156030765826,0.267136902534675,0.138255707874049,0.557000274847871
HUN,Hungary,1995,56.7173439323421,0.553103330060291,0.556665012558991,0.666522723409127,0.436122254212757,0.41875645141345
IDN,Indonesia,1995,42.9916913380243,0.32847196780069,0.37367447994035,0.368022747786063,0.243718675675656,0.468638141040203
IND,India,1995,38.6347198589346,0.323292826918674,0.314645275869821,0.426307260839066,0.228925944047136,0.550598429739981
IRL,Ireland,1995,63.3096457874597,0.602888329884669,0.702216914117681,0.812112610430307,0.294335465106018,0.336695414135475
IRN,"Iran, Islamic Republic of",1995,43.3488632569408,0.32282667997225,0.436008036195262,0.343429142753731,0.189042860967755,0.455849414833434
IRQ,Iraq,1995,39.5285106663435,0.301399366372721,0.479523742146323,0.170350391812669,0.254323965159172,0.510829153045851
ISL,Iceland,1995,65.7996351842793,0.66696316153471,0.814372401851687,0.78582677942393,0.400690303328511,0.350970457849124
ISR,Israel,1995,59.7018940800041,0.586749813340856,0.598145860854205,0.646977657814252,0.51512592135411,0.392711931740773
ITA,Italy,1995,58.2480032086731,0.536782596560814,0.531609681918185,0.664744781923472,0.413993325840786,0.371822532387352
JAM,Jamaica,1995,45.1308355940291,0.372586833345614,0.430746737571584,0.48929394318105,0.197719819284207,0.469970121465032
JOR,Jordan,1995,47.3023490091385,0.398997235037505,0.455128365339846,0.496892614855797,0.244970724916872,0.452950254854735
JPN,Japan,1995,65.309451553206,0.664471040387566,0.715883458103576,0.719001867238883,0.558527795820239,0.358282009323445
KAZ,Kazakhstan,1995,48.4342239397907,0.362932688221963,0.461833312976119,0.31426422263762,0.312700529052149,0.394248209426149
KEN,Kenya,1995,38.876925420835,0.30188543450317,0.426062898552945,0.315751944248573,0.163841460707992,0.524346926086469
KGZ,Kyrgyzstan,1995,46.4119771387534,0.327888367915939,0.369151046367553,0.357221669181122,0.257292388199141,0.399648825140872
KHM,Cambodia,1995,38.5585728503308,0.30578587159975,0.393981809384178,0.313823039413158,0.209552766001913,0.534614414593135
KIR,Kiribati,1995,41.2580309714415,0.425138292746243,0.546215743515449,0.595447485626527,0.133751649096754,0.599977673317413
KNA,Saint Kitts and Nevis,1995,48.0497650829729,0.48071069961701,0.636592754716602,0.602815337709967,0.202724006424461,0.519715397957552
KOR,"Korea, Republic of",1995,63.0456227498882,0.651885780667916,0.758166333628009,0.617938552458523,0.579552455917215,0.390973325670151
KWT,Kuwait,1995,48.2272777274297,0.428324196174444,0.554451417406346,0.591477449934366,0.13904372118262,0.46377864162585
LAO,Lao People's Democratic Republic,1995,37.5128170247809,0.310808274934772,0.38412374898389,0.337987382960426,0.210313692859999,0.560551934439153
LBN,Lebanon,1995,42.2862374424934,0.349015481565064,0.489166400947907,0.402538302240489,0.155341741506795,0.503290732715196
LBR,Liberia,1995,30.8005552098358,0.192015280400558,0.241275824940852,0.0827215349883806,0.252048481272442,0.576004176203843
LBY,Libyan Arab Jamahiriya,1995,38.4601422687836,0.255365507022807,0.301042894062264,0.280969172888593,0.184084454117563,0.486162661647136
LCA,Saint Lucia,1995,55.0838219758815,0.470181329126369,0.578448072104582,0.608985179138074,0.223110736136451,0.368504889608739
LIE,Liechtenstein,1995,,0.556162069966839,0.609306024758481,0.780059627780514,0.279120557361523,
LKA,Sri Lanka,1995,45.4489113335708,0.373858514173061,0.468313692988209,0.416676319219235,0.236585530311741,0.464880287501646
LSO,Lesotho,1995,39.1840859531393,0.314739858086905,0.359270070903574,0.462317675581916,0.122631827775226,0.53105813902412
LTU,Lithuania,1995,56.4975059961583,0.539739119983369,0.682326638833047,0.603234961701815,0.333655759415246,0.409789000060204
LUX,Luxembourg,1995,62.2802841454682,0.59763949695129,0.684123179826497,0.846863261214094,0.261932049813278,0.352033814041925
LVA,Latvia,1995,55.0993403359998,0.523395239387192,0.61463554068695,0.541215268521182,0.414334908953442,0.421408432667195
MAR,Morocco,1995,43.8312534598671,0.394689887837002,0.497635808488462,0.484866032327957,0.201567822694587,0.518064818639661
MCO,Monaco,1995,63.4067387252851,0.678679909282927,,0.756497050240907,0.600862768324948,0.410545134777225
MDA,"Moldova, Republic of",1995,45.9231528495183,0.420070350153687,0.434339819558486,0.474988762839145,0.35088246806343,0.501607293163321
MDG,Madagascar,1995,37.3412422414091,0.304610943137197,0.296872352470324,0.44001433247416,0.176946144467107,0.557786098309015
MDV,Maldives,1995,41.5787088655289,0.441601776777576,0.632215977551434,0.577708674636958,0.114880678144335,0.610027599466997
MEX,Mexico,1995,46.1503708717888,0.351361500082686,0.471329315370073,0.40284241391437,0.179912770963614,0.428354082646909
MHL,Marshall Islands,1995,43.2031736812395,0.412091758337663,0.587499522262913,0.505688776115641,0.143086976634437,0.548028284712874
MKD,Macedonia,1995,48.5766610577398,0.392031187922194,0.487081130151937,0.378527520134073,0.310484913480571,0.420497966767398
MLI,Mali,1995,34.7182208302762,0.323130858927899,0.307074138825992,0.431495430255473,0.230823007702231,0.628766442322375
MLT,Malta,1995,52.8603485117543,0.471237932236672,0.536806818363525,0.68217389763421,0.194733080712281,0.414030962001586
MMR,Myanmar,1995,31.1634221855537,0.176487242506792,0.205729978141861,0.19077461884862,0.132957130529896,0.553218798795718
MNE,Montenegro,1995,47.9112549888591,0.412009375836088,0.477585127757982,0.4764329833343,0.282010016415983,0.453784276058907
MNG,Mongolia,1995,47.1350943735268,0.421044628976855,0.438670766596269,0.535775714521707,0.288687405812588,0.478342741506318
MOZ,Mozambique,1995,39.0343506985309,0.313002447720132,0.361740314769569,0.413974713790469,0.163292314600359,0.532315433749514
MRT,Mauritania,1995,35.385610869945,0.354109622659666,0.402969097364172,0.415929395795631,0.243430374819194,0.646397405260766
MUS,Mauritius,1995,49.8172361124361,0.489724960681684,0.630483598736321,0.622393708533574,0.216297574775157,0.493380238432962
MWI,Malawi,1995,34.1449951193255,0.312991828003923,0.381277698073347,0.409159353210923,0.1485384327275,0.630091925617413
MYS,Malaysia,1995,52.0120851299958,0.455626368386266,0.606647349483928,0.587067634542049,0.17316412113282,0.415384665786349
NAM,Namibia,1995,42.4141564758682,0.42154511519228,0.512649758219444,0.61549752805687,0.136488059300525,0.573261985674917
NER,Niger,1995,33.0754863132082,0.273099444853616,0.281409267490979,0.33212861467723,0.205760452392638,0.611589718589451
NGA,Nigeria,1995,34.7436949648596,0.23266261252435,0.267197344989216,0.270334759649588,0.160455732934245,0.537788713227158
NIC,Nicaragua,1995,41.0933491923722,0.309402297675126,0.373353669048662,0.379367570388451,0.175485653588265,0.487535313827682
NLD,Netherlands,1995,65.6233478535622,0.679463641032999,0.681685017049672,0.863704695449603,0.493001210599721,0.366996683961754
NOR,Norway,1995,74.7581821040663,0.767919752003117,0.839074840511637,0.861937254698018,0.602747160799694,0.27275610992179
NPL,Nepal,1995,40.413022343492,0.386146721424991,0.523910220517681,0.422570459854539,0.211959483902753,0.577886274555151
NRU,Nauru,1995,52.4482993267832,0.54655575190141,,0.54655575190141,,0.497589765365746
NZL,New Zealand,1995,72.9152089826986,0.769759395759685,0.841609246555969,0.869720158449563,0.597948782273523,0.311455216105714
OMN,Oman,1995,48.2251214751501,0.456286648894221,0.685181855769067,0.591132431325617,0.0925456595879791,0.49178421939122
PAK,Pakistan,1995,38.0333753084344,0.327089865828898,0.41188305714035,0.320662106555964,0.24872443379038,0.566422359660211
PAN,Panama,1995,47.331538928857,0.391545704492099,0.550056308190224,0.486457608028859,0.138123197257213,0.444914925914958
PER,Peru,1995,46.4037020670729,0.401992235195092,0.54652738838166,0.41552670573458,0.243922611469038,0.473918193853635
PHL,Philippines,1995,43.9971971351206,0.370972753220059,0.45609079801491,0.453837770459413,0.202989691185853,0.491028810517647
PLW,Palau,1995,47.4586627365323,0.465646414692738,0.544634604120703,0.546630444947371,0.30567419501014,0.516473159962092
PNG,Papua New Guinea,1995,40.2291406280855,0.346027175830215,0.497122511061761,0.39377585646257,0.147183159966313,0.541444363268504
POL,Poland,1995,58.0283518032804,0.488866088147247,0.451214472461257,0.633405679563039,0.381978112417447,0.328299052081639
PRK,"Korea, Democratic People's Repub",1995,41.7373675843637,0.381126388154046,,0.268120558747516,0.494132217560576,0.546379036466772
PRT,Portugal,1995,55.4521792522954,0.521145565673772,0.571197745952441,0.760494578252084,0.231744372816791,0.412101980627865
PRY,Paraguay,1995,42.8687364539581,0.298589491025819,0.435879711838587,0.338435033643923,0.121453727594947,0.441214761946657
QAT,Qatar,1995,49.1968483171478,0.432997670777548,0.664457472166044,0.502190401627585,0.132345138539016,0.449060704434593
ROU,Romania,1995,49.9612170420009,0.434012314329311,0.449674580181156,0.489410596576524,0.362951766230253,0.434787973489293
RUS,Russian Federation,1995,50.9446038223905,0.360690251749549,0.417689734279897,0.311775857937422,0.352605163031329,0.341798175301739
RWA,Rwanda,1995,29.880070208822,0.252591440830949,0.391094511358989,0.213697447993378,0.152982363140481,0.65499003665451
SAU,Saudi Arabia,1995,46.0092896292782,0.403213697711306,0.618480688374464,0.461683922467919,0.129476482291535,0.483027905125742
SDN,Sudan,1995,31.9661062325466,0.253309113609493,0.408257894064279,0.156864731948319,0.19480471481588,0.613986988958561
SEN,Senegal,1995,38.7511618758999,0.326181361701442,0.280190186102565,0.450342650104487,0.248011248897273,0.551158124183444
SGP,Singapore,1995,64.6648308145667,0.686836733771989,0.88267304069199,0.825802072626047,0.35203508799793,0.393540117480655
SLB,Solomon Islands,1995,44.1163041743903,0.505508391883058,0.45634744672826,0.554669337037855,,0.623182308395252
SLE,Sierra Leone,1995,31.1509933199745,0.230387633143407,0.21458435875244,0.226717176121485,0.249861364556295,0.607367766743916
SLV,El Salvador,1995,43.4776605466151,0.335300197650351,0.471168909924229,0.374065035522495,0.160666647504328,0.465746986718048
SMR,San Marino,1995,,0.609889526245726,0.568053799213903,0.698712575919631,0.562902203603643,
SOM,Somalia,1995,26.9481009261618,0.214066640715537,0.394377476150593,0.0337558052804808,,0.6751046221923
SRB,Serbia,1995,42.8555283243022,0.325175317550942,0.346084743255211,0.258894244065024,0.37054696533259,0.468064751064898
STP,Sao Tome and Principe,1995,39.576600172901,0.365376045342687,0.344013221497457,0.53655515863375,0.215559755896855,0.573844041884666
SUR,Suriname,1995,44.4021779190181,0.349674790821393,0.376497615787201,0.487463313703432,0.185063442973545,0.46163123244103
SVK,Slovakia,1995,54.5938950948355,0.489896933526239,0.546334901846648,0.589074618816081,0.334281279915989,0.398019031629529
SVN,Slovenia,1995,60.1518259267646,0.596780614914115,0.54392882015899,0.724726335047425,0.521686689535929,0.393744096378823
SWE,Sweden,1995,71.1713271288808,0.749048447256799,0.775393878511636,0.857868498531348,0.613882964727415,0.325621904679184
SWZ,Swaziland,1995,40.511232742274,0.359281572794562,0.39994889196957,0.470840764383138,0.207055062030979,0.549056917949082
SYC,Seychelles,1995,48.039155473765,0.464008682775018,0.57434169269098,0.60604148666296,0.211642868971113,0.503225573299718
SYR,Syrian Arab Republic,1995,42.6304051345816,0.349338746411878,0.446306065818436,0.365470691064539,0.23623948235266,0.496730643720246
TCD,Chad,1995,29.5257899925292,0.236915359165273,0.219653170841105,0.256158357162565,0.234934549492148,0.646399559314689
TGO,Togo,1995,37.6702316793043,0.308458106648045,0.33155200986176,0.35923198918121,0.234590320901166,0.555053473061959
THA,Thailand,1995,49.8020895956643,0.454343732406273,0.611202864145892,0.541360507597995,0.210467825474931,0.458301940492987
TJK,Tajikistan,1995,40.1841794338966,0.230527198316139,0.297866866234556,0.141758281062361,0.251956447651501,0.426843609638207
TKM,Turkmenistan,1995,39.300527389415,0.24693625405889,,0.290477768626127,0.203394739491654,0.460925706270589
TLS,Timor-Leste,1995,40.7368557501655,0.38478684015765,0.393778629152776,0.439772845971553,0.320809045348622,0.57004972515434
TON,Tonga,1995,41.3267093993917,0.429420504425195,0.606711511662266,0.55090659661229,0.130643405001029,0.602886316437361
TTO,Trinidad and Tobago,1995,49.0379708402585,0.39820134792525,0.458817690594254,0.609886559010163,0.125899794171334,0.417441931120081
TUN,Tunisia,1995,49.5654866163023,0.422050109414934,0.609598809687454,0.469111084711794,0.187440433845554,0.430740377088888
TUR,Turkey,1995,47.506321918864,0.378831110297012,0.499656917106093,0.431226195706016,0.205610218078926,0.428704671919732
TUV,Tuvalu,1995,41.94112921585,0.399805361357903,,0.614483869111007,0.185126853604799,0.560982777040903
TZA,"Tanzania, United Republic of",1995,38.7949247110779,0.320576929650857,0.381117292627504,0.385749232868317,0.194864263456751,0.544678435429298
UGA,Uganda,1995,37.4613798026155,0.309265862417081,0.373866966475362,0.357232441388118,0.196698179387762,0.56003826636477
UKR,Ukraine,1995,43.7138792717064,0.309268490547164,0.214937250733296,0.356072714008699,0.356795506899498,0.434990905113036
URY,Uruguay,1995,50.4148791337489,0.432364999379273,0.443579173239091,0.634632505071105,0.218883319827622,0.424067416704294
USA,United States,1995,69.9180431696079,0.720721636246277,0.827268999697531,0.782147295185045,0.552748613856256,0.322360772854119
UZB,Uzbekistan,1995,42.3461511394729,0.26442159176206,0.331487847683423,0.254774731150578,0.207002196452179,0.417498568972603
VCT,Saint Vincent and the Grenadines,1995,52.2807928346578,0.486686849461224,0.68660258971797,0.606281808306544,0.167176150359158,0.441070992768067
VEN,"Venezuela, Bolivarian Republic o",1995,44.5771526549045,0.282908732160241,0.296166568508611,0.362741923809404,0.189817704162708,0.391365679062152
VNM,Viet Nam,1995,41.8325310888198,0.379378761390422,0.514093407232038,0.411918131948246,0.212124744990983,0.542728139614027
VUT,Vanuatu,1995,41.1406896728246,0.410302267826008,0.533727033803322,0.565954103060272,0.13122566661443,0.587488474369516
WSM,Samoa,1995,45.1178181230169,0.435592498162801,0.600263212739343,0.602040137275563,0.104474144473496,0.533236135702462
YEM,Yemen,1995,35.2603568825332,0.322081308550142,0.474729910821962,0.288774783944465,0.202739230884,0.616874170899478
ZAF,South Africa,1995,46.0855960365966,0.395617766462035,0.471618045172592,0.535808211690871,0.179427042522641,0.473905845730102
ZMB,Zambia,1995,41.7848559074362,0.337732381672227,0.473831640325237,0.398688821120618,0.140676683570826,0.502035263523503
ZWE,Zimbabwe,1995,38.7261546019448,0.285374731415527,0.400430108307101,0.355932649412519,0.0997614365269613,0.510851639376631
AFG,Afghanistan,1996,29.7808962054206,0.243881397976556,0.350415690292995,0.0673936181948856,0.313834885441789,0.648263473868145
AGO,Angola,1996,32.6217402691539,0.169027516582366,0.237613997762875,0.17297273031676,0.0964958216674616,0.516592711199287
ALB,Albania,1996,41.5689588445017,0.335026218556213,0.399788486523725,0.36659443902122,0.238695730123695,0.503647041666179
AND,Andorra,1996,49.737767147447,0.44613267084885,,0.753017822784559,0.139247518913142,0.451377327899909
ARE,United Arab Emirates,1996,52.4318062195177,0.511944158819212,0.714343565823475,0.61787658531349,0.203612325320671,0.463308034428859
ARG,Argentina,1996,48.856396193558,0.388752765283208,0.418299274974103,0.509056766031725,0.238902254843796,0.411624841412048
ARM,Armenia,1996,47.7224728220666,0.383927105324568,0.532636276771585,0.36815312228271,0.250991916919408,0.429477648883236
ATG,Antigua and Barbuda,1996,49.2428597504115,0.498614385745377,0.61723410890962,0.660137738891279,0.218471309435233,0.513757190737148
AUS,Australia,1996,68.3397990741597,0.698930891742767,0.769009741767052,0.822354537759285,0.505428395701963,0.332134910259572
AUT,Austria,1996,68.2306668556445,0.704624711339245,0.714279403645137,0.832978979282285,0.566615751090311,0.340011374226355
AZE,Azerbaijan,1996,41.5967507807202,0.304099234148781,0.413390868331282,0.252316905527612,0.24658992858745,0.472164218534378
BDI,Burundi,1996,30.8171048609752,0.212940338545094,0.288723755821457,0.195497522522087,0.154599737291737,0.59659824132559
BEL,Belgium,1996,59.6259301022198,0.596619113062058,0.607000241464784,0.766000167725811,0.416856929995579,0.404100511017661
BEN,Benin,1996,37.9044447796088,0.353455028214565,0.318270438945891,0.486568392296934,0.25552625340087,0.595366132622388
BFA,Burkina Faso,1996,36.1394557424511,0.291719144937179,0.253691206449165,0.451614712866221,0.169851515496152,0.568930030088158
BGD,Bangladesh,1996,34.9175312215138,0.292807241326073,0.328985522728259,0.320978036812807,0.228458164437153,0.594456616895797
BGR,Bulgaria,1996,51.0247030128075,0.433526345451015,0.504469080481408,0.453868430637262,0.342241525234375,0.413032285194865
BHR,Bahrain,1996,46.3809740137118,0.437859878271877,0.677001178031031,0.515123062339602,0.121455394444998,0.510240397997641
BHS,Bahamas,1996,49.1220645152639,0.474358837516472,0.572480989519192,0.714642658201942,0.135952864828281,0.491917547211194
BIH,Bosnia and Herzegovina,1996,44.9627993827501,0.325116327285032,0.358179313871835,0.362929888404261,0.254239779579001,0.42586033963003
BLR,Belarus,1996,47.7918362850002,0.355593952199962,0.29542870345773,0.394608162847636,0.376744990294521,0.399757226499958
BLZ,Belize,1996,43.7362712532502,0.398961156493154,0.493112374915665,0.549765171423429,0.154005923140369,0.52423573142815
BOL,"Bolivia, Plurinational State of",1996,41.9198983957208,0.335591558231295,0.427281979941357,0.446629129344892,0.132863565407635,0.497193590316879
BRA,Brazil,1996,47.3837617215628,0.370317702721674,0.434628549361005,0.486975013245768,0.189349545558251,0.422642468290419
BRB,Barbados,1996,52.8436224419546,0.48151059031005,0.522723220218436,0.729661704378269,0.192146846333447,0.424638141470959
BRN,Brunei Darussalam,1996,51.9773224636688,0.491026186550263,0.558686121176622,0.719540664490941,0.194851773983225,0.451479737276888
BTN,Bhutan,1996,42.4135880125578,0.407790351883729,0.507058482678602,0.547861343127562,0.168451229845023,0.559518591632572
BWA,Botswana,1996,43.8091481304157,0.423463376965826,0.496994186705086,0.661790084778184,0.111605859414208,0.547280414357512
CAF,Central African Republic,1996,31.625020281357,0.20627275201868,0.185935946124732,0.222157834184502,0.210724475746804,0.57377234639154
CAN,Canada,1996,66.8257530933587,0.652094780755573,0.713734025129268,0.829515450590521,0.41303486654693,0.315579718888399
CHE,Switzerland,1996,70.5289367933214,0.725449660298571,0.794289640032039,0.84915058721015,0.532908753653523,0.314870924432143
CHL,Chile,1996,57.2844311506054,0.524659143465249,0.62971365259627,0.744157606516729,0.200106171282749,0.378970520453142
CHN,China,1996,47.2627311786172,0.359290508369374,0.427410304298032,0.437287939812778,0.213173280997313,0.41403588479703
CIV,Cote d'Ivoire,1996,39.7619569368912,0.289999914859787,0.245446366532793,0.430167816052391,0.194385561994178,0.494760776121963
CMR,Cameroon,1996,39.2350292323119,0.276476659800352,0.337583254625488,0.250290074955273,0.241556649820297,0.491776075154115
COD,"Congo, the Democratic Republic o",1996,29.5074399862753,0.173955298722996,0.261922297327324,0.0956955001737887,0.164248098667874,0.583806498997489
COG,Congo,1996,32.9783311056743,0.245450415903794,0.26684445300836,0.260240438586879,0.209266356116143,0.585883793790308
COL,Colombia,1996,42.3837782134187,0.294349395762382,0.408289975153448,0.326303136539559,0.14845507559414,0.446673831494007
COM,Comoros,1996,37.1946194580052,0.31062783179084,0.465591383421602,0.322198659455542,0.144093452495376,0.566735442630735
CPV,Cape Verde,1996,45.8404524910107,0.408872069142777,0.442383006914369,0.633223561984009,0.151009638529954,0.492063019322563
CRI,Costa Rica,1996,49.0176024823542,0.421216605457881,0.455673743855715,0.627080935644058,0.180895136873869,0.440864555810798
CUB,Cuba,1996,39.4970863261477,0.257693133521892,,0.397700881921605,0.117685385122179,0.467751406998938
CYP,Cyprus,1996,55.141383823589,0.483469831373157,0.583677289639091,0.70024244160609,0.16648976287429,0.380642154901377
CZE,Czech Republic,1996,60.1207011472817,0.512848470175088,0.499175700768562,0.660852716809125,0.378516992947577,0.310434447229453
DEU,Germany,1996,69.765580052056,0.72312159300111,0.770485471868815,0.816471279746003,0.582408027388514,0.32780999195999
DJI,Djibouti,1996,34.9388695147915,0.313536626359071,0.411145192089468,0.357683509047544,0.171781177940202,0.614759236063242
DMA,Dominica,1996,56.5693946826531,0.607955627939099,0.557370796520703,0.658540459357496,,0.476567734286037
DNK,Denmark,1996,71.5729051550794,0.769726924538198,0.819312889583677,0.867008142153655,0.622859741877263,0.33826882143661
DOM,Dominican Republic,1996,42.4788588529714,0.344146395215589,0.429206845291484,0.429287115606743,0.17394522474854,0.49456921815616
DZA,Algeria,1996,41.1765116535306,0.293918375243707,0.385319915308612,0.286931764942139,0.209503445480371,0.470388142173096
ECU,Ecuador,1996,41.7779600145212,0.337697713870481,0.434083170845136,0.390348161149611,0.188661809616695,0.502138513580057
EGY,Egypt,1996,41.0374574761533,0.340321363517779,0.295236216922717,0.436946106401686,0.288781767228933,0.519572213994712
ERI,Eritrea,1996,32.2752067023638,0.274213954215826,0.349207302600971,0.352789103079462,0.120645456967046,0.62870982016855
ESP,Spain,1996,59.9088996754407,0.541956444414043,0.573250935659243,0.705688337495645,0.346930060087242,0.343778450905229
EST,Estonia,1996,59.1231705240754,0.56810973932116,0.75268046738015,0.636893702490107,0.314755048093221,0.385646328839652
ETH,Ethiopia,1996,36.3147415795745,0.305188254390337,0.437804577188713,0.275060700399281,0.202699485583017,0.578893422798846
FIN,Finland,1996,72.8231118173907,0.773104516334438,0.788418800714156,0.864071241904112,0.666823506385048,0.316642279986624
FJI,Fiji,1996,46.7213016878773,0.454739731294379,0.576651531111132,0.57377275084873,0.213794911923275,0.520313697536832
FRA,France,1996,64.5919966299987,0.6281896350731,0.603535483834557,0.72548973984255,0.555543681542193,0.336349702473126
FSM,"Micronesia, Federated States of",1996,37.6995152038567,0.407176083533265,0.480806985713074,0.593448353363694,0.147272911523026,0.653185779456131
GAB,Gabon,1996,41.7832779328545,0.320809168755307,0.339604363243121,0.384095199657254,0.238727943365546,0.485143610098218
GBR,United Kingdom,1996,71.633815815543,0.700661975098773,0.741708734884432,0.831433714737685,0.528843475674201,0.267985658787912
GEO,Georgia,1996,43.9811265657778,0.32425295139085,0.434275657380149,0.219717059740598,0.318766137051804,0.444630420075293
GHA,Ghana,1996,41.0916747210967,0.343608807265869,0.439986091252189,0.419713173179664,0.171127157365754,0.521775312843935
GIN,Guinea,1996,39.0547032558445,0.30183930249408,0.345058148401811,0.321722462165742,0.238737296914686,0.52074523737719
GMB,Gambia,1996,38.0091516151584,0.351037607583778,0.407680434459241,0.465298088804372,0.180134299487721,0.59085457528061
GNB,Guinea-Bissau,1996,28.5888812442046,0.243011096333882,0.25627602563362,0.209066789083674,0.263690474284353,0.67123347144979
GNQ,Equatorial Guinea,1996,40.090565121179,0.270565426067666,0.428450648189648,0.26144083636773,0.121804793645619,0.468754123644086
GRC,Greece,1996,55.6721149314463,0.491289276982274,0.536806818363525,0.63998092852999,0.297080084053307,0.377846978353349
GRD,Grenada,1996,51.7569617066381,0.478069215269323,0.508671703162516,0.622049091480739,0.303486851164714,0.44292998113656
GTM,Guatemala,1996,39.0486529146635,0.288833412973366,0.416983950318183,0.316789716412713,0.132726572189201,0.507860354680096
GUY,Guyana,1996,41.3222581446793,0.356841258042542,0.461095447925236,0.448409690182048,0.161018636020342,0.530396095148955
HND,Honduras,1996,40.4708678157371,0.291215727349744,0.422822708546899,0.3200842688563,0.130740204646033,0.481798371035002
HRV,Croatia,1996,50.399539594979,0.428227857312284,0.523685652893499,0.404997254958849,0.356000664084505,0.420237065412704
HTI,Haiti,1996,35.6003496652321,0.268180687409061,0.399156030765826,0.267136902534675,0.138249128926681,0.556173694104419
HUN,Hungary,1996,56.1839535946031,0.542426120907238,0.556665012558991,0.666522723409127,0.404090626753596,0.418747049015177
IDN,Indonesia,1996,42.8693547284525,0.328596654209708,0.37367447994035,0.368022747786063,0.244092734902712,0.471209559640659
IND,India,1996,38.7319319715464,0.323719240730389,0.314645275869821,0.426307260839066,0.230205185482281,0.54908060129946
IRL,Ireland,1996,63.4110706569852,0.605319597997982,0.702216914117681,0.812112610430307,0.301629269445959,0.337098184858278
IRN,"Iran, Islamic Republic of",1996,43.4282766658941,0.323810203768851,0.436008036195262,0.343429142753731,0.191993432357558,0.455244670450968
IRQ,Iraq,1996,39.5230625855027,0.301194045558006,0.479523742146323,0.170350391812669,0.253708002715027,0.510732793847953
ISL,Iceland,1996,65.6579812431926,0.663697717936235,0.814372401851687,0.78582677942393,0.390893972533089,0.350538093072383
ISR,Israel,1996,59.77604727685,0.587664519249128,0.598145860854205,0.646977657814252,0.517870039078926,0.392143573712127
ITA,Italy,1996,58.1970783063123,0.536522027846729,0.531609681918185,0.664744781923472,0.413211619698531,0.372580461720483
JAM,Jamaica,1996,45.3794233296417,0.372179145561971,0.430746737571584,0.48929394318105,0.19649675593328,0.464590678969136
JOR,Jordan,1996,47.2970741741046,0.400122122034941,0.455128365339846,0.496892614855797,0.248345385909182,0.45418063855285
JPN,Japan,1996,65.361960752396,0.665619517593821,0.715883458103576,0.719001867238883,0.561973227439005,0.358380302545902
KAZ,Kazakhstan,1996,48.4511499905267,0.361186665889481,0.461833312976119,0.31426422263762,0.307462462054703,0.392163666078947
KEN,Kenya,1996,38.8781169625818,0.301888504158299,0.426062898552945,0.315751944248573,0.16385066967338,0.524326164906663
KGZ,Kyrgyzstan,1996,46.319262614571,0.32891274291023,0.369151046367553,0.357221669181122,0.260365513182015,0.402527490618811
KHM,Cambodia,1996,38.5672303507213,0.305926067430238,0.393981809384178,0.313823039413158,0.209973353493379,0.534581460415812
KIR,Kiribati,1996,41.2040019397945,0.425153643623436,0.546215743515449,0.595447485626527,0.133797701728333,0.601073604827547
KNA,Saint Kitts and Nevis,1996,48.3039767008682,0.481258945231045,0.636592754716602,0.602815337709967,0.204368743266567,0.51517941121368
KOR,"Korea, Republic of",1996,63.0517961956994,0.652547901489741,0.758166333628009,0.617938552458523,0.581538818382692,0.391511977575753
KWT,Kuwait,1996,48.2441907887312,0.428950599648423,0.554451417406346,0.591477449934366,0.140922931604557,0.464066783873799
LAO,Lao People's Democratic Republic,1996,37.6871874565622,0.311184404066724,0.38412374898389,0.337987382960426,0.211442080255854,0.557440654935481
LBN,Lebanon,1996,42.3770667189569,0.349139931264741,0.489166400947907,0.402538302240489,0.155715090605826,0.501598596885602
LBR,Liberia,1996,30.827541341393,0.192014549406406,0.241275824940852,0.0827215349883806,0.252046288289986,0.575463722578546
LBY,Libyan Arab Jamahiriya,1996,38.507940974588,0.256165746065435,0.301042894062264,0.280969172888593,0.186485171245448,0.486006926573675
LCA,Saint Lucia,1996,55.1836257002341,0.470474671711519,0.578448072104582,0.608985179138074,0.223990763891901,0.366802157706837
LIE,Liechtenstein,1996,,0.556162069966839,0.609306024758481,0.780059627780514,0.279120557361523,
LKA,Sri Lanka,1996,45.4158323278127,0.372218740037023,0.468313692988209,0.416676319219235,0.231666207903625,0.46390209348077
LSO,Lesotho,1996,39.1161066059752,0.31331149955521,0.359270070903574,0.462317675581916,0.11834675218014,0.530989367435706
LTU,Lithuania,1996,56.6871192185589,0.539381419006953,0.682326638833047,0.603234961701815,0.332582656485997,0.405639034635775
LUX,Luxembourg,1996,63.4544175741319,0.620857933202167,0.684123179826497,0.846863261214094,0.33158735856591,0.351769581719529
LVA,Latvia,1996,54.8389475131106,0.519842981379047,0.61463554068695,0.541215268521182,0.403678134929008,0.423064031116834
MAR,Morocco,1996,44.0257087090852,0.394785029798011,0.497635808488462,0.484866032327957,0.201853248577614,0.514270855616306
MCO,Monaco,1996,63.5111239175725,0.679507779744168,,0.756497050240907,0.602518509247429,0.409285301392718
MDA,"Moldova, Republic of",1996,45.7630940627238,0.422810477047101,0.434339819558486,0.474988762839145,0.359102848743671,0.507548595792625
MDG,Madagascar,1996,37.4382592096536,0.304101548086212,0.296872352470324,0.44001433247416,0.175417959314152,0.555336363893139
MDV,Maldives,1996,41.4854579095329,0.441726602580328,0.632215977551434,0.577708674636958,0.115255155552593,0.612017444389671
MEX,Mexico,1996,46.1125904162299,0.351146429834885,0.471329315370073,0.40284241391437,0.179267560220212,0.428894621510287
MHL,Marshall Islands,1996,43.2872960624524,0.412157920110132,0.587499522262913,0.505688776115641,0.143285461951841,0.546411998861083
MKD,Macedonia,1996,48.0924003303533,0.382471574397676,0.487081130151937,0.378527520134073,0.281806072907019,0.42062356779061
MLI,Mali,1996,34.6778435616727,0.323209929410926,0.307074138825992,0.431495430255473,0.231060219151311,0.629653058177471
MLT,Malta,1996,52.8538615501743,0.464659901347138,0.536806818363525,0.68217389763421,0.174998988043679,0.407582670343653
MMR,Myanmar,1996,31.231422751445,0.177074474902756,0.205729978141861,0.19077461884862,0.134718827717786,0.552446019873857
MNE,Montenegro,1996,47.9136356625073,0.412009375836088,0.477585127757982,0.4764329833343,0.282010016415983,0.453736662585943
MNG,Mongolia,1996,47.2289340106276,0.419274795134151,0.438670766596269,0.535775714521707,0.283377904284477,0.474696114921599
MOZ,Mozambique,1996,39.0661394984971,0.313012158771307,0.361740314769569,0.413974713790469,0.163321447753883,0.531689368801365
MRT,Mauritania,1996,35.3649143187584,0.353971289514162,0.402969097364172,0.415929395795631,0.243015375382684,0.646673003138995
MUS,Mauritius,1996,49.7874417548362,0.490429425726384,0.630483598736321,0.622393708533574,0.218410969909255,0.49468059062966
MWI,Malawi,1996,34.2245765392841,0.313035747440622,0.381277698073347,0.409159353210923,0.148670191037596,0.628544216654939
MYS,Malaysia,1996,52.1633060830715,0.45915600648442,0.606647349483928,0.587067634542049,0.183753035427284,0.41588988482299
NAM,Namibia,1996,42.4129488483177,0.421139746409215,0.512649758219444,0.61549752805687,0.13527195295133,0.57288076944286
NER,Niger,1996,32.8065839349935,0.273101199239581,0.281409267490979,0.33212861467723,0.205765715550533,0.61696952053971
NGA,Nigeria,1996,34.7752977795485,0.232662305400095,0.267197344989216,0.270334759649588,0.160454811561481,0.537156349809124
NIC,Nicaragua,1996,41.2129211697349,0.309501886562498,0.373353669048662,0.379367570388451,0.175784420250382,0.4852434631678
NLD,Netherlands,1996,65.9942686465295,0.685987203915256,0.681685017049672,0.863704695449603,0.512571899246493,0.366101830984666
NOR,Norway,1996,74.9210065863712,0.771683429431116,0.839074840511637,0.861937254698018,0.614038193083692,0.273263297703691
NPL,Nepal,1996,40.0022251393333,0.385309590964017,0.523910220517681,0.422570459854539,0.20944809251983,0.58526508817735
NRU,Nauru,1996,52.1699255719621,0.54655575190141,,0.54655575190141,,0.503157240462169
NZL,New Zealand,1996,73.0767117405341,0.770722873194876,0.841609246555969,0.869720158449563,0.600839214579096,0.309188638384193
OMN,Oman,1996,48.4168748868908,0.45631506426616,0.685181855769067,0.591132431325617,0.0926309057037948,0.487977566528343
PAK,Pakistan,1996,38.0540926906834,0.32709020737989,0.41188305714035,0.320662106555964,0.248725458443356,0.566008353566223
PAN,Panama,1996,47.597529227453,0.395407866146077,0.550056308190224,0.486457608028859,0.149709682219148,0.443457281597018
PER,Peru,1996,46.3668775342153,0.401508043394386,0.54652738838166,0.41552670573458,0.242470036066918,0.47417049271008
PHL,Philippines,1996,44.0469975646631,0.371726961879461,0.45609079801491,0.453837770459413,0.205252317164061,0.4907870105862
PLW,Palau,1996,47.5116163785833,0.465646414692738,0.544634604120703,0.546630444947371,0.30567419501014,0.515414087121072
PNG,Papua New Guinea,1996,40.031726253909,0.34618404981324,0.497122511061761,0.39377585646257,0.147653781915389,0.54554952473506
POL,Poland,1996,57.9690542852119,0.487312017104403,0.451214472461257,0.633405679563039,0.377315899288915,0.327930931400166
PRK,"Korea, Democratic People's Repub",1996,41.7275384085432,0.381117616224221,,0.268120558747516,0.494114673700926,0.546566848053357
PRT,Portugal,1996,55.6815237621477,0.522212001581792,0.571197745952441,0.760494578252084,0.234943680540852,0.408581526338838
PRY,Paraguay,1996,42.9939712149218,0.298977887699159,0.435879711838587,0.338435033643923,0.122618917614968,0.439098463400724
QAT,Qatar,1996,49.2993985820746,0.434784869042202,0.664457472166044,0.502190401627585,0.137706733332976,0.44879689740071
ROU,Romania,1996,50.0833050451687,0.43460146588927,0.449674580181156,0.489410596576524,0.364719220910129,0.432935364985896
RUS,Russian Federation,1996,51.1246864995626,0.362628542692021,0.417689734279897,0.311775857937422,0.358420035858744,0.34013481270077
RWA,Rwanda,1996,29.8715471807082,0.252594839953756,0.391094511358989,0.213697447993378,0.152992560508903,0.655163896339592
SAU,Saudi Arabia,1996,46.066075457825,0.403523562327285,0.618480688374464,0.461683922467919,0.130406076139472,0.482202053170785
SDN,Sudan,1996,32.1764779892033,0.253319097268228,0.408257894064279,0.156864731948319,0.194834665792085,0.609789537484162
SEN,Senegal,1996,38.7060586849073,0.326202966871225,0.280190186102565,0.450342650104487,0.248076064406623,0.552081793173079
SGP,Singapore,1996,65.3121015699119,0.699480017489148,0.88267304069199,0.825802072626047,0.389964939149406,0.393237986090909
SLB,Solomon Islands,1996,44.1131761125526,0.505508391883058,0.45634744672826,0.554669337037855,,0.623244869632006
SLE,Sierra Leone,1996,31.1201838863035,0.230389938552763,0.21458435875244,0.226717176121485,0.249868280784365,0.607986260826694
SLV,El Salvador,1996,43.3872294193818,0.333132366668658,0.471168909924229,0.374065035522495,0.15416315455925,0.465387778281023
SMR,San Marino,1996,,0.610344200668091,0.568053799213903,0.698712575919631,0.56426622687074,
SOM,Somalia,1996,26.8941076684682,0.214066640715537,0.394377476150593,0.0337558052804808,,0.676184487346174
SRB,Serbia,1996,42.6061126337349,0.325175317550942,0.346084743255211,0.258894244065024,0.37054696533259,0.473053064876244
STP,Sao Tome and Principe,1996,39.6057243042054,0.365383355284208,0.344013221497457,0.53655515863375,0.215581685721417,0.5732688692001
SUR,Suriname,1996,44.4036403800588,0.349771654739215,0.376497615787201,0.487463313703432,0.185354034727013,0.461698847138038
SVK,Slovakia,1996,54.2218331909957,0.484641380293443,0.546334901846648,0.589074618816081,0.3185146202176,0.400204716473529
SVN,Slovenia,1996,59.8846629964707,0.59232146814029,0.54392882015899,0.724726335047425,0.508309249214455,0.394628208210876
SWE,Sweden,1996,71.1712919356421,0.750077588172208,0.775393878511636,0.857868498531348,0.61697038747364,0.326651749459365
SWZ,Swaziland,1996,40.5497901983738,0.359309906566492,0.39994889196957,0.470840764383138,0.207140063346768,0.548314102599017
SYC,Seychelles,1996,48.5962063710647,0.464396260963776,0.57434169269098,0.60604148666296,0.212805603537387,0.492472133542482
SYR,Syrian Arab Republic,1996,42.7241555444191,0.348646855609682,0.446306065818436,0.365470691064539,0.234163809946072,0.494163744721301
TCD,Chad,1996,29.5273268613631,0.236916207118489,0.219653170841105,0.256158357162565,0.234937093351797,0.646369669891226
TGO,Togo,1996,37.7005453069849,0.308455876222564,0.33155200986176,0.35923198918121,0.234583629624722,0.554444970082866
THA,Thailand,1996,49.8096822132878,0.455430304805209,0.611202864145892,0.541360507597995,0.213727542671741,0.459236660539454
TJK,Tajikistan,1996,40.1990065317836,0.229642007697012,0.297866866234556,0.141758281062361,0.24930087579412,0.42566187706134
TKM,Turkmenistan,1996,39.2128079105301,0.246983951427312,,0.290477768626127,0.203490134228497,0.46272779321671
TLS,Timor-Leste,1996,40.7345047802894,0.38478684015765,0.393778629152776,0.439772845971553,0.320809045348622,0.570096744551862
TON,Tonga,1996,41.4665089918871,0.429692070984867,0.606711511662266,0.55090659661229,0.131458104680046,0.600361891147124
TTO,Trinidad and Tobago,1996,48.785177384082,0.392162966053464,0.458817690594254,0.609886559010163,0.107784648555975,0.416459418371823
TUN,Tunisia,1996,49.7913263581699,0.42350726017077,0.609598809687454,0.469111084711794,0.191811886113061,0.427680733007372
TUR,Turkey,1996,47.6151465272639,0.380047997427382,0.499656917106093,0.431226195706016,0.209260879470036,0.427745066882104
TUV,Tuvalu,1996,41.9213724937471,0.399792203463166,,0.614483869111007,0.185100537815325,0.561364753588223
TZA,"Tanzania, United Republic of",1996,38.7162757948724,0.320606715322176,0.381117292627504,0.385749232868317,0.194953620470708,0.546281199424729
UGA,Uganda,1996,37.3698155125179,0.309385951408605,0.373866966475362,0.357232441388118,0.197058446362335,0.561989641158247
UKR,Ukraine,1996,43.4583392201046,0.30600654898571,0.214937250733296,0.356072714008699,0.347009682215137,0.436839764583619
URY,Uruguay,1996,50.4436871864261,0.43098505460386,0.443579173239091,0.634632505071105,0.214743485501383,0.422111310875339
USA,United States,1996,70.1221307177581,0.722061197997438,0.827268999697531,0.782147295185045,0.556767299109739,0.319618583642276
UZB,Uzbekistan,1996,42.2659266515824,0.26191506050489,0.331487847683423,0.254774731150578,0.199482602680669,0.416596527473243
VCT,Saint Vincent and the Grenadines,1996,52.4184458315493,0.48705776114342,0.68660258971797,0.606281808306544,0.168288885405747,0.438688844512435
VEN,"Venezuela, Bolivarian Republic o",1996,44.5102128475058,0.282209782302811,0.296166568508611,0.362741923809404,0.187720854590418,0.392005525352694
VNM,Viet Nam,1996,41.9391428198664,0.380132682041981,0.514093407232038,0.411918131948246,0.214386506945658,0.541349825644652
VUT,Vanuatu,1996,41.1983284887656,0.410325447529305,0.533727033803322,0.565954103060272,0.131295205724323,0.586358877753993
WSM,Samoa,1996,45.1596210595324,0.435624661905491,0.600263212739343,0.602040137275563,0.104570635701566,0.532432240714842
YEM,Yemen,1996,35.3581720062579,0.322087952626713,0.474729910821962,0.288774783944465,0.202759163113712,0.614924512501554
ZAF,South Africa,1996,46.0108334640449,0.393888951090713,0.471618045172592,0.535808211690871,0.174240596408677,0.473672281809815
ZMB,Zambia,1996,41.7655313774631,0.337816794207535,0.473831640325237,0.398688821120618,0.140929921176751,0.502506166658273
ZWE,Zimbabwe,1996,38.5125362656541,0.284063790979794,0.400430108307101,0.355932649412519,0.0958286152197623,0.513813065666712
AFG,Afghanistan,1997,29.8183447943291,0.244789007024173,0.350415690292995,0.0701190769166818,0.313832253862841,0.64842211113759
AGO,Angola,1997,32.548362045812,0.167461733036004,0.237613997762875,0.1682518917308,0.0965193096143381,0.516494492119763
ALB,Albania,1997,41.5151762473769,0.331617450064512,0.399788486523725,0.354369420152433,0.240694443517377,0.501313925116974
AND,Andorra,1997,49.8020874574107,0.447519205943891,,0.753393552237332,0.14164485965045,0.451477456795677
ARE,United Arab Emirates,1997,52.465460216563,0.511783117005059,0.714343565823475,0.613888023968642,0.207117761223061,0.462473912673799
ARG,Argentina,1997,48.6013848410768,0.38348859324191,0.418299274974103,0.50004476514022,0.232121739611408,0.411460896420375
ARM,Armenia,1997,47.5799741920669,0.383670178694581,0.532636276771585,0.37656194085049,0.241812318461669,0.432070694853243
ATG,Antigua and Barbuda,1997,49.3314604766485,0.499413924727341,0.61723410890962,0.6605134712322,0.220494194040203,0.512784715194371
AUS,Australia,1997,68.4391301377505,0.702198510136955,0.769009741767052,0.826890836494494,0.51069495214932,0.333415907381946
AUT,Austria,1997,68.3817582771204,0.705483430570563,0.714279403645137,0.822627719932024,0.579543168134528,0.337848265028154
AZE,Azerbaijan,1997,42.2240599832473,0.310382998039577,0.413390868331282,0.268334192102761,0.249423933684688,0.465901798374631
BDI,Burundi,1997,30.7472737018596,0.212187763323632,0.288723755821457,0.193226079206753,0.154613454942685,0.59724228928644
BEL,Belgium,1997,59.4984166309163,0.593905916419541,0.607000241464784,0.750269137636045,0.424448370157793,0.403937583801214
BEN,Benin,1997,37.9221709756499,0.352030350463159,0.318270438945891,0.481366070360555,0.256454542083032,0.593586930950161
BFA,Burkina Faso,1997,36.2464934128388,0.292013317436854,0.253691206449165,0.452613484060635,0.169735261800762,0.567083449180077
BGD,Bangladesh,1997,34.6789591871132,0.29345837091977,0.328985522728259,0.322694214760908,0.228695375270144,0.599879187177507
BGR,Bulgaria,1997,52.2349752620556,0.457149879421726,0.504469080481408,0.490171086391237,0.376809471392532,0.412450374180613
BHR,Bahrain,1997,46.7616025223799,0.444044833782934,0.677001178031031,0.529681229766731,0.12545209355104,0.508812783335337
BHS,Bahamas,1997,49.819457665409,0.477807637240046,0.572480989519192,0.724206816742151,0.136735105458795,0.481418483931867
BIH,Bosnia and Herzegovina,1997,45.2088767143352,0.323709290323209,0.358179313871835,0.358493301622538,0.254455255475254,0.419531756036504
BLR,Belarus,1997,47.9362858052456,0.360300533678027,0.29542870345773,0.397096120983316,0.388376776593034,0.401574817573116
BLZ,Belize,1997,43.4824894334114,0.392640052375927,0.493112374915665,0.539861590238867,0.144946191973248,0.522990263707699
BOL,"Bolivia, Plurinational State of",1997,42.2971727964666,0.339729169058681,0.427281979941357,0.458635886045389,0.133269641189298,0.49378571312935
BRA,Brazil,1997,47.5868078766953,0.371836899952323,0.434628549361005,0.490098712617204,0.190783437878761,0.420100742418417
BRB,Barbados,1997,52.9690121085658,0.485445681718357,0.522723220218436,0.739070135870379,0.194543689066257,0.426065439547042
BRN,Brunei Darussalam,1997,51.4290793931275,0.47955679310227,0.558686121176622,0.684405496004667,0.195578762125522,0.450975205239721
BTN,Bhutan,1997,42.3999969353551,0.407163864165825,0.507058482678602,0.545968722079112,0.16846438773976,0.559163925458723
BWA,Botswana,1997,44.1620343767288,0.427014511959239,0.496994186705086,0.671876993227956,0.112172355944673,0.543773824424663
CAF,Central African Republic,1997,31.3755681629402,0.206415191885284,0.185935946124732,0.222578738507383,0.210730891023736,0.57890382862648
CAN,Canada,1997,67.5001300416765,0.665272118167677,0.713734025129268,0.833417353189424,0.448664976184341,0.315269517334148
CHE,Switzerland,1997,70.7185057807897,0.729717192386701,0.794289640032039,0.854282266251321,0.540579670876742,0.315347076770908
CHL,Chile,1997,56.9622398902412,0.517526989550709,0.62971365259627,0.72461090464692,0.198256411408937,0.378282191745886
CHN,China,1997,47.2046014528744,0.355410889141062,0.427410304298032,0.428473002050754,0.210349361074399,0.411318860083574
CIV,Cote d'Ivoire,1997,39.3431125835021,0.282620234670934,0.245446366532793,0.410975391175912,0.191438946304096,0.495757983000892
CMR,Cameroon,1997,39.6418329010736,0.285227577786566,0.337583254625488,0.276533426416968,0.241566052317243,0.492390919765094
COD,"Congo, the Democratic Republic o",1997,29.1849779426413,0.169004938885704,0.261922297327324,0.0811864222736867,0.163906097056102,0.585305380032879
COG,Congo,1997,32.6528056101621,0.2383510695439,0.26684445300836,0.238943667667013,0.209265087956326,0.585294957340658
COL,Colombia,1997,42.2982509754506,0.29202935915934,0.408289975153448,0.321164703157063,0.146633399167511,0.446064339650328
COM,Comoros,1997,37.122190516129,0.31089964805316,0.465591383421602,0.322566099953637,0.14454146078424,0.56845583773058
CPV,Cape Verde,1997,45.769002789035,0.40712143581457,0.442383006914369,0.627395498566015,0.151585801963328,0.491741380033871
CRI,Costa Rica,1997,49.6089977109113,0.427148497128528,0.455673743855715,0.635070006467883,0.190701741061985,0.434968542910303
CUB,Cuba,1997,39.3679785914771,0.258022252618034,,0.394744833660293,0.121299671575775,0.470662680788491
CYP,Cyprus,1997,54.9099957879873,0.482423873917623,0.583677289639091,0.692615376319132,0.170978955794647,0.384223958157877
CZE,Czech Republic,1997,60.0332637896073,0.509890304205452,0.499175700768562,0.655420304395133,0.375074907452661,0.309225028413305
DEU,Germany,1997,69.8461083352879,0.724097383974145,0.770485471868815,0.816315280927532,0.585491399126087,0.327175217268387
DJI,Djibouti,1997,34.9384706495716,0.312287836279672,0.411145192089468,0.353851036396576,0.171867280352973,0.61351842328824
DMA,Dominica,1997,56.7376696292437,0.60814349410956,0.557370796520703,0.658916191698417,,0.473390101524686
DNK,Denmark,1997,71.7917851210664,0.771538305471495,0.819312889583677,0.869293118895204,0.626008907935602,0.335702603050167
DOM,Dominican Republic,1997,42.3556208147248,0.340084572793414,0.429206845291484,0.422276564169929,0.16877030891883,0.492972156498918
DZA,Algeria,1997,40.9511969421719,0.288105812576021,0.385319915308612,0.269066905298287,0.209930617121163,0.469081873732583
ECU,Ecuador,1997,41.9934727971918,0.341618487417074,0.434083170845136,0.400474884201026,0.19029740720506,0.501749031473238
EGY,Egypt,1997,40.9584863194473,0.338530256934283,0.295236216922717,0.433974624785904,0.286379929094228,0.519360530545337
ERI,Eritrea,1997,32.4858546261233,0.273829677038266,0.349207302600971,0.35143327908727,0.120848449426555,0.624112584515799
ESP,Spain,1997,60.1371332358086,0.545560295276845,0.573250935659243,0.712221308455996,0.351208641715297,0.342817630560674
EST,Estonia,1997,59.4437785125622,0.572170488386307,0.75268046738015,0.650488233580239,0.313342764198533,0.383294918135063
ETH,Ethiopia,1997,36.8022155821029,0.312284877513716,0.437804577188713,0.286847037449732,0.212203017902702,0.576240565871657
FIN,Finland,1997,72.9732724552158,0.776265499620805,0.788418800714156,0.874888975486451,0.665488722661809,0.316800050516489
FJI,Fiji,1997,46.787427182769,0.454994877564808,0.576651531111132,0.574322619276822,0.214010482306469,0.519246333909428
FRA,France,1997,64.6057694075483,0.627717793542839,0.603535483834557,0.72203276213035,0.55758513466361,0.335602405391873
FSM,"Micronesia, Federated States of",1997,37.7321343035957,0.407093687971747,0.480806985713074,0.592899982468615,0.147574095733552,0.652451001899834
GAB,Gabon,1997,42.2238081747039,0.328552994958875,0.339604363243121,0.407207340202658,0.238847281430845,0.484076831464797
GBR,United Kingdom,1997,71.8044734206858,0.703818494553574,0.741708734884432,0.838407315006504,0.531339433769786,0.267729026139857
GEO,Georgia,1997,43.8738950134707,0.319890193915921,0.434275657380149,0.225999013392676,0.299395910974937,0.442412293646507
GHA,Ghana,1997,40.9539142101992,0.341076291115006,0.439986091252189,0.412050016183542,0.171192765909288,0.521998006911022
GIN,Guinea,1997,39.0239803099036,0.30274061367041,0.345058148401811,0.324335417640554,0.238828274968866,0.522261007472339
GMB,Gambia,1997,38.2837194491945,0.356683887230143,0.407680434459241,0.482334247354356,0.180036979876833,0.591009498246253
GNB,Guinea-Bissau,1997,28.4506612397985,0.240007862637831,0.25627602563362,0.200073754662187,0.263673807617687,0.670994637841861
GNQ,Equatorial Guinea,1997,40.1025959476774,0.269903839914081,0.428450648189648,0.259448887828366,0.121811983724228,0.467851920960534
GRC,Greece,1997,56.0705849267575,0.496792099777125,0.536806818363525,0.649428286051212,0.304141194916638,0.375380401241975
GRD,Grenada,1997,51.8708304440299,0.478991773683006,0.508671703162516,0.622420190511612,0.305883427374889,0.441575164802408
GTM,Guatemala,1997,39.2965520982639,0.290093737512689,0.416983950318183,0.318578788807115,0.134718473412768,0.50416269554741
GUY,Guyana,1997,41.5893340742223,0.360434226034091,0.461095447925236,0.456118010857209,0.164089219319828,0.528647544549646
HND,Honduras,1997,40.9788899834205,0.298822654767317,0.422822708546899,0.330356271533664,0.143288984221389,0.479244855098907
HRV,Croatia,1997,50.6692732716925,0.433866189516161,0.523685652893499,0.416328919637471,0.361583996017511,0.42048072408231
HTI,Haiti,1997,35.3324202605976,0.263235591484093,0.399156030765826,0.252443591277077,0.138107152409376,0.556587186272141
HUN,Hungary,1997,56.2610615126631,0.542772304912177,0.556665012558991,0.672797280909278,0.39885462126826,0.417551074658915
IDN,Indonesia,1997,42.6668850019965,0.317071437544146,0.37367447994035,0.326501714582527,0.251038118109561,0.463733737504216
IND,India,1997,38.8401799040048,0.324573929822553,0.314645275869821,0.428062162249758,0.23101435134808,0.547770331742456
IRL,Ireland,1997,63.6261006648034,0.60783093911391,0.702216914117681,0.813992966494591,0.307282936729459,0.335308925817843
IRN,"Iran, Islamic Republic of",1997,43.5747534067568,0.324712830920008,0.436008036195262,0.346004468018575,0.192125988546186,0.453217762784872
IRQ,Iraq,1997,39.5408195478988,0.301467851696535,0.479523742146323,0.170823266422041,0.25405654652124,0.510651460738559
ISL,Iceland,1997,66.6965032131332,0.683444512677551,0.814372401851687,0.806816883829039,0.429144252351927,0.349514448414888
ISR,Israel,1997,59.4745332145567,0.583999247220057,0.598145860854205,0.633055287257019,0.520796593548948,0.394508582928924
ITA,Italy,1997,58.2355351241587,0.535395800061899,0.531609681918185,0.666298487976098,0.408279230291414,0.370685097578725
JAM,Jamaica,1997,45.5067314296755,0.373065495255251,0.430746737571584,0.493382357374365,0.195067390819805,0.462930866661742
JOR,Jordan,1997,47.7165295601941,0.407467170556822,0.455128365339846,0.513981132038385,0.253292014292235,0.45313657935294
JPN,Japan,1997,65.2016802840899,0.661779210437205,0.715883458103576,0.703085017009504,0.566369156198535,0.357745604755408
KAZ,Kazakhstan,1997,49.1050970741913,0.373360811115226,0.461833312976119,0.338666180975721,0.319582939393836,0.391258869631399
KEN,Kenya,1997,38.6753875217121,0.299172971383944,0.426062898552945,0.307308572149532,0.164147443449354,0.525665220949702
KGZ,Kyrgyzstan,1997,46.8518598171968,0.334163780515702,0.369151046367553,0.363866531963358,0.269473763216194,0.397126584171765
KHM,Cambodia,1997,38.5305575944434,0.305309867201628,0.393981809384178,0.312809597029202,0.209138195191505,0.53469871531276
KIR,Kiribati,1997,41.466369329486,0.425058572623322,0.546215743515449,0.594899114731447,0.13406085962307,0.595731186033603
KNA,Saint Kitts and Nevis,1997,48.4762903517822,0.48186870715957,0.636592754716602,0.602266966814887,0.20674639994722,0.512342900123925
KOR,"Korea, Republic of",1997,63.0476803777843,0.649297141568652,0.758166333628009,0.604673465039683,0.585051626038265,0.388343534012967
KWT,Kuwait,1997,48.104669880921,0.42452973455525,0.554451417406346,0.580486778881945,0.138651007377461,0.46243633693683
LAO,Lao People's Democratic Republic,1997,37.6516353206514,0.309060573290204,0.38412374898389,0.331354839263998,0.211703131622724,0.556027866877176
LBN,Lebanon,1997,42.3207822886381,0.346620109209991,0.489166400947907,0.388116997539695,0.162576929142371,0.500204463437228
LBR,Liberia,1997,31.1714904315196,0.199029901176267,0.241275824940852,0.103740397315506,0.252073481272442,0.575600092545874
LBY,Libyan Arab Jamahiriya,1997,38.5628156164011,0.257153084453436,0.301042894062264,0.283778774494758,0.186637584803285,0.485896772125413
LCA,Saint Lucia,1997,54.9152884480844,0.464919698791312,0.578448072104582,0.592291955168371,0.224019069100983,0.366613929829623
LIE,Liechtenstein,1997,,0.556002226230461,0.609306024758481,0.780435359729274,0.278265294203628,
LKA,Sri Lanka,1997,45.5520414538294,0.373379783821552,0.468313692988209,0.421133619245562,0.230692039230885,0.462338954744964
LSO,Lesotho,1997,39.2774230885865,0.308299088491029,0.359270070903574,0.447360197734718,0.118266996834794,0.5227506267193
LTU,Lithuania,1997,56.7689099239602,0.540519661842808,0.682326638833047,0.59657646607111,0.342655880624267,0.405141463363605
LUX,Luxembourg,1997,63.0488909740877,0.612588998547077,0.684123179826497,0.837372284965467,0.316271530849266,0.351611179065323
LVA,Latvia,1997,55.2042127963997,0.515030889371777,0.61463554068695,0.543433324774373,0.387023802654008,0.410946633443783
MAR,Morocco,1997,44.2643305471759,0.399011366536481,0.497635808488462,0.497123992338222,0.202274298782759,0.513724755592962
MCO,Monaco,1997,63.4782494542283,0.679150134050504,,0.755948679345827,0.602351588755181,0.409585144965938
MDA,"Moldova, Republic of",1997,45.9793343628145,0.424442640814229,0.434339819558486,0.476672014629697,0.362316088254503,0.504855953557939
MDG,Madagascar,1997,37.4622826122281,0.305246583358304,0.296872352470324,0.443603059715416,0.17526433788917,0.556000931113742
MDV,Maldives,1997,41.8325262788983,0.440874726428751,0.632215977551434,0.574625869360321,0.115782332374499,0.604224200850785
MEX,Mexico,1997,46.4338701396691,0.356966532706763,0.471329315370073,0.422305313739738,0.17726496901048,0.42828912991338
MHL,Marshall Islands,1997,43.3663769845918,0.41206993518129,0.587499522262913,0.505140405220561,0.143569878060396,0.544742395489454
MKD,Macedonia,1997,48.1975938804135,0.383930821869046,0.487081130151937,0.372319973140117,0.292391362315083,0.419978944260776
MLI,Mali,1997,34.808144397187,0.323044708187686,0.307074138825992,0.430220714941924,0.231839270795143,0.626881820243947
MLT,Malta,1997,54.4253530262867,0.49397814379031,0.536806818363525,0.700027798047163,0.245099814960241,0.405471083264575
MMR,Myanmar,1997,31.161858391641,0.176047696003778,0.205729978141861,0.185914519153615,0.13649859071586,0.552810528170959
MNE,Montenegro,1997,47.9171781582222,0.412009375836088,0.477585127757982,0.4764329833343,0.282010016415983,0.453665812671645
MNG,Mongolia,1997,47.8761818747536,0.432466284923028,0.438670766596269,0.53335379767629,0.325374290496524,0.474942647427955
MOZ,Mozambique,1997,39.2126232414776,0.316175126199111,0.361740314769569,0.424006927971518,0.162778135856246,0.53192266136956
MRT,Mauritania,1997,35.2854950066375,0.353732146529524,0.402969097364172,0.415581314173947,0.242646028050454,0.648022246396775
MUS,Mauritius,1997,50.009611096606,0.492656136861066,0.630483598736321,0.627986549932368,0.219498261914509,0.492463914928945
MWI,Malawi,1997,34.382022271219,0.316251147307317,0.381277698073347,0.418949892110589,0.148525851738016,0.628610701882937
MYS,Malaysia,1997,51.8569275295598,0.451824019075577,0.606647349483928,0.561139859882767,0.187684847860037,0.414685468484381
NAM,Namibia,1997,42.2028672909999,0.415583296926722,0.512649758219444,0.599863667396044,0.134236465164677,0.571525951106723
NER,Niger,1997,32.8354521724416,0.271756706936856,0.281409267490979,0.328092000913017,0.205768852406571,0.615047663488023
NGA,Nigeria,1997,34.8347545728885,0.233321761423813,0.267197344989216,0.270914173401039,0.161853765881185,0.536626669966044
NIC,Nicaragua,1997,41.3784272692064,0.307512596843239,0.373353669048662,0.373084284936738,0.176099836544316,0.479944051459112
NLD,Netherlands,1997,66.019746312194,0.690146252176103,0.681685017049672,0.869743772336267,0.51900996714237,0.369751325932224
NOR,Norway,1997,75.0297613312781,0.773688232905759,0.839074840511637,0.860572416807273,0.621417441398366,0.273093006280197
NPL,Nepal,1997,39.9400751480749,0.381767875013336,0.523910220517681,0.41538068445653,0.206012720065798,0.582966372051839
NRU,Nauru,1997,51.9893747034378,0.546007381006331,,0.546007381006331,,0.506219886937574
NZL,New Zealand,1997,73.1986042346878,0.773578031792276,0.841609246555969,0.872253883965938,0.606870964854921,0.309605947098521
OMN,Oman,1997,48.6328722659382,0.459014085108373,0.685181855769067,0.596521685010835,0.0953387145452157,0.486356639789608
PAK,Pakistan,1997,37.7638613397745,0.322686804815191,0.41188305714035,0.319446319768203,0.23673103753702,0.567409578019702
PAN,Panama,1997,47.87988504505,0.401387262969989,0.550056308190224,0.497923691977815,0.156181788741929,0.443789562068988
PER,Peru,1997,46.5854555702662,0.404133952527247,0.54652738838166,0.423163478587331,0.24271099061275,0.472424841121922
PHL,Philippines,1997,44.1621719876565,0.373926786463517,0.45609079801491,0.462315892486487,0.203373668889154,0.490683346710387
PLW,Palau,1997,47.5831036020406,0.465463624394378,0.544634604120703,0.546082074052291,0.30567419501014,0.513801552353567
PNG,Papua New Guinea,1997,40.0643721782261,0.349787951655214,0.497122511061761,0.405630322006565,0.146611021897315,0.548500508090692
POL,Poland,1997,58.1171591922476,0.488749418906327,0.451214472461257,0.636635844295862,0.378397939961862,0.326406235061374
PRK,"Korea, Democratic People's Repub",1997,42.2839207791076,0.387267198107357,,0.28043141842022,0.494102977794494,0.541588782525205
PRT,Portugal,1997,55.6859500822009,0.522049162066923,0.571197745952441,0.75890309854882,0.236046641699508,0.408330160422905
PRY,Paraguay,1997,42.7658816965104,0.292843489506708,0.435879711838587,0.316537016215696,0.12611374046584,0.4375258555765
QAT,Qatar,1997,49.9224940392283,0.446436389923378,0.664457472166044,0.531832234554966,0.143019463049125,0.447986509138812
ROU,Romania,1997,50.0082241333862,0.431972368905,0.449674580181156,0.487221103932828,0.359021422601017,0.431807886237275
RUS,Russian Federation,1997,50.937668978741,0.359068539309078,0.417689734279897,0.309960901687197,0.34955498196014,0.340315159734258
RWA,Rwanda,1997,29.8645885585748,0.251828588347945,0.391094511358989,0.21139921314305,0.152992040541797,0.654536817176449
SAU,Saudi Arabia,1997,46.2473077671011,0.405815277189985,0.618480688374464,0.46382369847652,0.135141444718971,0.480869121847964
SDN,Sudan,1997,32.349955020444,0.25598241274271,0.408257894064279,0.164838748014284,0.194850596149566,0.608983312333829
SEN,Senegal,1997,38.8101875713865,0.328311143904297,0.280190186102565,0.456557231161126,0.2481860144492,0.552107392476567
SGP,Singapore,1997,65.7562616454661,0.70727568649569,0.88267304069199,0.818700405109269,0.42045361368581,0.392150453586368
SLB,Solomon Islands,1997,44.0186841273502,0.502796827120333,0.45634744672826,0.549246207512406,,0.622423144573328
SLE,Sierra Leone,1997,31.0069192279624,0.228452230134848,0.21458435875244,0.220901984201073,0.249870347451031,0.6083138455756
SLV,El Salvador,1997,43.508458963647,0.335251393739871,0.471168909924229,0.392680999476086,0.141904271819298,0.465082214466931
SMR,San Marino,1997,,0.610312089197217,0.568053799213903,0.698164205024551,0.564718263353195,
SOM,Somalia,1997,27.2346665969624,0.221958529104826,0.394377476150593,0.0495395820590586,,0.677265197165579
SRB,Serbia,1997,42.032375209762,0.314499627406707,0.346084743255211,0.22686717363232,0.37054696533259,0.473852123211468
STP,Sao Tome and Principe,1997,39.6265921790934,0.365709741171106,0.344013221497457,0.53700800050497,0.216108001510891,0.573177897589237
SUR,Suriname,1997,44.5707909709976,0.351825933096176,0.376497615787201,0.492417616091541,0.186562567409786,0.460410113676224
SVK,Slovakia,1997,54.8144074403639,0.490663845491656,0.546334901846648,0.598088854315834,0.327567780312486,0.394375696684378
SVN,Slovenia,1997,59.9560122644399,0.590656920836083,0.54392882015899,0.73019242523119,0.497849517118068,0.391536675547285
SWE,Sweden,1997,71.3256213882069,0.752724020503416,0.775393878511636,0.854994069106568,0.627784113892043,0.326211592739277
SWZ,Swaziland,1997,40.6250639466528,0.358269588909133,0.39994889196957,0.468529302289536,0.206330572468294,0.545768309976078
SYC,Seychelles,1997,48.568537513112,0.464980752194583,0.57434169269098,0.606410138784277,0.214190425108492,0.493610001932344
SYR,Syrian Arab Republic,1997,42.7951997688563,0.34753800146955,0.446306065818436,0.361801953700415,0.234505984889799,0.491634006092425
TCD,Chad,1997,29.4511976808302,0.235782563781734,0.219653170841105,0.25267094263104,0.235023577873059,0.646758610165131
TGO,Togo,1997,37.7045572612108,0.306230333685563,0.33155200986176,0.351997339951943,0.235141651242986,0.552139188461347
THA,Thailand,1997,49.9227162207791,0.457419493898545,0.611202864145892,0.540259572618367,0.220796044931377,0.458965169482964
TJK,Tajikistan,1997,40.3458323118316,0.234114265977252,0.297866866234556,0.158160775848291,0.246315155848909,0.427197619740621
TKM,Turkmenistan,1997,39.3206664821345,0.24905201064434,,0.298734667522892,0.199369353765788,0.462638681001649
TLS,Timor-Leste,1997,40.7352316461529,0.38478684015765,0.393778629152776,0.439772845971553,0.320809045348622,0.570082207234592
TON,Tonga,1997,41.4814418971697,0.429528799764165,0.606711511662266,0.55035822571721,0.13151666191302,0.599899961820772
TTO,Trinidad and Tobago,1997,49.1297513087841,0.396359386141133,0.458817690594254,0.61120031947878,0.119060148350364,0.41376435996545
TUN,Tunisia,1997,49.9630830236233,0.426236212407048,0.609598809687454,0.475411573413914,0.193698254119776,0.426974551934582
TUR,Turkey,1997,47.703061609591,0.379449505840186,0.499656917106093,0.425669725147321,0.213021875267145,0.425388273648366
TUV,Tuvalu,1997,41.8964314902114,0.39952130748931,,0.613935498215928,0.185107116762693,0.561592677685083
TZA,"Tanzania, United Republic of",1997,38.7051814770242,0.32129090283839,0.381117292627504,0.387636382745319,0.195119033142347,0.547187273297906
UGA,Uganda,1997,36.9499783687913,0.304046498101666,0.373866966475362,0.349826997248164,0.188445530581472,0.56504693072584
UKR,Ukraine,1997,43.9700174086844,0.313262078590324,0.214937250733296,0.33898081999457,0.385868165043108,0.433861730416637
URY,Uruguay,1997,50.8174578117465,0.437596107307315,0.443579173239091,0.645881800740567,0.223327347942287,0.421246951072386
USA,United States,1997,70.1094568611,0.722862966145516,0.827268999697531,0.786530602259357,0.554789296479659,0.320673828923516
UZB,Uzbekistan,1997,42.1198897723754,0.258060313192434,0.331487847683423,0.249053828260331,0.193639263633549,0.415662517744925
VCT,Saint Vincent and the Grenadines,1997,52.5058493394482,0.487297779632155,0.68660258971797,0.605777638549916,0.169513110628578,0.437180792843191
VEN,"Venezuela, Bolivarian Republic o",1997,44.5980572706477,0.281614671480439,0.296166568508611,0.362236995408719,0.186440450523988,0.389653526067485
VNM,Viet Nam,1997,41.9537646175252,0.380277100238982,0.514093407232038,0.40822113917763,0.218516754307279,0.541201807888479
VUT,Vanuatu,1997,41.2555738366298,0.410145963943112,0.533727033803322,0.565220121088891,0.131490736937123,0.585034487210516
WSM,Samoa,1997,45.1949811708132,0.435747293274165,0.600263212739343,0.602315059814136,0.104663607269017,0.531847669857902
YEM,Yemen,1997,35.3552359923936,0.320494662652699,0.474729910821962,0.283967461006616,0.20278661612952,0.613389942804828
ZAF,South Africa,1997,46.1060391027547,0.390138625151323,0.471618045172592,0.536317126700585,0.162480703580793,0.46801784309623
ZMB,Zambia,1997,41.8407070769951,0.338528600028024,0.473831640325237,0.408355326603024,0.133398833155813,0.501714458488122
ZWE,Zimbabwe,1997,38.2849351578079,0.278396250120754,0.400430108307101,0.338941228150866,0.0958174139042943,0.512697546964597
AFG,Afghanistan,1998,29.9466392013021,0.245696616071789,0.350415690292995,0.0728445356384778,0.313829622283894,0.646763832045747
AGO,Angola,1998,32.4747671410692,0.165891829780663,0.237613997762875,0.163531053144839,0.0965304384342739,0.516396486959279
ALB,Albania,1998,41.2651748036067,0.327750053213624,0.399788486523725,0.342144401283646,0.241317271833502,0.502446557141491
AND,Andorra,1998,50.3379472123473,0.45013108980021,,0.753769281690105,0.146492897910314,0.443372145553265
ARE,United Arab Emirates,1998,52.5532996936501,0.511801406847268,0.714343565823475,0.609899462623792,0.211161192094537,0.460735412974266
ARG,Argentina,1998,48.4340980620895,0.379775285521287,0.418299274974103,0.491032764248714,0.229993817341043,0.411093324279496
ARM,Armenia,1998,48.4642425704745,0.399579015318356,0.532636276771585,0.384970759418271,0.281130009765214,0.430294163908866
ATG,Antigua and Barbuda,1998,49.374816693457,0.500205025878055,0.61723410890962,0.66088920357312,0.222491765151426,0.512708692008915
AUS,Australia,1998,68.7469725615165,0.708746931946455,0.769009741767052,0.831427135229703,0.52580391884261,0.333807480716124
AUT,Austria,1998,68.3639173108542,0.70485122851023,0.714279403645137,0.812276460581762,0.587997821303791,0.337572882293147
AZE,Azerbaijan,1998,42.5810523653506,0.316681554336664,0.413390868331282,0.28435147867791,0.252302316000801,0.465060507029652
BDI,Burundi,1998,30.7185937037957,0.211437034340973,0.288723755821457,0.19095463589142,0.154632711310042,0.597065160265059
BEL,Belgium,1998,59.0322423036841,0.584316824423815,0.607000241464784,0.734538107546278,0.411412124260383,0.403671978350132
BEN,Benin,1998,37.9474739494854,0.350527430083058,0.318270438945891,0.476163748424175,0.257148102879109,0.591577951093351
BFA,Burkina Faso,1998,36.1243334852118,0.2923597085673,0.253691206449165,0.45361225525505,0.169775663997686,0.569873038863065
BGD,Bangladesh,1998,35.1834860993628,0.293989546911916,0.328985522728259,0.32441039270901,0.228572725298478,0.590319824924659
BGR,Bulgaria,1998,52.4005966417076,0.458397494410836,0.504469080481408,0.526473742145213,0.344249660605886,0.410385561576684
BHR,Bahrain,1998,47.1580380240515,0.450484073172385,0.677001178031031,0.54423939719386,0.130211644292265,0.507323312691355
BHS,Bahamas,1998,49.9279209903405,0.481587422508956,0.572480989519192,0.733770975282361,0.138510302725316,0.483029002702146
BIH,Bosnia and Herzegovina,1998,45.2311855216626,0.322329074987347,0.358179313871835,0.354056714840815,0.254751196249392,0.417705364554095
BLR,Belarus,1998,48.5504671805315,0.370952679310719,0.29542870345773,0.399584079118996,0.417845255355432,0.399943335700088
BLZ,Belize,1998,43.7224571167041,0.392662388472812,0.493112374915665,0.529958009054305,0.154916781448466,0.518213246138729
BOL,"Bolivia, Plurinational State of",1998,42.5098511245172,0.341017255154975,0.427281979941357,0.470642642745885,0.125127142777684,0.490820232664631
BRA,Brazil,1998,47.8804028816339,0.373151245022355,0.434628549361005,0.49322241198864,0.19160277371742,0.415543187389677
BRB,Barbados,1998,53.1544412751541,0.48924763692672,0.522723220218436,0.748478567362489,0.196541123199236,0.426158811423638
BRN,Brunei Darussalam,1998,50.8103326451833,0.468265943543863,0.558686121176622,0.649270327518393,0.196841381936574,0.452059290640198
BTN,Bhutan,1998,42.3997999752022,0.406607551886517,0.507058482678602,0.544076101030663,0.168688071950286,0.558611552382473
BWA,Botswana,1998,44.5682180552765,0.430645175544797,0.496994186705086,0.681963901677729,0.112977438251577,0.539280814439267
CAF,Central African Republic,1998,31.3458602943333,0.206557530162864,0.185935946124732,0.222999642830263,0.210737001533598,0.579640324276198
CAN,Canada,1998,67.8772230608155,0.672246741193654,0.713734025129268,0.837319255788326,0.465686942663369,0.314702279977344
CHE,Switzerland,1998,70.9192108487695,0.734066019302497,0.794289640032039,0.859413945292492,0.548494472582961,0.315681802327108
CHL,Chile,1998,56.6162010058822,0.512042887872728,0.62971365259627,0.705064202777111,0.201350808244803,0.379718867755085
CHN,China,1998,47.1070330377642,0.351560701179258,0.427410304298032,0.419658064288731,0.207613734951012,0.409420040423975
CIV,Cote d'Ivoire,1998,38.8258343022972,0.274825779316505,0.245446366532793,0.391782966299433,0.187248005117289,0.49830909327056
CMR,Cameroon,1998,40.1042378762398,0.293994631542393,0.337583254625488,0.302776777878663,0.241623862123029,0.491909874017597
COD,"Congo, the Democratic Republic o",1998,28.8785821244652,0.16406108751552,0.261922297327324,0.0666773443735847,0.163583620845651,0.586489445026217
COG,Congo,1998,32.4248666985854,0.231251579762952,0.26684445300836,0.217646896747146,0.209263389533351,0.582754245791244
COL,Colombia,1998,42.241682468296,0.290754601174875,0.408289975153448,0.316026269774567,0.147947558596609,0.445920951808955
COM,Comoros,1998,37.1946535050187,0.311189009637117,0.465591383421602,0.322933540451733,0.145042105038017,0.567295939536744
CPV,Cape Verde,1998,45.7148025562924,0.405389925613001,0.442383006914369,0.621567435148021,0.152219334776614,0.491093874487154
CRI,Costa Rica,1998,50.0108627166663,0.430432774479884,0.455673743855715,0.643059077291709,0.192565502292227,0.430215520146558
CUB,Cuba,1998,39.3265621653737,0.256836682444861,,0.391788785398981,0.121884579490741,0.470305439137388
CYP,Cyprus,1998,55.0924686848906,0.481607179380249,0.583677289639091,0.684988311032175,0.176155937469481,0.379757805682437
CZE,Czech Republic,1998,60.109979677747,0.510087528061909,0.499175700768562,0.64998789198114,0.381098991436025,0.307887934506969
DEU,Germany,1998,69.98532365704,0.725153665152765,0.770485471868815,0.816159282109062,0.588816241480419,0.325447192011964
DJI,Djibouti,1998,34.956833426086,0.311000355046694,0.411145192089468,0.350018563745608,0.171837309305005,0.611863686524973
DMA,Dominica,1998,56.8444262486422,0.60833136028002,0.557370796520703,0.659291924039337,,0.471442835307176
DNK,Denmark,1998,72.1273544189363,0.774906536676722,0.819312889583677,0.871578095636754,0.633828624809734,0.332359448297996
DOM,Dominican Republic,1998,42.3102692665333,0.33826731248427,0.429206845291484,0.415266012733116,0.170329079428211,0.492061927153605
DZA,Algeria,1998,40.8306006322715,0.282606038636676,0.385319915308612,0.251202045654434,0.211296154946981,0.465994025991246
ECU,Ecuador,1998,41.974537520733,0.345620592161888,0.434083170845136,0.410601607252441,0.192176998388088,0.506129841747229
EGY,Egypt,1998,41.0794867302751,0.336753094888723,0.295236216922717,0.431003143170122,0.28401992457333,0.515163360283221
ERI,Eritrea,1998,32.5588997921569,0.273432546132634,0.349207302600971,0.350077455095078,0.121012880701854,0.622254550289496
ESP,Spain,1998,60.331254687178,0.549963617429839,0.573250935659243,0.718754279416346,0.357885637213929,0.343338523686279
EST,Estonia,1998,59.2015137535781,0.57749144235686,0.75268046738015,0.66408276467037,0.315711095020059,0.393461167285298
ETH,Ethiopia,1998,37.0419810737221,0.319342126267205,0.437804577188713,0.298633374500184,0.221588427112718,0.578502504792763
FIN,Finland,1998,73.3168235513199,0.78004023466236,0.788418800714156,0.88570670906879,0.665995194204134,0.313703763635962
FJI,Fiji,1998,46.77736977929,0.455384362137864,0.576651531111132,0.574872487704914,0.214629067597546,0.519836966552064
FRA,France,1998,64.6114885524002,0.627384856893224,0.603535483834557,0.71857578441815,0.560043302426964,0.335155085845219
FSM,"Micronesia, Federated States of",1998,37.7856936265462,0.407358134515492,0.480806985713074,0.592351611573535,0.148915806259868,0.651644261984568
GAB,Gabon,1998,42.7480084636863,0.336296587601911,0.339604363243121,0.430319480748062,0.23896591881455,0.481336418328185
GBR,United Kingdom,1998,71.9764697579887,0.70783968736959,0.741708734884432,0.845380915275324,0.536429411949015,0.268310292209815
GEO,Georgia,1998,44.4512756460027,0.323079226342745,0.434275657380149,0.232280967044755,0.302681054603331,0.434053713422692
GHA,Ghana,1998,40.5659190826855,0.338541439417676,0.439986091252189,0.40438685918742,0.17125136781342,0.527223057763965
GIN,Guinea,1998,38.9842604837785,0.303654763625444,0.345058148401811,0.326948373115365,0.238957769359155,0.523969553949873
GMB,Gambia,1998,38.4867198857402,0.362334448143068,0.407680434459241,0.49937040590434,0.179952504065624,0.592600050428264
GNB,Guinea-Bissau,1998,28.312098902844,0.237015978356985,0.25627602563362,0.1910807202407,0.263691189196634,0.670774000300105
GNQ,Equatorial Guinea,1998,39.9614505135579,0.269317427963834,0.428450648189648,0.257456939289002,0.122044696412853,0.470088417692676
GRC,Greece,1998,56.2831361626419,0.50110207377518,0.536806818363525,0.658875643572434,0.30762375938958,0.375439350522342
GRD,Grenada,1998,52.0420787506641,0.479501977118022,0.508671703162516,0.622791289542486,0.307042938649065,0.438660402104741
GTM,Guatemala,1998,39.3275163457301,0.290523159008407,0.416983950318183,0.320367861201518,0.134217665505521,0.503972832093805
GUY,Guyana,1998,41.673397437682,0.362703313492176,0.461095447925236,0.463826331532369,0.163188161018924,0.529235364738536
HND,Honduras,1998,40.8389576492235,0.294442080158301,0.422822708546899,0.340628274211028,0.119875257716976,0.477662927173831
HRV,Croatia,1998,50.9230505734925,0.437716122631469,0.523685652893499,0.427660584316094,0.361802130684813,0.419255111161618
HTI,Haiti,1998,35.1509220180235,0.258305561763009,0.399156030765826,0.23775028001948,0.13801037450372,0.555287121402539
HUN,Hungary,1998,56.3397610977741,0.543989973550634,0.556665012558991,0.679071838409429,0.396233069683482,0.417194751595153
IDN,Indonesia,1998,41.9619153667152,0.304526968878989,0.37367447994035,0.28498068137899,0.254925745317625,0.465288661544684
IND,India,1998,38.927557889051,0.325902764837586,0.314645275869821,0.429817063660449,0.233245954982487,0.547351607056566
IRL,Ireland,1998,63.8099217149049,0.610635790320495,0.702216914117681,0.815873322558875,0.313817134284928,0.334437356022397
IRN,"Iran, Islamic Republic of",1998,43.7469288574973,0.325999211792085,0.436008036195262,0.348579793283419,0.193409805897573,0.451060634642138
IRQ,Iraq,1998,39.5442730081388,0.301737271870151,0.479523742146323,0.171296141031413,0.254391932432716,0.510851811707375
ISL,Iceland,1998,68.6455753875747,0.72140882593465,0.814372401851687,0.827806988234147,0.522047087718116,0.348497318183155
ISR,Israel,1998,59.3037160674842,0.580356997451069,0.598145860854205,0.619132916699785,0.523792214799218,0.394282676101386
ITA,Italy,1998,58.2241777667588,0.534679003091286,0.531609681918185,0.667852194028725,0.404575133326948,0.370195447756109
JAM,Jamaica,1998,45.5764560110021,0.373104065200364,0.430746737571584,0.49747077156768,0.191094686461829,0.461574944980322
JOR,Jordan,1998,48.0018667852529,0.413390446788262,0.455128365339846,0.531069649220975,0.253973325803964,0.453353111083203
JPN,Japan,1998,64.9801655150063,0.657307555493372,0.715883458103576,0.687168166780127,0.568871041596413,0.357704245193245
KAZ,Kazakhstan,1998,49.8860007170009,0.38389355060062,0.461833312976119,0.363068139313822,0.326779199511919,0.386173536260602
KEN,Kenya,1998,38.635614731754,0.295960230155993,0.426062898552945,0.298865200050492,0.162952591864541,0.523247935520913
KGZ,Kyrgyzstan,1998,46.6760903759113,0.33454592635782,0.369151046367553,0.370511394745594,0.263975337960314,0.401024118839594
KHM,Cambodia,1998,38.471880084821,0.305092418298092,0.393981809384178,0.311796154645244,0.209499290864852,0.535654816601671
KIR,Kiribati,1998,41.1506324128437,0.424945625482853,0.546215743515449,0.594350743836368,0.134270389096742,0.601932977225979
KNA,Saint Kitts and Nevis,1998,48.602029028579,0.48263455875512,0.636592754716602,0.601718595919808,0.209592325628951,0.51059397818354
KOR,"Korea, Republic of",1998,63.0513931628702,0.646354941547849,0.758166333628009,0.591408377620842,0.589490113394696,0.385327078290445
KWT,Kuwait,1998,47.9566844202673,0.420771496439656,0.554451417406346,0.569496107829524,0.1383669640831,0.461637808034312
LAO,Lao People's Democratic Republic,1998,37.6083363286931,0.307345394929043,0.38412374898389,0.324722295567569,0.213190140235671,0.555178668355182
LBN,Lebanon,1998,42.1312466331228,0.343782023848718,0.489166400947907,0.373695692838902,0.168483977759345,0.501157091186261
LBR,Liberia,1998,31.5131241200714,0.20603301010987,0.241275824940852,0.124759259642632,0.252063945746126,0.575770527708443
LBY,Libyan Arab Jamahiriya,1998,38.6269605510391,0.258366719502699,0.301042894062264,0.286588376100923,0.187468888344912,0.485827508481918
LCA,Saint Lucia,1998,55.1157599615695,0.459385992241964,0.578448072104582,0.575598731198668,0.224111173422642,0.357070793010574
LIE,Liechtenstein,1998,,0.55595203161689,0.609306024758481,0.780811091678035,0.277738978414155,
LKA,Sri Lanka,1998,45.6539074384305,0.373326597835407,0.468313692988209,0.425590919271888,0.226075181246124,0.460248449066796
LSO,Lesotho,1998,39.0779418755423,0.303272738861722,0.359270070903574,0.43240271988752,0.118145425794071,0.521713901350876
LTU,Lithuania,1998,56.887703955857,0.539938069079142,0.682326638833047,0.589917970440404,0.347569597963975,0.402183989962002
LUX,Luxembourg,1998,62.7147949869719,0.605473490373975,0.684123179826497,0.827881308716839,0.304415982578589,0.351177590634537
LVA,Latvia,1998,55.5471216631886,0.520099885190366,0.61463554068695,0.545651381027564,0.400012733856584,0.409157451926595
MAR,Morocco,1998,44.4212012398928,0.401958964326795,0.497635808488462,0.509381952348487,0.198859132143437,0.51353493952894
MCO,Monaco,1998,60.0952356240036,0.611903872305025,,0.755400308450748,0.468407436159302,0.409999159824952
MDA,"Moldova, Republic of",1998,45.907695194444,0.417473836111543,0.434339819558486,0.478355266420249,0.339726422355895,0.499319932222663
MDG,Madagascar,1998,37.4832032018342,0.306065559275321,0.296872352470324,0.447191786956673,0.174132538398965,0.556401495238638
MDV,Maldives,1998,41.9675354083253,0.440015448794773,0.632215977551434,0.571543064083684,0.116287304749201,0.600664740628267
MEX,Mexico,1998,46.8375402328389,0.362886640059805,0.471329315370073,0.441768213565106,0.175562391244236,0.426135835403028
MHL,Marshall Islands,1998,43.4498221930571,0.412050671325884,0.587499522262913,0.504592034325482,0.144060457389257,0.543054227464741
MKD,Macedonia,1998,48.410554798334,0.386025815695245,0.487081130151937,0.366112426146161,0.304883890787637,0.417814719728565
MLI,Mali,1998,34.7903729247829,0.322603284164645,0.307074138825992,0.428945999628373,0.231789714039569,0.626795825668988
MLT,Malta,1998,54.0137536167115,0.481150838875895,0.536806818363525,0.717881698460116,0.188763999804043,0.400875766541664
MMR,Myanmar,1998,31.2090911945075,0.175011066575732,0.205729978141861,0.181054419458609,0.138248802126727,0.550829242685582
MNE,Montenegro,1998,47.9214845090819,0.412009375836088,0.477585127757982,0.4764329833343,0.282010016415983,0.45357968565445
MNG,Mongolia,1998,47.6361298372499,0.426667429960299,0.438670766596269,0.530931880830874,0.310399642453755,0.473944833215302
MOZ,Mozambique,1998,39.5624904585731,0.319341871209061,0.361740314769569,0.434039142152567,0.162246156705047,0.528092062037599
MRT,Mauritania,1998,35.1831674817375,0.353243194749261,0.402969097364172,0.415233232552263,0.241527254331347,0.649579845114511
MUS,Mauritius,1998,49.9114656644311,0.495948094860198,0.630483598736321,0.633579391331161,0.223781294513114,0.497718781571576
MWI,Malawi,1998,34.6600975126379,0.321334183768595,0.381277698073347,0.428740431010255,0.153984422222182,0.628132233515838
MYS,Malaysia,1998,51.6810589488527,0.448143698758661,0.606647349483928,0.535212085223486,0.202571661568569,0.414522519781606
NAM,Namibia,1998,42.164906335518,0.411065295064149,0.512649758219444,0.58422980673522,0.136316320237783,0.567767168353789
NER,Niger,1998,32.7533404770723,0.270413583273314,0.281409267490979,0.324055387148803,0.205776095180159,0.615346773731868
NGA,Nigeria,1998,34.8851691023914,0.233985320493052,0.267197344989216,0.27149358715249,0.163265029337451,0.536281938445224
NIC,Nicaragua,1998,41.2924624839288,0.306972493975664,0.373353669048662,0.366800999485025,0.180762813393303,0.481123244297088
NLD,Netherlands,1998,66.2994957845487,0.695673453929105,0.681685017049672,0.87578284922293,0.529552495514714,0.369683538238132
NOR,Norway,1998,75.0669667039241,0.774223536566349,0.839074840511637,0.859207578916528,0.624388190270882,0.272884202487867
NPL,Nepal,1998,40.0221757110427,0.378249879347744,0.523910220517681,0.408190909058521,0.20264850846703,0.577806365126889
NRU,Nauru,1998,51.9996699506555,0.545459010111252,,0.545459010111252,,0.505465611098141
NZL,New Zealand,1998,73.4782424490251,0.779495602565929,0.841609246555969,0.874787609482313,0.622089951659506,0.309930753585427
OMN,Oman,1998,48.8059843457422,0.462094907182404,0.685181855769067,0.601910938696054,0.0991919270820912,0.485975220267561
PAK,Pakistan,1998,37.6453944600728,0.318294645678196,0.41188305714035,0.318230532980442,0.224770346913795,0.565386756476739
PAN,Panama,1998,48.1283010983064,0.406306896653608,0.550056308190224,0.50938977592677,0.15947460584383,0.443740874687481
PER,Peru,1998,45.417882020452,0.38013767156698,0.54652738838166,0.430800251440083,0.163085374879196,0.471780031157941
PHL,Philippines,1998,44.3335350807787,0.376738224507193,0.45609079801491,0.47079401451356,0.203329860993108,0.490067522891618
PLW,Palau,1998,47.6607371373472,0.465280834096018,0.544634604120703,0.545533703157212,0.30567419501014,0.512066091349075
PNG,Papua New Guinea,1998,40.2717958021539,0.353389524811309,0.497122511061761,0.41748478755056,0.145561275821606,0.547953608768231
POL,Poland,1998,58.3956395130733,0.49080157222582,0.451214472461257,0.639866009028686,0.381324235187518,0.322888781964355
PRK,"Korea, Democratic People's Repub",1998,42.4889655873983,0.393416779990492,,0.292742278092924,0.494091281888061,0.543637468242527
PRT,Portugal,1998,55.9981774119409,0.525057065900238,0.571197745952441,0.757311618845556,0.246661832902718,0.405093517661421
PRY,Paraguay,1998,42.5503973647339,0.287712165160107,0.435879711838587,0.29463899878747,0.132617784854264,0.436704217865429
QAT,Qatar,1998,50.3992897628204,0.455045355682728,0.664457472166044,0.561474067482346,0.139204527399794,0.447059560426319
ROU,Romania,1998,49.6435349267396,0.424553363532007,0.449674580181156,0.485031611289133,0.338953899125732,0.431682664997215
RUS,Russian Federation,1998,51.2463442712172,0.367289666210256,0.417689734279897,0.308145945436972,0.376033318913899,0.342362780785912
RWA,Rwanda,1998,29.7064953550882,0.251065166721868,0.391094511358989,0.209100978292722,0.153000010513894,0.656935259620104
SAU,Saudi Arabia,1998,46.3448505642878,0.406693449569932,0.618480688374464,0.465963474485121,0.135636185850213,0.479796438284176
SDN,Sudan,1998,32.5100871295455,0.258661254745944,0.408257894064279,0.172812764080249,0.194913106093305,0.608459512155034
SEN,Senegal,1998,38.7704258586253,0.330471983808614,0.280190186102565,0.462771812217765,0.248453953105511,0.555063466636108
SGP,Singapore,1998,65.8570485660085,0.708835425361041,0.88267304069199,0.811598737592491,0.432234497798641,0.39169445404087
SLB,Solomon Islands,1998,43.8822883952045,0.500085262357609,0.45634744672826,0.543823077986958,,0.622439494453518
SLE,Sierra Leone,1998,30.8875644854098,0.226515973032723,0.21458435875244,0.215086792280662,0.249876768065067,0.608764683324527
SLV,El Salvador,1998,43.5975267357266,0.337400457632636,0.471168909924229,0.411296963429676,0.129735499544004,0.465449922918105
SMR,San Marino,1998,,0.61148630643309,0.568053799213903,0.697615834129472,0.568789285955896,
SOM,Somalia,1998,27.5801686556755,0.229850417494115,0.394377476150593,0.0653233588376364,,0.678247044380604
SRB,Serbia,1998,41.5899745050862,0.303823937262472,0.346084743255211,0.194840103199616,0.37054696533259,0.472024447160748
STP,Sao Tome and Principe,1998,39.7712949099376,0.365853378519992,0.344013221497457,0.53746084237619,0.216086071686329,0.570427480321241
SUR,Suriname,1998,45.170176036085,0.353760775626107,0.376497615787201,0.49737191847965,0.18741279261147,0.450357254904406
SVK,Slovakia,1998,55.1044618418899,0.494007174705366,0.546334901846648,0.607103089815587,0.328583532453864,0.391917937867568
SVN,Slovenia,1998,60.6603462128803,0.59777858458498,0.54392882015899,0.735658515414954,0.513748418180995,0.384571660327374
SWE,Sweden,1998,71.4765901850037,0.754355284020114,0.775393878511636,0.85211963968179,0.635552333866916,0.32482348032004
SWZ,Swaziland,1998,40.5236924550648,0.357263889016448,0.39994889196957,0.466217840195933,0.20562493488384,0.546790039915152
SYC,Seychelles,1998,48.769014980995,0.465587717820106,0.57434169269098,0.606778790905594,0.215642669863745,0.490207418200206
SYR,Syrian Arab Republic,1998,42.8021780130666,0.344623981001232,0.446306065818436,0.358133216336291,0.229432660848969,0.4885804207399
TCD,Chad,1998,29.443735291011,0.234709417842635,0.219653170841105,0.249183528099514,0.235291554587285,0.645834712022414
TGO,Togo,1998,37.7577035679314,0.303992603866432,0.33155200986176,0.344762690722676,0.235663111014859,0.548838532507803
THA,Thailand,1998,50.157042393967,0.461348104664657,0.611202864145892,0.539158637638738,0.233682812209342,0.458207256785317
TJK,Tajikistan,1998,40.6134219811038,0.240003335416763,0.297866866234556,0.17456327063422,0.247579869381513,0.427734895794686
TKM,Turkmenistan,1998,39.9114711511495,0.251536502011694,,0.306991566419659,0.19608143760373,0.453307078988703
TLS,Timor-Leste,1998,40.7390788254078,0.38478684015765,0.393778629152776,0.439772845971553,0.320809045348622,0.570005263649495
TON,Tonga,1998,41.6061739256912,0.429700307429254,0.606711511662266,0.549809854822131,0.132579555803365,0.59757682891543
TTO,Trinidad and Tobago,1998,49.2152942085346,0.396261783240705,0.458817690594254,0.612514079947397,0.117453579180463,0.411955899070013
TUN,Tunisia,1998,50.0528286424475,0.429380995349439,0.609598809687454,0.481712062116035,0.196832114244828,0.428324422500489
TUR,Turkey,1998,47.7005887674184,0.377535601645483,0.499656917106093,0.420113254588625,0.212836633241731,0.423523826297114
TUV,Tuvalu,1998,42.0951868356906,0.399559622041771,,0.613387127320848,0.185732116762693,0.557655885327958
TZA,"Tanzania, United Republic of",1998,38.7192587292366,0.321885855644914,0.381117292627504,0.38952353262232,0.195016741684919,0.547500681060182
UGA,Uganda,1998,36.7497912425539,0.298719531526812,0.373866966475362,0.342421553108209,0.179870074996864,0.563723706675733
UKR,Ukraine,1998,44.2595995291853,0.317328609733357,0.214937250733296,0.321888925980441,0.415159652486335,0.432136619149651
URY,Uruguay,1998,51.0876933922495,0.441224231671639,0.443579173239091,0.657131096410029,0.222962425365797,0.419470363826649
USA,United States,1998,70.1857816640285,0.724731985948167,0.827268999697531,0.790913909333669,0.5560130488133,0.321016352667596
UZB,Uzbekistan,1998,42.026411174193,0.254365091899475,0.331487847683423,0.243332925370082,0.188274502644921,0.413836868415615
VCT,Saint Vincent and the Grenadines,1998,52.6312759063474,0.487650074836852,0.68660258971797,0.605273468793288,0.171074165999298,0.435024556709904
VEN,"Venezuela, Bolivarian Republic o",1998,44.5281373702904,0.279986519720081,0.296166568508611,0.361732067008034,0.182060923643598,0.389423772314273
VNM,Viet Nam,1998,42.037600562697,0.38043009188491,0.514093407232038,0.404524146407013,0.22267272201568,0.539678080630969
VUT,Vanuatu,1998,41.3209777148788,0.40999035320302,0.533727033803322,0.56448613911751,0.131757886688227,0.583570798905444
WSM,Samoa,1998,45.2245154851242,0.435870225938244,0.600263212739343,0.602589982352708,0.104757482722682,0.53137991623576
YEM,Yemen,1998,35.4705068813586,0.32017136919841,0.474729910821962,0.279160138068767,0.206624058704501,0.610761231571239
ZAF,South Africa,1998,46.0401585969432,0.38877351747235,0.471618045172592,0.536826041710298,0.157876465534159,0.467970345533486
ZMB,Zambia,1998,41.739971516049,0.339246378038219,0.473831640325237,0.41802183208543,0.12588566170399,0.504446947717239
ZWE,Zimbabwe,1998,37.97291905061,0.272724648646265,0.400430108307101,0.321949806889213,0.0957940307424822,0.513266267634066
AFG,Afghanistan,1999,30.0108356259779,0.245629669776748,0.350415690292995,0.0726458897358098,0.313827429301438,0.645412957257189
AGO,Angola,1999,32.4673672212529,0.165857218134566,0.237613997762875,0.163473065008872,0.0964845916319511,0.516509873709508
ALB,Albania,1999,40.7311673528407,0.322482183578864,0.399788486523725,0.325268828569878,0.242389235642988,0.507858836522049
AND,Andorra,1999,50.5054875632051,0.451113029065239,,0.753390419190333,0.148835638940145,0.441003277801137
ARE,United Arab Emirates,1999,52.7217503291048,0.515249308754145,0.714343565823475,0.612223766714887,0.219180593724072,0.460814302172048
ARG,Argentina,1999,48.404534268348,0.378686815686327,0.418299274974103,0.480786831625897,0.236974340458982,0.410596130319368
ARM,Armenia,1999,48.7552214744389,0.401086695226392,0.532636276771585,0.374022516283738,0.296601292623854,0.425982265737614
ATG,Antigua and Barbuda,1999,49.3951935189155,0.501242973125003,0.61723410890962,0.660510340480195,0.225984469985193,0.513339102746693
AUS,Australia,1999,69.0138348469457,0.714029608747302,0.769009741767052,0.841306288652848,0.531772795822007,0.333752911808388
AUT,Austria,1999,68.68987077222,0.709116216229934,0.714279403645137,0.814847660578274,0.598221584466391,0.335318800785534
AZE,Azerbaijan,1999,42.5159491038585,0.318209821195652,0.413390868331282,0.285539584307534,0.25569901094814,0.467890839118482
BDI,Burundi,1999,31.3100777485048,0.218099624064407,0.288723755821457,0.201744055882634,0.163831060489129,0.59189806909431
BEL,Belgium,1999,59.1247497347482,0.585934011804655,0.607000241464784,0.749181435300019,0.401620358649161,0.40343901710969
BEN,Benin,1999,37.8303765738481,0.347692817552003,0.318270438945891,0.466878314919187,0.257929698790932,0.591085286075042
BFA,Burkina Faso,1999,36.0871743937419,0.293626487086446,0.253691206449165,0.45754653778635,0.169641717023823,0.571882999211608
BGD,Bangladesh,1999,35.0272433153329,0.288413133823087,0.328985522728259,0.307501876882973,0.228752001858028,0.58786826751643
BGR,Bulgaria,1999,52.1888085761105,0.452133750004319,0.504469080481408,0.52124615764715,0.330686011884399,0.408357578482108
BHR,Bahrain,1999,47.4389679255256,0.454149771217973,0.677001178031031,0.550276877604123,0.135171258018764,0.505370412707461
BHS,Bahamas,1999,49.9485392705209,0.48320895633039,0.572480989519192,0.736576331274941,0.140569548197037,0.484238170919971
BIH,Bosnia and Herzegovina,1999,45.3518382626243,0.323814263112281,0.358179313871835,0.358159750723729,0.255103724741279,0.416777497859794
BLR,Belarus,1999,48.4821133286955,0.369697030147753,0.29542870345773,0.38335127657481,0.430311110410718,0.400054763573844
BLZ,Belize,1999,43.7816927599205,0.392936787094799,0.493112374915665,0.532769771268047,0.152928215100683,0.517302931896389
BOL,"Bolivia, Plurinational State of",1999,42.1654671252629,0.333829387210938,0.427281979941357,0.45707805123132,0.117128130460137,0.49052004470568
BRA,Brazil,1999,48.2945305005828,0.378385473108311,0.434628549361005,0.503285991922637,0.197241878041289,0.412494863096654
BRB,Barbados,1999,53.4039767829072,0.49256844409428,0.522723220218436,0.757337108139361,0.197645003925044,0.424488908436136
BRN,Brunei Darussalam,1999,51.0000077128621,0.471973501428319,0.558686121176622,0.653778808139333,0.203455574969003,0.451973347171077
BTN,Bhutan,1999,42.3504259967259,0.404489449535604,0.507058482678602,0.537646136083188,0.168763729845023,0.557480929601086
BWA,Botswana,1999,44.7794634341195,0.43102809977577,0.496994186705086,0.681466500540057,0.114623612082168,0.53543883109338
CAF,Central African Republic,1999,31.3904244320995,0.206879041596779,0.185935946124732,0.223943484957627,0.210757693707979,0.579070552954789
CAN,Canada,1999,68.2597079786282,0.67944611297684,0.713734025129268,0.840112860158272,0.484491453642979,0.314251953404275
CHE,Switzerland,1999,71.3026901678899,0.739997721897915,0.794289640032039,0.868676540872037,0.55702698478967,0.313943918540118
CHL,Chile,1999,57.0020173685797,0.520739265593181,0.62971365259627,0.727217269771262,0.205286874412011,0.380698918221587
CHN,China,1999,47.1252826756767,0.35085443622269,0.427410304298032,0.419253740873521,0.205899263496516,0.408348782709155
CIV,Cote d'Ivoire,1999,37.7567026292103,0.257154038566903,0.245446366532793,0.339418347846006,0.186597401321911,0.502019985982697
CMR,Cameroon,1999,40.0978373785877,0.295491997327728,0.337583254625488,0.307177222134619,0.241715515223076,0.493535249755973
COD,"Congo, the Democratic Republic o",1999,28.8898506931607,0.165316795218666,0.261922297327324,0.0707666117464647,0.16326147658221,0.587519781355451
COG,Congo,1999,32.9918447515049,0.240432095755281,0.26684445300836,0.245178761841837,0.209273072415645,0.580595200725182
COL,Colombia,1999,42.0691678259232,0.287954797085341,0.408289975153448,0.312557340105179,0.143017075997396,0.446571440566877
COM,Comoros,1999,37.5615887036651,0.305371697184566,0.465591383421602,0.304964651822758,0.145559056309337,0.554139923111264
CPV,Cape Verde,1999,46.0699037236719,0.410496641039758,0.442383006914369,0.635824284352392,0.153282631852512,0.48909856656632
CRI,Costa Rica,1999,50.1365015549564,0.430567396311064,0.455673743855715,0.647022810812532,0.189005634264946,0.427837365211936
CUB,Cuba,1999,39.882716177137,0.26570982100599,,0.393863387881962,0.137556254130018,0.468055497463251
CYP,Cyprus,1999,55.3279973527719,0.48496542675247,0.583677289639091,0.691420587063925,0.179798403554395,0.378405479697032
CZE,Czech Republic,1999,59.6840232036811,0.500640276131487,0.499175700768562,0.623614430823847,0.379130696802051,0.306959812057866
DEU,Germany,1999,70.227603885272,0.729039742078859,0.770485471868815,0.81896428267052,0.597669471697243,0.324487664373419
DJI,Djibouti,1999,35.2016608391921,0.315101460354434,0.411145192089468,0.36228900951267,0.171870179461164,0.611068243570592
DMA,Dominica,1999,56.8084571107422,0.607119947362918,0.557370796520703,0.656869098205134,,0.470950805148074
DNK,Denmark,1999,72.4348258966847,0.778978448670617,0.819312889583677,0.877741714515118,0.639880741913056,0.330281930736924
DOM,Dominican Republic,1999,42.603071680047,0.341502482149339,0.429206845291484,0.422796305357645,0.172504295798888,0.489441048548399
DZA,Algeria,1999,41.1515068982546,0.286333780728753,0.385319915308612,0.261400972284859,0.212280454592789,0.463303642763662
ECU,Ecuador,1999,41.1451558074287,0.328131812274193,0.434083170845136,0.381190273777264,0.16912199220018,0.505228696125619
EGY,Egypt,1999,41.0512218619138,0.336328203422223,0.295236216922717,0.431105396530294,0.282642996813658,0.515303766183947
ERI,Eritrea,1999,32.5404838224337,0.272558870886788,0.349207302600971,0.345977832877467,0.122491477181926,0.621749194438114
ESP,Spain,1999,60.6774623084622,0.556056151087289,0.573250935659243,0.724093866485429,0.370823651117196,0.342506904918045
EST,Estonia,1999,59.3836045618931,0.577872918558818,0.75268046738015,0.668407801602356,0.312530486693947,0.390200827320956
ETH,Ethiopia,1999,37.0285467920672,0.320825115890857,0.437804577188713,0.293598917067433,0.231071853416426,0.580254180049513
FIN,Finland,1999,73.5520363878534,0.782004629333385,0.788418800714156,0.891274696225766,0.666320391060234,0.310963901576318
FJI,Fiji,1999,46.1815837110275,0.443961474425422,0.576651531111132,0.539883885955552,0.215349006209581,0.520329800204871
FRA,France,1999,64.8241163015398,0.630668189251339,0.603535483834557,0.724898112424742,0.563570971494717,0.334185863220543
FSM,"Micronesia, Federated States of",1999,37.8353667787891,0.40759406645636,0.480806985713074,0.591990986343505,0.1499842273125,0.650886730880577
GAB,Gabon,1999,42.8780690119622,0.340310085840695,0.339604363243121,0.44236345223843,0.238962442040535,0.482748705601451
GBR,United Kingdom,1999,72.1330039185365,0.710013532978429,0.741708734884432,0.8447512784206,0.543580585630255,0.267353454607698
GEO,Georgia,1999,44.7846580249459,0.329447484921955,0.434275657380149,0.255198859465076,0.29886793792064,0.433754324423037
GHA,Ghana,1999,40.9691805218064,0.348820439650835,0.439986091252189,0.436187875711208,0.170287351989107,0.529436829214708
GIN,Guinea,1999,38.403539735671,0.293592426049198,0.345058148401811,0.296320831373084,0.239398298372701,0.525521631335779
GMB,Gambia,1999,38.5977118428134,0.361957830805247,0.407680434459241,0.493966234088074,0.184226823868425,0.590003593948979
GNB,Guinea-Bissau,1999,29.1606125159954,0.252295682034126,0.25627602563362,0.236918774254581,0.263692246214178,0.669083431714218
GNQ,Equatorial Guinea,1999,39.9196834455979,0.27075406146999,0.428450648189648,0.261754073360248,0.122057462860073,0.472360392558033
GRC,Greece,1999,56.6192486921396,0.506072781705871,0.536806818363525,0.664733305135692,0.316678221618396,0.373687807863079
GRD,Grenada,1999,52.1227417519446,0.480204893677797,0.508671703162516,0.622423116252193,0.30951986161868,0.437750058638905
GTM,Guatemala,1999,39.8799739281905,0.298747320357371,0.416983950318183,0.341394812828136,0.137863197925795,0.501147841793562
GUY,Guyana,1999,41.4394670037345,0.357288426895519,0.461095447925236,0.448491063987286,0.162278768774035,0.528499086820829
HND,Honduras,1999,40.8859528551475,0.295307987812436,0.422822708546899,0.340215234543924,0.122886020346485,0.477588930709487
HRV,Croatia,1999,51.7579834222986,0.452837812602639,0.523685652893499,0.469154897633362,0.365672887281056,0.417678144156666
HTI,Haiti,1999,35.2098921828802,0.259303272077901,0.399156030765826,0.24080040312935,0.137953382338526,0.555105428420297
HUN,Hungary,1999,56.4051179156093,0.544442732339075,0.556665012558991,0.676494210336908,0.400168974121326,0.416340374026889
IDN,Indonesia,1999,42.0601289045183,0.306911966547451,0.37367447994035,0.285805901252794,0.26125551844921,0.465709388457085
IND,India,1999,39.0625098106608,0.328766056059502,0.314645275869821,0.436533540249473,0.235119352059213,0.547515859846287
IRL,Ireland,1999,63.7907249609591,0.611686166294554,0.702216914117681,0.812077687821001,0.320763896944981,0.335871667075372
IRN,"Iran, Islamic Republic of",1999,43.8244350321942,0.328361879691482,0.436008036195262,0.351459301284855,0.197618301594328,0.451873179047598
IRQ,Iraq,1999,39.5904918482876,0.302564379429894,0.479523742146323,0.173405893588639,0.254763502554719,0.510754542464142
ISL,Iceland,1999,68.7061900228756,0.720750377163519,0.814372401851687,0.84430014557472,0.50357858406415,0.346626576706007
ISR,Israel,1999,59.3936091907099,0.580056963917821,0.598145860854205,0.616945472215777,0.525079558683483,0.392184780103624
ITA,Italy,1999,58.4490947523709,0.538628250297321,0.531609681918185,0.67274870362129,0.411526365352487,0.369646355249903
JAM,Jamaica,1999,45.4593891315574,0.366191625924791,0.430746737571584,0.481281244051422,0.186546896151368,0.457003843293643
JOR,Jordan,1999,48.0932541960731,0.413161949112395,0.455128365339846,0.529743197937098,0.254614284060243,0.451296865190933
JPN,Japan,1999,65.2981584615238,0.663622245036815,0.715883458103576,0.700285343056555,0.574697933950314,0.357659075806339
KAZ,Kazakhstan,1999,49.9458559752723,0.383518292528626,0.461833312976119,0.352780551048515,0.335941013561244,0.38460117302318
KEN,Kenya,1999,38.7782049328775,0.297102225216617,0.426062898552945,0.303766628798202,0.161477148298705,0.521538126559068
KGZ,Kyrgyzstan,1999,46.8266441030895,0.330910762671101,0.369151046367553,0.357717511313264,0.265863730332486,0.394377880609311
KHM,Cambodia,1999,38.4444122980686,0.308356489761709,0.393981809384178,0.321225957119069,0.209861702781881,0.539468243800337
KIR,Kiribati,1999,41.3193750462758,0.425146477927785,0.546215743515449,0.593990118606338,0.135233571661568,0.59875897700227
KNA,Saint Kitts and Nevis,1999,48.6999726600028,0.483720836403458,0.636592754716602,0.601357970689778,0.213211783803994,0.509721383203403
KOR,"Korea, Republic of",1999,63.6217238477625,0.65578786763865,0.758166333628009,0.596928152368224,0.612269116919719,0.383353390683401
KWT,Kuwait,1999,48.0144402753167,0.422285574334726,0.554451417406346,0.573306342725191,0.139098962872641,0.461996768828393
LAO,Lao People's Democratic Republic,1999,37.5069805132031,0.303961345744185,0.38412374898389,0.311807776042352,0.215952512206312,0.553821735480123
LBN,Lebanon,1999,42.7809041198616,0.351634268282008,0.489166400947907,0.390365855874019,0.175370548024097,0.496016185884775
LBR,Liberia,1999,32.0515170206842,0.216793177923912,0.241275824940852,0.15703771045318,0.252065998377705,0.575762837510229
LBY,Libyan Arab Jamahiriya,1999,38.8896187073061,0.26338749085875,0.301042894062264,0.30128516303814,0.187834415475845,0.485595116712628
LCA,Saint Lucia,1999,55.4379592550986,0.464771963360058,0.578448072104582,0.591325183706373,0.224542634269218,0.356012778258085
LIE,Liechtenstein,1999,,0.555962033395462,0.609306024758481,0.78043222897727,0.278147846450636,
LKA,Sri Lanka,1999,45.6530755877202,0.370906221342464,0.468313692988209,0.417145487130559,0.227259483908623,0.45784470958806
LSO,Lesotho,1999,39.231078084125,0.305579345540004,0.359270070903574,0.439440432577496,0.118027533138943,0.520957783857504
LTU,Lithuania,1999,56.4081637463151,0.531568494922337,0.682326638833047,0.578739791116356,0.333639054817607,0.403405219996034
LUX,Luxembourg,1999,62.1113690680904,0.588570066488833,0.684123179826497,0.847384835291701,0.234202184348302,0.346342685127026
LVA,Latvia,1999,54.8367648612644,0.502430968111462,0.61463554068695,0.54410014187129,0.348557221776145,0.405695670886175
MAR,Morocco,1999,44.2470593792769,0.397345205680977,0.497635808488462,0.494601710057993,0.199798098496475,0.512404018095439
MCO,Monaco,1999,63.5447384144876,0.678807199844937,,0.755039683220718,0.602574716469157,0.407912431555186
MDA,"Moldova, Republic of",1999,45.4275734497165,0.407357350693867,0.434339819558486,0.450599977158108,0.337132255365006,0.498805881699537
MDG,Madagascar,1999,37.6242840806049,0.307921221962379,0.296872352470324,0.454957634193602,0.171933679223211,0.555435540350281
MDV,Maldives,1999,42.6498486425019,0.449184644161661,0.632215977551434,0.577090996864149,0.138246958069401,0.596187671311624
MEX,Mexico,1999,47.1955092624666,0.36972396411045,0.471329315370073,0.462125069150864,0.175717507810414,0.425813778861119
MHL,Marshall Islands,1999,43.9096280491396,0.419745838463474,0.587499522262913,0.527306539170333,0.144431453957176,0.541553277480682
MKD,Macedonia,1999,47.9845050915008,0.373513288355063,0.487081130151937,0.355944447643211,0.27751428727004,0.413823186525046
MLI,Mali,1999,34.9476239639842,0.321145217892914,0.307074138825992,0.423718308654708,0.232643206198042,0.622192738613231
MLT,Malta,1999,54.1494970354791,0.489360143016218,0.536806818363525,0.728154225645401,0.203119385039727,0.406370202306636
MMR,Myanmar,1999,31.291162451193,0.176066450021425,0.205729978141861,0.179857393816002,0.142611978106413,0.550243200997565
MNE,Montenegro,1999,48.0415830083656,0.41433381748749,0.477585127757982,0.483406308288503,0.282010016415983,0.453502157320178
MNG,Mongolia,1999,47.5695696503722,0.42203781019816,0.438670766596269,0.51719111258261,0.310251551415602,0.470646417190715
MOZ,Mozambique,1999,39.62063289764,0.316066059795885,0.361740314769569,0.424739836882881,0.161718027735204,0.523653401843084
MRT,Mauritania,1999,35.1116399029676,0.354152483541719,0.402969097364172,0.41828558905558,0.241202764205404,0.651919685482366
MUS,Mauritius,1999,49.7790178518534,0.495092849775531,0.630483598736321,0.626908690332494,0.227886260257779,0.499512492738463
MWI,Malawi,1999,34.7279965431901,0.321181882806327,0.381277698073347,0.422880626726437,0.159387323619196,0.626621951942524
MYS,Malaysia,1999,51.883995163958,0.451421340504383,0.606647349483928,0.532737062523816,0.214879609505404,0.413741437225224
NAM,Namibia,1999,42.0403540728128,0.406904049198306,0.512649758219444,0.571226600519054,0.136835788856421,0.56609696774205
NER,Niger,1999,33.2120738602428,0.273757113308903,0.281409267490979,0.33406351807761,0.205798554358118,0.609515636104047
NGA,Nigeria,1999,34.5089391943721,0.227773162941337,0.267197344989216,0.251441327885463,0.164680815949332,0.537594379053895
NIC,Nicaragua,1999,41.873519838985,0.309518665969648,0.373353669048662,0.371486898518922,0.183715430341359,0.472048269189948
NLD,Netherlands,1999,66.613852583609,0.705669673687463,0.681685017049672,0.885908223505071,0.549415780507646,0.373392622015282
NOR,Norway,1999,75.2044537247222,0.776957381962464,0.839074840511637,0.852501419087392,0.639295886288364,0.272868307468021
NPL,Nepal,1999,39.3359016276248,0.368853549314038,0.523910220517681,0.383373723096864,0.19927670432757,0.582135516761543
NRU,Nauru,1999,52.3343928038996,0.545098384881221,,0.545098384881221,,0.49841052880323
NZL,New Zealand,1999,73.6498642969188,0.781529956517439,0.841609246555969,0.870236886104731,0.632743736891616,0.308532670579064
OMN,Oman,1999,48.8314627599256,0.465041409618437,0.685181855769067,0.606368460744773,0.103573912341472,0.488412154419924
PAK,Pakistan,1999,37.6601078260865,0.316131888194822,0.41188305714035,0.307365528785967,0.22914707865815,0.562929731673093
PAN,Panama,1999,48.2302646312837,0.405433662227247,0.550056308190224,0.499319349112152,0.166925329379366,0.440828369601573
PER,Peru,1999,45.3236673430509,0.375624338621691,0.54652738838166,0.40895173775572,0.171393889727694,0.469150991760674
PHL,Philippines,1999,43.6761631306593,0.361618085151945,0.45609079801491,0.423979937125283,0.204783520315642,0.488094822538759
PLW,Palau,1999,47.7444676195467,0.465160625686008,0.544634604120703,0.545173077927182,0.30567419501014,0.510271273295075
PNG,Papua New Guinea,1999,40.1687584469758,0.350135687315099,0.497122511061761,0.407521009165276,0.145763541718262,0.546760518375583
POL,Poland,1999,58.093505419636,0.484593150121139,0.451214472461257,0.62615734794964,0.37640762995252,0.32272304172842
PRK,"Korea, Democratic People's Repub",1999,43.0799108106655,0.396798483922079,,0.299511533909313,0.494085433934845,0.535200267708769
PRT,Portugal,1999,56.0586833620545,0.523967747976808,0.571197745952441,0.749825938389767,0.250879559588217,0.402794080735719
PRY,Paraguay,1999,42.516389634778,0.284335763654742,0.435879711838587,0.278078616175799,0.139048962949838,0.434007970959183
QAT,Qatar,1999,50.5693317045873,0.459962225587103,0.664457472166044,0.579304592672038,0.136124611923227,0.448575591495357
ROU,Romania,1999,49.0137017730885,0.409566649864098,0.449674580181156,0.455548466121795,0.323476903289342,0.429292614402328
RUS,Russian Federation,1999,52.0831702528396,0.381038122230585,0.417689734279897,0.301097295898571,0.424327336513289,0.339374717173793
RWA,Rwanda,1999,30.0146314996298,0.253918159637414,0.391094511358989,0.217610351222397,0.153049616330855,0.653625529644818
SAU,Saudi Arabia,1999,46.6041734016502,0.412030298084112,0.618480688374464,0.468962523966667,0.148647681911205,0.479946830051108
SDN,Sudan,1999,32.6075224034776,0.258779444752569,0.408257894064279,0.173059776933592,0.195020663259836,0.606628996683018
SEN,Senegal,1999,38.9246955429692,0.332989769098026,0.280190186102565,0.469844548528158,0.248934572663354,0.554495858238643
SGP,Singapore,1999,66.5644670484805,0.722927853732956,0.88267304069199,0.82222193969984,0.463888580807037,0.391638512763346
SLB,Solomon Islands,1999,42.598702619578,0.47394741769722,0.45634744672826,0.49154738866618,,0.62197336530566
SLE,Sierra Leone,1999,30.9968856669448,0.228648240429899,0.21458435875244,0.221448054998507,0.249912307538751,0.608710527091004
SLV,El Salvador,1999,43.7738317661995,0.34119245454315,0.471168909924229,0.411760052356869,0.140648401348352,0.46571581921916
SMR,San Marino,1999,,0.623867339033466,0.568053799213903,0.697255208899442,0.606293008987055,
SOM,Somalia,1999,27.77350401693,0.234652425283277,0.394377476150593,0.0749273744159607,,0.679182344944678
SRB,Serbia,1999,41.8211609174464,0.304437300302622,0.346084743255211,0.196680192320065,0.37054696533259,0.468014081953693
STP,Sao Tome and Principe,1999,39.7783688409929,0.365024053854783,0.344013221497457,0.53486001750337,0.216198922563522,0.569456677034925
SUR,Suriname,1999,45.1769035234586,0.353948885048363,0.376497615787201,0.497182538736614,0.188166500621275,0.450410814579192
SVK,Slovakia,1999,55.1245368315775,0.492818859725605,0.546334901846648,0.599576385276775,0.332545292053393,0.390328123094055
SVN,Slovenia,1999,59.9483830906275,0.583680876751566,0.54392882015899,0.707061637231848,0.50005217286386,0.384713214939016
SWE,Sweden,1999,71.742183141298,0.758770563218241,0.775393878511636,0.860306906438407,0.640610904704679,0.323926900392281
SWZ,Swaziland,1999,40.5616406335947,0.355687766738806,0.39994889196957,0.461891017300992,0.205223390945855,0.544454954066911
SYC,Seychelles,1999,49.0809875220463,0.468829787869277,0.57434169269098,0.612436697263785,0.219710973653065,0.487210037428351
SYR,Syrian Arab Republic,1999,42.7954481742084,0.34140177718398,0.446306065818436,0.346322231323462,0.231577034410041,0.485492813699812
TCD,Chad,1999,29.4978342720018,0.234738908032257,0.219653170841105,0.249140917861023,0.235422635394642,0.64478222259222
TGO,Togo,1999,37.7972288591122,0.304811117059979,0.33155200986176,0.346431748204332,0.236449593113845,0.548866539877735
THA,Thailand,1999,50.5874139885267,0.469234487779803,0.611202864145892,0.553851170508845,0.242649428684672,0.45748620800927
TJK,Tajikistan,1999,41.4784959351489,0.245284459345075,0.297866866234556,0.191711923322241,0.246274588478427,0.415714540642096
TKM,Turkmenistan,1999,39.6599546337468,0.249739652326056,,0.302807756298432,0.196671548353679,0.45654055965112
TLS,Timor-Leste,1999,40.7443286818831,0.38478684015765,0.393778629152776,0.439772845971553,0.320809045348622,0.569900266519988
TON,Tonga,1999,41.6451648173344,0.429805423345877,0.606711511662266,0.549449229592101,0.133255528783264,0.596902126999189
TTO,Trinidad and Tobago,1999,48.9536976736022,0.389638563452027,0.458817690594254,0.593196668944258,0.116901330817569,0.410564609979982
TUN,Tunisia,1999,50.2741692126619,0.432669633346204,0.609598809687454,0.483251929391574,0.205158160959584,0.427186249092966
TUR,Turkey,1999,48.2619421470999,0.386743965316697,0.499656917106093,0.443579055623857,0.21699592322014,0.421505122374699
TUV,Tuvalu,1999,41.9561503781386,0.399471414689914,,0.613026502090818,0.18591632728901,0.560348407127142
TZA,"Tanzania, United Republic of",1999,38.7211677837108,0.319265612332739,0.381117292627504,0.381472008922817,0.195207535447897,0.544842256658523
UGA,Uganda,1999,36.4483015300204,0.290996574990241,0.373866966475362,0.327841491202236,0.171281267293123,0.562030544389833
UKR,Ukraine,1999,44.5647267420569,0.321741097170159,0.214937250733296,0.318307869494081,0.431978171283099,0.430446562329021
URY,Uruguay,1999,50.8258604091716,0.440228957179419,0.443579173239091,0.653785939122875,0.223321759176291,0.423711748995988
USA,United States,1999,70.4170629412991,0.730114857888982,0.827268999697531,0.799228628622364,0.563846945347052,0.321773599063
UZB,Uzbekistan,1999,42.2182809292776,0.257111978191241,0.331487847683423,0.23015674843421,0.20969133845609,0.412746359605689
VCT,Saint Vincent and the Grenadines,1999,52.8909040038742,0.488408554983789,0.68660258971797,0.604810867087918,0.17381220814548,0.430590474906304
VEN,"Venezuela, Bolivarian Republic o",1999,44.5504673973835,0.2796676518823,0.296166568508611,0.359913237457588,0.182923149680701,0.38865830393463
VNM,Viet Nam,1999,42.1906207488624,0.381344743312919,0.514093407232038,0.407893066069908,0.222047756636813,0.537532328335672
VUT,Vanuatu,1999,41.6226743695974,0.414839655444813,0.533727033803322,0.578616412353918,0.132175520177199,0.582386168052864
WSM,Samoa,1999,45.2639272751479,0.435870071155103,0.600263212739343,0.597508525646247,0.10983847507972,0.530591525652146
YEM,Yemen,1999,35.5265576137268,0.319806560625981,0.474729910821962,0.273022906766475,0.211666864289506,0.609275408351444
ZAF,South Africa,1999,46.1647251780785,0.388266742519622,0.471618045172592,0.537381037237997,0.155801145148276,0.464972238958052
ZMB,Zambia,1999,41.8683474228405,0.341459861541847,0.473831640325237,0.414194067171645,0.136353877128659,0.504092913085038
ZWE,Zimbabwe,1999,36.9413523644218,0.252760953197906,0.400430108307101,0.261963739797046,0.0958890114895699,0.51393390590947
AFG,Afghanistan,2000,30.0789818447634,0.245563171032363,0.350415690292995,0.0724472438331417,0.313826578970954,0.643983534137096
AGO,Angola,2000,32.4563761244871,0.165880249994098,0.237613997762875,0.163415076872905,0.0966116753465129,0.516752727504355
ALB,Albania,2000,40.5419418158654,0.316930104538941,0.399788486523725,0.308393255856111,0.242608571236987,0.506091268221632
AND,Andorra,2000,51.9336294769175,0.452672557062892,,0.75301155669056,0.152333557435224,0.413999967524542
ARE,United Arab Emirates,2000,52.9404239973247,0.519043050058519,0.714343565823475,0.614548070805982,0.228237513546099,0.460234570112024
ARG,Argentina,2000,48.4251227079986,0.378559243482315,0.418299274974103,0.470540899003079,0.246837556469763,0.410056789322343
ARM,Armenia,2000,48.6502401278317,0.398848221358667,0.532636276771585,0.363074273149205,0.30083411415521,0.425843418802032
ATG,Antigua and Barbuda,2000,49.4735737157811,0.502546655564053,0.61723410890962,0.66013147738727,0.230274380395267,0.513075181248431
AUS,Australia,2000,69.3433075903375,0.720199925295162,0.769009741767052,0.851185442075993,0.54040459204244,0.333333773488411
AUT,Austria,2000,68.9845160257785,0.714139036519525,0.714279403645137,0.817418860574785,0.610718845338653,0.334448716003956
AZE,Azerbaijan,2000,42.5636481378149,0.31964845137632,0.413390868331282,0.286727689937158,0.25882679586052,0.468375488620022
BDI,Burundi,2000,31.3568010091068,0.224816379500484,0.288723755821457,0.212533475873849,0.173191906806147,0.597680359318349
BEL,Belgium,2000,59.5474659359569,0.593494464895183,0.607000241464784,0.76382476305376,0.409658390167005,0.402545146176046
BEN,Benin,2000,37.7704232555934,0.344929734181363,0.318270438945891,0.4575928814142,0.258925882183999,0.589521269069494
BFA,Burkina Faso,2000,36.3113805582572,0.294788246303248,0.253691206449165,0.461480820317651,0.169192712142927,0.568560635138105
BGD,Bangladesh,2000,34.904906447114,0.282834079742213,0.328985522728259,0.290593361056937,0.228923355441443,0.584735950799933
BGR,Bulgaria,2000,51.560285853616,0.443303926677384,0.504469080481408,0.516018573149087,0.309424126401658,0.412098209605065
BHR,Bahrain,2000,47.6887213679368,0.458129082532658,0.677001178031031,0.556314358014386,0.141071711552558,0.504354655173924
BHS,Bahamas,2000,50.1006485487562,0.48562706464787,0.572480989519192,0.739381687267522,0.145018517156897,0.483614093672746
BIH,Bosnia and Herzegovina,2000,45.4534764850783,0.327238163678574,0.358179313871835,0.362262786606643,0.261272390557243,0.418168633977009
BLR,Belarus,2000,48.0887703356075,0.36624507656612,0.29542870345773,0.367118474030624,0.436188052210006,0.404469669853969
BLZ,Belize,2000,44.1646667288403,0.394345598571157,0.493112374915665,0.53558153348179,0.154342887316017,0.511052263994351
BOL,"Bolivia, Plurinational State of",2000,41.7218320254228,0.32533820760366,0.427281979941357,0.443513459716755,0.105219183152868,0.490901567095203
BRA,Brazil,2000,48.7059779693121,0.382884588636258,0.434628549361005,0.513349571856635,0.200675644691135,0.408765029250017
BRB,Barbados,2000,53.8999017932035,0.500546155417638,0.522723220218436,0.766195648916232,0.212719597118246,0.422548119553568
BRN,Brunei Darussalam,2000,51.1509517079436,0.474570901295151,0.558686121176622,0.658287288760272,0.206739293948559,0.45155186713628
BTN,Bhutan,2000,42.2932588145025,0.402617242317826,0.507058482678602,0.531216171135712,0.169577073139163,0.556752066027776
BWA,Botswana,2000,44.9103752032897,0.43194367446767,0.496994186705086,0.680969099402386,0.117867737295539,0.533736170401876
CAF,Central African Republic,2000,31.2396511500544,0.207147137862067,0.185935946124732,0.224887327084992,0.210618140376479,0.58235411486098
CAN,Canada,2000,68.596148584766,0.685857772294774,0.713734025129268,0.842906464528219,0.500932827226835,0.313934800599453
CHE,Switzerland,2000,71.6527185811844,0.746655348617695,0.794289640032039,0.877939136451582,0.567737269369465,0.313600976994008
CHL,Chile,2000,57.649296963199,0.532609884175601,0.62971365259627,0.749370336765412,0.218745663165121,0.379623944911621
CHN,China,2000,47.2536053245863,0.353036720818543,0.427410304298032,0.41884941745831,0.212850440699285,0.407964614326816
CIV,Cote d'Ivoire,2000,36.8298101252426,0.239628930636838,0.245446366532793,0.287053729392578,0.186386695985142,0.503032728131985
CMR,Cameroon,2000,40.1883231095444,0.296853262385933,0.337583254625488,0.311577666390575,0.241398866141738,0.493086800195045
COD,"Congo, the Democratic Republic o",2000,28.9158736398727,0.166878495259211,0.261922297327324,0.0748558791193449,0.163857309330963,0.588561022461757
COG,Congo,2000,33.5641985840451,0.250758698491431,0.26684445300836,0.272710626936529,0.212721015529403,0.579474726810529
COL,Colombia,2000,42.013960990965,0.286487941924656,0.408289975153448,0.309088410435791,0.142085440184729,0.446208722105355
COM,Comoros,2000,36.6293856902865,0.299477346836157,0.465591383421602,0.286995763193785,0.145844893893083,0.566889633030427
CPV,Cape Verde,2000,46.2237374049363,0.415765793439324,0.442383006914369,0.650081133556764,0.15483323984684,0.491291045340598
CRI,Costa Rica,2000,50.4444778850099,0.432205038007778,0.455673743855715,0.650986544333354,0.189954825834264,0.423315480307579
CUB,Cuba,2000,40.2004504011032,0.268712300899615,,0.395937990364941,0.141486611434289,0.464703292877551
CYP,Cyprus,2000,55.440822070875,0.48890792965026,0.583677289639091,0.697852863095676,0.185193636216012,0.380091488232759
CZE,Czech Republic,2000,59.325049629545,0.491232861204445,0.499175700768562,0.597240969666555,0.377281913178218,0.304731868613544
DEU,Germany,2000,70.5478068603988,0.733294282852407,0.770485471868815,0.821769283231977,0.60762809345643,0.32233814564443
DJI,Djibouti,2000,35.4423022503478,0.319224602773554,0.411145192089468,0.374559455279733,0.17196916095146,0.610378557766597
DMA,Dominica,2000,57.1678763802062,0.605908534445817,0.557370796520703,0.65444627237093,,0.462551006841694
DNK,Denmark,2000,72.7164944058061,0.783205126739462,0.819312889583677,0.88390533339348,0.64639715724123,0.328875238623341
DOM,Dominican Republic,2000,42.7813058870692,0.345137471316496,0.429206845291484,0.430326597982173,0.17587897067583,0.489511353575112
DZA,Algeria,2000,41.4208764244527,0.290211203469129,0.385319915308612,0.271599898915283,0.213713796183492,0.461793674980076
ECU,Ecuador,2000,40.8268056237184,0.320872708389706,0.434083170845136,0.351778940302088,0.176756014021894,0.504336595915337
EGY,Egypt,2000,41.0223309260229,0.335551978325153,0.295236216922717,0.431207649890466,0.280212068162275,0.515105359804695
ERI,Eritrea,2000,32.54333645403,0.271319167801232,0.349207302600971,0.341878210659855,0.122871990142869,0.620452438720631
ESP,Spain,2000,61.3021763872824,0.564085845187336,0.573250935659243,0.729433453554513,0.389573146348253,0.338042317441689
EST,Estonia,2000,59.7026030633058,0.582443858608113,0.75268046738015,0.672732838534342,0.321918269909848,0.388391797341998
ETH,Ethiopia,2000,37.06059567431,0.319376243208744,0.437804577188713,0.288564459634682,0.231759692802836,0.578164329722545
FIN,Finland,2000,73.0452276645347,0.783381107824498,0.788418800714156,0.896842683382743,0.664881839376595,0.322476554533804
FJI,Fiji,2000,45.5998892484165,0.432701511273901,0.576651531111132,0.50489528420619,0.216557718504382,0.52070372630557
FRA,France,2000,64.9828388476627,0.634344024003956,0.603535483834557,0.731220440431334,0.568276147745977,0.334687247050701
FSM,"Micronesia, Federated States of",2000,37.8872788740978,0.407699875539166,0.480806985713074,0.591630361113475,0.150662279790951,0.649954298057211
GAB,Gabon,2000,43.1633941894302,0.345280389854674,0.339604363243121,0.454407423728797,0.241829382592105,0.48201250606607
GBR,United Kingdom,2000,72.2850500734406,0.712273642316977,0.741708734884432,0.844121641565877,0.550990550500623,0.266572640848166
GEO,Georgia,2000,45.0950350369017,0.335131510917717,0.434275657380149,0.278116751885397,0.293002123487606,0.433230810179683
GHA,Ghana,2000,41.4527745516197,0.359113006829656,0.439986091252189,0.467988892234996,0.169364037001783,0.530057515797262
GIN,Guinea,2000,37.9561022773143,0.283527051879995,0.345058148401811,0.265693289630802,0.239829717607371,0.524405006333709
GMB,Gambia,2000,38.7349226412197,0.361583212779691,0.407680434459241,0.488562062271808,0.188507141608025,0.586884759955297
GNB,Guinea-Bissau,2000,30.2340131461509,0.267664190202176,0.25627602563362,0.282756828268462,0.263959716704446,0.662983927279157
GNQ,Equatorial Guinea,2000,40.4680564769477,0.272245592662356,0.428450648189648,0.266051207431494,0.122234922365927,0.462884463123403
GRC,Greece,2000,56.8427523256265,0.510893890631117,0.536806818363525,0.67059096669895,0.325283886830875,0.374038844118587
GRD,Grenada,2000,52.2237967070037,0.481246682124545,0.508671703162516,0.622054942961901,0.313013400249219,0.436770747984472
GTM,Guatemala,2000,40.2927439343531,0.307850408945685,0.416983950318183,0.362421764454753,0.14414551206412,0.501995530258623
GUY,Guyana,2000,41.2830117919383,0.35205949209321,0.461095447925236,0.433155796442203,0.16192723191219,0.526399256254444
HND,Honduras,2000,40.9962979867622,0.296580354951617,0.422822708546899,0.339802194876819,0.127116161431133,0.476654395216374
HRV,Croatia,2000,52.6917935772826,0.470850669463994,0.523685652893499,0.51064921095063,0.378217144547852,0.417014797918342
HTI,Haiti,2000,35.2701857881581,0.260382992739663,0.399156030765826,0.24385052623922,0.138142421213944,0.554979276976501
HUN,Hungary,2000,56.6094352282057,0.548927219501642,0.556665012558991,0.673916582264386,0.416200063681548,0.416738514937528
IDN,Indonesia,2000,42.46004891905,0.307196616620672,0.37367447994035,0.286631121126597,0.261284248795068,0.457995638239673
IND,India,2000,39.3063841022341,0.331683924658943,0.314645275869821,0.443250016838498,0.23715648126851,0.545556242614261
IRL,Ireland,2000,63.9205495726171,0.613393541556633,0.702216914117681,0.808282053083126,0.32968165746909,0.33498255010429
IRN,"Iran, Islamic Republic of",2000,44.0476001844868,0.330917933036118,0.436008036195262,0.35433880928629,0.202406953626802,0.449965929346382
IRQ,Iraq,2000,39.6512780355154,0.303594211128629,0.479523742146323,0.175515646145865,0.2557432450937,0.510568650418321
ISL,Iceland,2000,70.3572962092685,0.751989753793919,0.814372401851687,0.860793302915293,0.580803556614775,0.344843829608549
ISR,Israel,2000,59.522361826131,0.580725709434137,0.598145860854205,0.614758027731769,0.529273239716438,0.390278472911518
ITA,Italy,2000,59.1960733774699,0.554922890240477,0.531609681918185,0.677645213213855,0.455513775589392,0.37100142269108
JAM,Jamaica,2000,44.4859498572381,0.346928358051303,0.430746737571584,0.465091716535163,0.144946620047163,0.457209360906542
JOR,Jordan,2000,48.2547905970831,0.412848788851503,0.455128365339846,0.528416746653221,0.255001254561443,0.44775297690984
JPN,Japan,2000,65.6800909700969,0.670216587737302,0.715883458103576,0.713402519332983,0.581363785775346,0.356614768335364
KAZ,Kazakhstan,2000,50.3016283420123,0.385346219666831,0.461833312976119,0.342492962783209,0.351712383241165,0.379313652826586
KEN,Kenya,2000,38.8582691014086,0.29830361669449,0.426062898552945,0.308668057545911,0.160179893984614,0.521138234666319
KGZ,Kyrgyzstan,2000,47.1085362121264,0.335916625312162,0.369151046367553,0.344923627880933,0.293675201687999,0.393745901069634
KHM,Cambodia,2000,38.7082924673141,0.31162280180084,0.393981809384178,0.330655759592893,0.21023083642545,0.537456952454558
KIR,Kiribati,2000,41.403321104364,0.425327368070316,0.546215743515449,0.593629493376307,0.13613686731919,0.597260945983035
KNA,Saint Kitts and Nevis,2000,48.7600897677433,0.485039710141806,0.636592754716602,0.600997345459747,0.217529030249069,0.509837914786939
KOR,"Korea, Republic of",2000,64.3467048458389,0.667282530328166,0.758166333628009,0.602447927115605,0.641233330240885,0.380348433411389
KWT,Kuwait,2000,48.1905973131294,0.424020406197658,0.554451417406346,0.577116577620859,0.140493223565769,0.46020845993507
LAO,Lao People's Democratic Republic,2000,37.4266786666263,0.300597851428586,0.38412374898389,0.298893256517136,0.218776548784731,0.55206427809606
LBN,Lebanon,2000,43.182485091217,0.358020022816343,0.489166400947907,0.407036018909135,0.177857648591986,0.494370320992003
LBR,Liberia,2000,32.9473939228221,0.234751976406539,0.241275824940852,0.189316161263727,0.273663943015036,0.575804097950097
LBY,Libyan Arab Jamahiriya,2000,39.0139030736823,0.265885359709763,0.301042894062264,0.315981949975357,0.180631235091667,0.485607298236116
LCA,Saint Lucia,2000,55.8736632532182,0.470694955492128,0.578448072104582,0.607051636214077,0.226585158157723,0.353221690427763
LIE,Liechtenstein,2000,,0.556072306049936,0.609306024758481,0.780053366276505,0.278857527114823,
LKA,Sri Lanka,2000,45.4801310829924,0.366122830564423,0.468313692988209,0.40870005498923,0.221354743715829,0.456520208904575
LSO,Lesotho,2000,39.3736815250082,0.308079278836818,0.359270070903574,0.446478145267472,0.118489620339409,0.520605648336655
LTU,Lithuania,2000,56.13560584169,0.527004614885652,0.682326638833047,0.567561611792307,0.331125594031601,0.404292498051851
LUX,Luxembourg,2000,66.265181650787,0.671393118780264,0.684123179826497,0.866888361866563,0.463167814647732,0.346089485764523
LVA,Latvia,2000,54.8322914614398,0.503590990762015,0.61463554068695,0.542548902715017,0.353588528884076,0.406945161533218
MAR,Morocco,2000,43.9478237927318,0.393083384594783,0.497635808488462,0.479821467767499,0.201792877528389,0.514126908740148
MCO,Monaco,2000,62.6429431948209,0.660712470616049,,0.754679057990687,0.56674588324141,0.407853606719631
MDA,"Moldova, Republic of",2000,44.562277707367,0.398488811029005,0.434339819558486,0.422844687895967,0.338281925632561,0.507243256881665
MDG,Madagascar,2000,37.6522824068022,0.30734792574366,0.296872352470324,0.462723481430531,0.162447943330125,0.554302277607617
MDV,Maldives,2000,43.1666386654653,0.458561680815915,0.632215977551434,0.582638929644614,0.160830135251699,0.595228907506608
MEX,Mexico,2000,47.7558849257064,0.377101921908813,0.471329315370073,0.482481924736622,0.177494525619745,0.421984223394686
MHL,Marshall Islands,2000,44.3655440257964,0.427500931667771,0.587499522262913,0.550021044015184,0.144982228725215,0.540190051151843
MKD,Macedonia,2000,47.5187942697514,0.36626351569591,0.487081130151937,0.345776469140262,0.26593294779553,0.415887630300883
MLI,Mali,2000,35.1489535206279,0.319450409888826,0.307074138825992,0.418490617681044,0.232786473159441,0.616471339476267
MLT,Malta,2000,55.4809755520908,0.511755338166913,0.536806818363525,0.738426752830686,0.260032443306528,0.402135827125098
MMR,Myanmar,2000,31.4414717315307,0.177122854430531,0.205729978141861,0.178660368173396,0.146978216976336,0.548293419799918
MNE,Montenegro,2000,48.1465474098076,0.416658259138891,0.477585127757982,0.490379633242708,0.282010016415983,0.453727310942738
MNG,Mongolia,2000,47.1017714663182,0.416551699546593,0.438670766596269,0.503450344334345,0.307533987709165,0.474516270220229
MOZ,Mozambique,2000,39.6611396197522,0.312783226342411,0.361740314769569,0.415440531613196,0.161168832644469,0.519560433947368
MRT,Mauritania,2000,35.035269383227,0.354658467220769,0.402969097364172,0.421337945558896,0.239668358739239,0.65395307955623
MUS,Mauritius,2000,49.8031964922688,0.494365835892354,0.630483598736321,0.620237989333827,0.232375919606915,0.498301906046979
MWI,Malawi,2000,34.8554297622864,0.32119590617718,0.381277698073347,0.417020822442618,0.165289198015575,0.624087310931451
MYS,Malaysia,2000,52.1874483441366,0.456116288886307,0.606647349483928,0.530262039824147,0.231439477350845,0.412367322003575
NAM,Namibia,2000,41.9852919668142,0.403085883408911,0.512649758219444,0.558223394302889,0.1383844977044,0.563380044072627
NER,Niger,2000,33.3021806656941,0.277095883367713,0.281409267490979,0.344071649006418,0.205806733605743,0.611052270053832
NGA,Nigeria,2000,34.3730738472689,0.222002558985227,0.267197344989216,0.231389068618436,0.16742126334803,0.534541082039849
NIC,Nicaragua,2000,42.2316735892114,0.312798405033673,0.373353669048662,0.376172797552818,0.18886874849954,0.468164933249446
NLD,Netherlands,2000,67.1244526806026,0.707031646436137,0.681685017049672,0.896033597787211,0.543376324471528,0.364542592824086
NOR,Norway,2000,75.261422647379,0.778081339298317,0.839074840511637,0.845795259258256,0.649373918125057,0.272852886350737
NPL,Nepal,2000,38.9482634895202,0.359437327822207,0.523910220517681,0.358556537135208,0.195845225813733,0.580472058031803
NRU,Nauru,2000,52.5864217626528,0.544737759651191,,0.544737759651191,,0.493009324398135
NZL,New Zealand,2000,73.7224031013794,0.781770664748994,0.841609246555969,0.865686162727149,0.638016584963863,0.307322602721405
OMN,Oman,2000,49.0120359812397,0.467843887379344,0.685181855769067,0.610825982793491,0.107523823575473,0.48760316775455
PAK,Pakistan,2000,37.685250448859,0.314102280273699,0.41188305714035,0.296500524591491,0.233923259089256,0.560397271296518
PAN,Panama,2000,48.1201059934889,0.40206856303174,0.550056308190224,0.489248922297534,0.166900458607463,0.439666443161962
PER,Peru,2000,45.0374795342719,0.370526743390526,0.54652738838166,0.387103224071358,0.177949617718559,0.469777152705088
PHL,Philippines,2000,43.0366644056851,0.346615865450038,0.45609079801491,0.377165859737005,0.206590938598199,0.485882577336337
PLW,Palau,2000,47.7967567209719,0.465040417275998,0.544634604120703,0.544812452697152,0.30567419501014,0.50910528285656
PNG,Papua New Guinea,2000,40.2231072707138,0.346855860081881,0.497122511061761,0.397557230779992,0.145887838403891,0.542393714667604
POL,Poland,2000,57.9896470216207,0.481766227766709,0.451214472461257,0.612448686870593,0.381635523968277,0.321973287334295
PRK,"Korea, Democratic People's Repub",2000,43.5598487230654,0.40017806610063,,0.306280789725702,0.494075342475558,0.528981091639321
PRT,Portugal,2000,56.0310154461791,0.522816332912989,0.571197745952441,0.742340257933977,0.25491099485255,0.402196023989406
PRY,Paraguay,2000,42.3985995153778,0.280986373851236,0.435879711838587,0.261518233564129,0.145561176150993,0.43301438354368
QAT,Qatar,2000,50.9735182426016,0.465939353070518,0.664457472166044,0.59713511786173,0.136225469183779,0.446468988218485
ROU,Romania,2000,48.48870601244,0.398879467974835,0.449674580181156,0.426065320954457,0.320898502788891,0.429105347726034
RUS,Russian Federation,2000,52.5670663147964,0.389708740660928,0.417689734279897,0.29404864636017,0.457387841342717,0.338367414365
RWA,Rwanda,2000,30.203786175879,0.256984347545432,0.391094511358989,0.226119724152073,0.153738807125233,0.652908624027852
SAU,Saudi Arabia,2000,46.6856295959941,0.414428446813005,0.618480688374464,0.471961573448213,0.152843078616339,0.480715854893124
SDN,Sudan,2000,32.4215500033641,0.259037584234424,0.408257894064279,0.173306789786936,0.195548068852058,0.610606584167142
SEN,Senegal,2000,39.1272113542805,0.335709992025309,0.280190186102565,0.476917284838553,0.250022505134809,0.553165764939699
SGP,Singapore,2000,67.6891194965507,0.749229137689446,0.88267304069199,0.83284514180719,0.532169230569158,0.395446747758433
SLB,Solomon Islands,2000,41.0109945465153,0.447809573036831,0.45634744672826,0.439271699345403,,0.627589682106525
SLE,Sierra Leone,2000,31.0887470982881,0.230802128493941,0.21458435875244,0.227809317716351,0.250012709013031,0.60902718652818
SLV,El Salvador,2000,43.9261924119732,0.341439238819417,0.471168909924229,0.412223141284062,0.140925665249961,0.462915390579954
SMR,San Marino,2000,,0.626357906455409,0.568053799213903,0.696894583669411,0.614125336482912,
SOM,Somalia,2000,28.0289227167749,0.239454433072439,0.394377476150593,0.0845313899942847,,0.678875978736941
SRB,Serbia,2000,41.8736307393813,0.305050663342772,0.346084743255211,0.198520281440515,0.37054696533259,0.467578048555146
STP,Sao Tome and Principe,2000,39.5143031799413,0.365348230380665,0.344013221497457,0.532259192630549,0.21977227701399,0.575062166781839
SUR,Suriname,2000,45.1661715539268,0.354381337223407,0.376497615787201,0.496993158993577,0.189653236889442,0.451057906144871
SVK,Slovakia,2000,55.1903533660829,0.493738646498481,0.546334901846648,0.592049680737963,0.342831356910833,0.389931579176824
SVN,Slovenia,2000,60.1501302413037,0.584350640943022,0.54392882015899,0.678464759048741,0.530658343621333,0.381348036116948
SWE,Sweden,2000,71.9421818855476,0.762408757489639,0.775393878511636,0.868494173195025,0.643338220762256,0.323565119778686
SWZ,Swaziland,2000,40.4920874837666,0.354274498062627,0.39994889196957,0.45756419440605,0.20531040781226,0.544432748387294
SYC,Seychelles,2000,49.6289061988999,0.469654558930023,0.57434169269098,0.618094603621975,0.216527380477115,0.477076434952025
SYR,Syrian Arab Republic,2000,42.913140454117,0.341176225514831,0.446306065818436,0.334511246310633,0.242711364415425,0.482913416432491
TCD,Chad,2000,29.5564870026749,0.234774852141536,0.219653170841105,0.249098307622532,0.23557307796097,0.643645112088038
TGO,Togo,2000,37.9467682317826,0.305622996433254,0.33155200986176,0.348100805685988,0.237216173752013,0.546687631797602
THA,Thailand,2000,50.8625677297275,0.47429218870344,0.611202864145892,0.568543703378954,0.243129998585475,0.45704083410889
TJK,Tajikistan,2000,41.8638231521331,0.251085278247319,0.297866866234556,0.208860576010262,0.24652839249714,0.413808815204657
TKM,Turkmenistan,2000,39.710479752038,0.247673104292909,,0.298623946177206,0.196722262408612,0.453463509252148
TLS,Timor-Leste,2000,40.7484607769207,0.38478684015765,0.393778629152776,0.439772845971553,0.320809045348622,0.569817624619237
TON,Tonga,2000,41.8066231478793,0.432347618398873,0.606711511662266,0.54908860436207,0.141242739172282,0.596215155441286
TTO,Trinidad and Tobago,2000,48.7345327633796,0.383324147334774,0.458817690594254,0.573879257941119,0.117275493468949,0.408633492067182
TUN,Tunisia,2000,50.5025944150509,0.434172049507931,0.609598809687454,0.484791796667112,0.208125542169226,0.424120161206912
TUR,Turkey,2000,48.7463272785403,0.395972937794579,0.499656917106093,0.467044856659089,0.221217039618554,0.421046392223772
TUV,Tuvalu,2000,42.0571013583553,0.39938496374605,,0.612665876860788,0.186104050631313,0.558242936578944
TZA,"Tanzania, United Republic of",2000,38.6027792982979,0.316623461953416,0.381117292627504,0.373420485223313,0.195332608009431,0.544567875987458
UGA,Uganda,2000,36.1931571759186,0.286077020610646,0.373866966475362,0.313261429296264,0.171102666060313,0.562213877092275
UKR,Ukraine,2000,44.7525628417506,0.324079728095307,0.214937250733296,0.314726813007721,0.442575120544904,0.429028471260294
URY,Uruguay,2000,50.9559596046776,0.441617395574869,0.443579173239091,0.650440781835721,0.230832231649796,0.422498203481318
USA,United States,2000,70.7408086265292,0.736437973734265,0.827268999697531,0.807543347911059,0.574501573594205,0.321621801203681
UZB,Uzbekistan,2000,42.3649994368526,0.259024153398022,0.331487847683423,0.216980571498338,0.228604041012305,0.41172416466097
VCT,Saint Vincent and the Grenadines,2000,53.0228411150822,0.488757505237739,0.68660258971797,0.604348265382547,0.175321660612698,0.428300682936095
VEN,"Venezuela, Bolivarian Republic o",2000,44.5857302756127,0.279138311203946,0.296166568508611,0.358094407907143,0.183153957196083,0.387423705691692
VNM,Viet Nam,2000,42.5658497160527,0.381203006403827,0.514093407232038,0.411261985732803,0.21825362624664,0.529886012082773
VUT,Vanuatu,2000,42.0077092800441,0.42031350054306,0.533727033803322,0.592746685590326,0.134466782235533,0.580159314942179
WSM,Samoa,2000,45.0537243606119,0.431681177993632,0.600263212739343,0.592427068939787,0.102353252301767,0.530606690781394
YEM,Yemen,2000,35.5147020768204,0.318134427696577,0.474729910821962,0.266885675464183,0.212787696803586,0.607840386160169
ZAF,South Africa,2000,46.5650045989506,0.394616415345493,0.471618045172592,0.537936032765694,0.174295168098193,0.463316323366481
ZMB,Zambia,2000,41.9544435594213,0.343779357195601,0.473831640325237,0.410366302257862,0.147140129003705,0.504690486007174
ZWE,Zimbabwe,2000,35.690356881036,0.232825377309622,0.400430108307101,0.201977672704878,0.0960683509168855,0.519018239688902
AFG,Afghanistan,2001,30.4666296768902,0.25147632845815,0.350415690292995,0.0901871957516798,0.313826099329775,0.642143734920346
AGO,Angola,2001,32.7608576350706,0.174340578827046,0.237613997762875,0.180682333257467,0.104725405460797,0.519123426125635
ALB,Albania,2001,40.905143815231,0.325673850733594,0.399788486523725,0.333548816745068,0.24368424893199,0.507570974428974
AND,Andorra,2001,52.175584196313,0.455699191194368,,0.75734481795236,0.154053564436375,0.412187507268107
ARE,United Arab Emirates,2001,53.6190619547599,0.53056745605904,0.714343565823475,0.645585576566954,0.23177322578669,0.458186216963842
ARG,Argentina,2001,47.2163535247222,0.354705345766118,0.418299274974103,0.413932755465356,0.231884006858895,0.410378275271675
ARM,Armenia,2001,49.0257280576363,0.410255395510183,0.532636276771585,0.390167382481155,0.30796252727781,0.429740834357456
ATG,Antigua and Barbuda,2001,49.5604002262552,0.503160269505808,0.61723410890962,0.660388927061443,0.231857772546362,0.511952264980705
AUS,Australia,2001,69.5380441343108,0.723068544451605,0.769009741767052,0.839945896770632,0.56024999481713,0.332307661765388
AUT,Austria,2001,69.3078131985458,0.719913702531276,0.714279403645137,0.830243067597354,0.615218636351335,0.33375743856036
AZE,Azerbaijan,2001,43.3433788259274,0.323714933413381,0.413390868331282,0.295427225244385,0.262326706664477,0.456847356894834
BDI,Burundi,2001,30.4302997689837,0.229545643361551,0.288723755821457,0.217611424629952,0.182301749633245,0.620939647981878
BEL,Belgium,2001,59.697681674405,0.597264865382708,0.607000241464784,0.771028443432413,0.413765911250927,0.403311231894608
BEN,Benin,2001,37.3533136599595,0.342185517716517,0.318270438945891,0.447664458758214,0.260621655445446,0.595119244517327
BFA,Burkina Faso,2001,36.4224191891732,0.2917376553994,0.253691206449165,0.452537215064548,0.168984544684487,0.563289271615936
BGD,Bangladesh,2001,34.5589183808031,0.277656211562127,0.328985522728259,0.273337395638928,0.230645716319194,0.586477843946064
BGR,Bulgaria,2001,51.7792854352978,0.445350783767363,0.504469080481408,0.527322942811315,0.304260328009366,0.409765075061406
BHR,Bahrain,2001,48.3221544609806,0.471417683514892,0.677001178031031,0.584386822939356,0.152865049574289,0.504974594295279
BHS,Bahamas,2001,50.3179880458875,0.489453040742561,0.572480989519192,0.745415873902092,0.150462258806398,0.48309327982481
BIH,Bosnia and Herzegovina,2001,46.3592941979324,0.3382124022785,0.358179313871835,0.385599602060419,0.270858290903247,0.411026518319852
BLR,Belarus,2001,48.2732381298493,0.36658404879643,0.29542870345773,0.370121226680533,0.434202216251026,0.401119286199444
BLZ,Belize,2001,44.1490386759071,0.394757353773051,0.493112374915665,0.536165671377834,0.154994015025655,0.511776580254909
BOL,"Bolivia, Plurinational State of",2001,41.8592211788173,0.327175625992128,0.427281979941357,0.428337325368435,0.125907572666592,0.489991202415782
BRA,Brazil,2001,48.9359925288677,0.383965167672522,0.434628549361005,0.513403149392357,0.203863804264205,0.405245317095169
BRB,Barbados,2001,53.9155469983693,0.501662155909763,0.522723220218436,0.762159529895277,0.220103717615575,0.423351215942377
BRN,Brunei Darussalam,2001,51.4668334076996,0.477393336306305,0.558686121176622,0.658312293883526,0.215181593858769,0.448056668152313
BTN,Bhutan,2001,41.8273152891602,0.404595038262547,0.507058482678602,0.536146931284311,0.170579700824727,0.568048732479343
BWA,Botswana,2001,44.9222863449513,0.429193223024679,0.496994186705086,0.670774875917643,0.119810606451307,0.530747496125653
CAF,Central African Republic,2001,31.7597638077735,0.210994275126721,0.185935946124732,0.236532722066526,0.210514157188906,0.575798998971252
CAN,Canada,2001,68.5367894712462,0.684596760553842,0.713734025129268,0.838865384349802,0.501190872182457,0.313860971128918
CHE,Switzerland,2001,71.8099980323125,0.749407388889356,0.794289640032039,0.87596886223106,0.577963664404968,0.313207428243106
CHL,Chile,2001,58.0382758463941,0.538974214306352,0.62971365259627,0.760654872638026,0.226554117684761,0.37820869737847
CHN,China,2001,47.1278513647179,0.348976909249046,0.427410304298032,0.403482137544895,0.216038285904211,0.406419881954688
CIV,Cote d'Ivoire,2001,36.5863977181648,0.235335572681116,0.245446366532793,0.274357354805853,0.186202996704704,0.50360761831782
CMR,Cameroon,2001,40.1065801650886,0.290148173687076,0.337583254625488,0.291069442759006,0.241791823676733,0.488016570385304
COD,"Congo, the Democratic Republic o",2001,29.671307836309,0.173526847242817,0.261922297327324,0.0941771217962432,0.164481122604885,0.580100690516637
COG,Congo,2001,33.6897339162221,0.248847499146561,0.26684445300836,0.268730209576752,0.21096783485457,0.575052820822119
COL,Colombia,2001,42.5329623005999,0.295450151547806,0.408289975153448,0.324938244265654,0.153122235224315,0.444790905535808
COM,Comoros,2001,37.4743431678464,0.313141835118454,0.465591383421602,0.326474278736057,0.147359843197702,0.563654971761526
CPV,Cape Verde,2001,45.5589373083113,0.402063249076468,0.442383006914369,0.607895168692986,0.155911571622049,0.490884502910243
CRI,Costa Rica,2001,49.9179090988297,0.422975410471361,0.455673743855715,0.633849273691053,0.179403213867315,0.424617228494768
CUB,Cuba,2001,40.7076585119867,0.270532231110996,,0.392787994469205,0.148276467752786,0.456379060871262
CYP,Cyprus,2001,55.6659000722662,0.490775297779985,0.583677289639091,0.699193049275223,0.189455554425641,0.377457296334661
CZE,Czech Republic,2001,59.9810541143873,0.503804571933986,0.499175700768562,0.630053078948248,0.382184936085148,0.30418348964624
DEU,Germany,2001,70.5766969668215,0.732822746914036,0.770485471868815,0.818144318007269,0.609838450866024,0.321288807577605
DJI,Djibouti,2001,35.5904346987871,0.319609127291646,0.411145192089468,0.374986413212145,0.172695776573326,0.607800433315904
DMA,Dominica,2001,57.6602309436129,0.6060372604304,0.557370796520703,0.654703724340098,,0.452832641558143
DNK,Denmark,2001,72.8235588758731,0.78509381519092,0.819312889583677,0.885305197012818,0.650663358976264,0.328622637673457
DOM,Dominican Republic,2001,42.851343671509,0.346413945166526,0.429206845291484,0.421493890421262,0.188541099786832,0.489387071736346
DZA,Algeria,2001,41.6758435520605,0.296388449569183,0.385319915308612,0.287943638882775,0.215901794516162,0.462871578527973
ECU,Ecuador,2001,40.8349850444681,0.319548514779338,0.434083170845136,0.346807495464297,0.177754878028582,0.502848813889975
EGY,Egypt,2001,40.853337147198,0.331447029006559,0.295236216922717,0.419930798454038,0.279174071642921,0.514380286062598
ERI,Eritrea,2001,32.2186913594305,0.275714888537071,0.349207302600971,0.352988872667104,0.124948490343138,0.631341061348461
ESP,Spain,2001,61.333620502759,0.562610194027283,0.573250935659243,0.728195506857428,0.386384139565179,0.335937783972102
EST,Estonia,2001,59.9184205390776,0.586914803220154,0.75268046738015,0.677571840518276,0.330492101762037,0.388546392438603
ETH,Ethiopia,2001,36.8203147037135,0.317641709619968,0.437804577188713,0.282573384426877,0.232547167244314,0.581235415545698
FIN,Finland,2001,73.2967613604943,0.787186178433903,0.788418800714156,0.904392526905306,0.668747207682248,0.321250951224018
FJI,Fiji,2001,45.9168402689533,0.441008248883192,0.576651531111132,0.528827743723318,0.217545471815126,0.522671443504127
FRA,France,2001,65.0858041554159,0.635296221496416,0.603535483834557,0.725872837789451,0.576480342865241,0.333580138388098
FSM,"Micronesia, Federated States of",2001,38.0159902162219,0.408160567673503,0.480806985713074,0.592083604942436,0.151591112364999,0.647840763349064
GAB,Gabon,2001,43.2616610020771,0.343954215257732,0.339604363243121,0.449313847768655,0.242944434761419,0.478720995216189
GBR,United Kingdom,2001,72.1443617987208,0.708746224251424,0.741708734884432,0.827293456949196,0.557236480920644,0.265858988277007
GEO,Georgia,2001,45.309232893491,0.336731329085078,0.434275657380149,0.264920167375947,0.310998162499139,0.430546671215259
GHA,Ghana,2001,40.7686393653579,0.3537891876338,0.439986091252189,0.452952055777247,0.168429415871963,0.538416400326642
GIN,Guinea,2001,37.6717366462747,0.280326009223471,0.345058148401811,0.255636791178124,0.240283088090478,0.526891276297977
GMB,Gambia,2001,38.5148280572825,0.362345881820855,0.407680434459241,0.485993505082766,0.19336370592056,0.592049320675206
GNB,Guinea-Bissau,2001,30.6417766477857,0.272052541010092,0.25627602563362,0.295914797706199,0.263966799690458,0.659217008054378
GNQ,Equatorial Guinea,2001,39.8895672914074,0.271801657438196,0.428450648189648,0.264362773232857,0.122591550892083,0.474010311610049
GRC,Greece,2001,57.1443796966259,0.514696373456212,0.536806818363525,0.659691479889571,0.34759082211554,0.371808779523695
GRD,Grenada,2001,52.2986175594373,0.482164347701537,0.508671703162516,0.622301223022797,0.315520116919299,0.436191996512791
GTM,Guatemala,2001,40.0392294184851,0.302014691102309,0.416983950318183,0.356474770776881,0.132585352211863,0.501230102732607
GUY,Guyana,2001,41.1755998575396,0.349803181482587,0.461095447925236,0.426322731899105,0.16199136462342,0.526291184331794
HND,Honduras,2001,41.0469054555378,0.300562688530195,0.422822708546899,0.345716813219241,0.133148543824446,0.47962457941944
HRV,Croatia,2001,53.443979655972,0.484769547948785,0.523685652893499,0.536389385278206,0.394233605674651,0.415889954829345
HTI,Haiti,2001,34.7851010070543,0.250651392222532,0.399156030765826,0.214474448234526,0.138323697667244,0.554949372081445
HUN,Hungary,2001,57.1409861161874,0.55730622713544,0.556665012558991,0.682813649998772,0.432440018848556,0.414486504811691
IDN,Indonesia,2001,42.3189929446922,0.302606401475797,0.37367447994035,0.273329671091451,0.260815053395591,0.456226542581953
IND,India,2001,39.0314320835792,0.323617740170248,0.314645275869821,0.418491044489362,0.237716900151561,0.542989098498664
IRL,Ireland,2001,64.1364652948686,0.616927703030269,0.702216914117681,0.815588666987151,0.332977527985974,0.334198397132896
IRN,"Iran, Islamic Republic of",2001,44.4113425223839,0.331175020301344,0.436008036195262,0.344796826633017,0.212720198075754,0.442948169853666
IRQ,Iraq,2001,39.7204611656713,0.303336858471418,0.479523742146323,0.173980981483597,0.256505851784333,0.508927635157992
ISL,Iceland,2001,70.3771509067115,0.751315033491782,0.814372401851687,0.862948919774369,0.576623778849289,0.343772015357551
ISR,Israel,2001,59.1900390159071,0.572517388356121,0.598145860854205,0.610766536612894,0.508639767601264,0.388716608037979
ITA,Italy,2001,59.1878156529665,0.554371196805494,0.531609681918185,0.669065304548311,0.462438603949985,0.370614883746163
JAM,Jamaica,2001,43.6374865701162,0.328621150288168,0.430746737571584,0.459835237950696,0.0952814753422234,0.455871418885844
JOR,Jordan,2001,47.8611937901478,0.402258303376308,0.455128365339846,0.499479181818421,0.252167362970658,0.445034427573352
JPN,Japan,2001,65.6231034289316,0.668579747629465,0.715883458103576,0.700317883312064,0.589537901472755,0.356117679050833
KAZ,Kazakhstan,2001,50.8280519572914,0.393662472376212,0.461833312976119,0.343375738312855,0.375778365839663,0.377101433230384
KEN,Kenya,2001,39.2458938531802,0.302111844624803,0.426062898552945,0.321085698824975,0.159186936496489,0.517193967561198
KGZ,Kyrgyzstan,2001,47.7071611553375,0.343330047233802,0.369151046367553,0.354803227263465,0.306035868070387,0.389186824127052
KHM,Cambodia,2001,38.5444096413018,0.312165058714425,0.393981809384178,0.332009336621621,0.210504030137477,0.54127686588839
KIR,Kiribati,2001,41.5934859670528,0.42576665154585,0.546215743515449,0.594082737205268,0.137001473916834,0.593896932204795
KNA,Saint Kitts and Nevis,2001,49.0885788260835,0.486266694390108,0.636592754716602,0.601450589288709,0.220756739165013,0.504495117868438
KOR,"Korea, Republic of",2001,64.9109325703542,0.677205719601473,0.758166333628009,0.6056412945728,0.667809530603611,0.37898706819439
KWT,Kuwait,2001,48.3387273664125,0.425739536489091,0.554451417406346,0.579525394649494,0.143241797411433,0.45896498916084
LAO,Lao People's Democratic Republic,2001,37.3102589200303,0.304535423806359,0.38412374898389,0.307722161423969,0.221760361011216,0.558330245405753
LBN,Lebanon,2001,43.3664006877696,0.360320765387265,0.489166400947907,0.407053971469796,0.184741923744093,0.492992751631874
LBR,Liberia,2001,32.1352462614789,0.23016477976337,0.241275824940852,0.177449904215147,0.271768610134111,0.587459854533792
LBY,Libyan Arab Jamahiriya,2001,38.8066026951566,0.263913392600497,0.301042894062264,0.300460310735698,0.190236973003529,0.487781338697364
LCA,Saint Lucia,2001,55.5633720425776,0.465925855737602,0.578448072104582,0.591422361560874,0.227907133547348,0.354658414886049
LIE,Liechtenstein,2001,,0.561182835526195,0.609306024758481,0.784386634423289,0.289855847396816,
LKA,Sri Lanka,2001,45.8867996037437,0.375162138706529,0.468313692988209,0.435774615853659,0.22139810727772,0.457426146631655
LSO,Lesotho,2001,39.129048927199,0.309638651021542,0.359270070903574,0.450590736845896,0.119055145315157,0.527057672477563
LTU,Lithuania,2001,56.788985192096,0.534931823819151,0.682326638833047,0.590548085934593,0.331920746689815,0.399152119977232
LUX,Luxembourg,2001,64.4727130691099,0.634999069561404,0.684123179826497,0.873587445371354,0.347286583486359,0.345544808179205
LVA,Latvia,2001,55.5432134627021,0.517142651396741,0.61463554068695,0.57184273094178,0.364949682561494,0.406278382142699
MAR,Morocco,2001,43.7529885178388,0.390890601540445,0.497635808488462,0.471716175161064,0.20331982097181,0.515830831183669
MCO,Monaco,2001,62.9232980888979,0.666548076901989,,0.755132301819649,0.577963851984329,0.408082115124031
MDA,"Moldova, Republic of",2001,46.4422504740079,0.422142529053928,0.434339819558486,0.404885820208161,0.427201947395137,0.49329751957377
MDG,Madagascar,2001,37.0821087586754,0.303358639783192,0.296872352470324,0.460323901076789,0.152879665802463,0.561716464609683
MDV,Maldives,2001,43.6468715387904,0.46292593626065,0.632215977551434,0.572479512243675,0.18408231898684,0.589988505484841
MEX,Mexico,2001,47.9037847752843,0.381092772227598,0.471329315370073,0.485796186165445,0.186152815147277,0.423017076721912
MHL,Marshall Islands,2001,44.4831084483338,0.427747584934499,0.587499522262913,0.550474287844145,0.145268944696439,0.538085415967823
MKD,Macedonia,2001,47.5593839674307,0.36564204746605,0.487081130151937,0.347134302558893,0.262710709687319,0.414454368117436
MLI,Mali,2001,35.4923479176541,0.321260483931654,0.307074138825992,0.423602012007662,0.23310530096131,0.611413525578572
MLT,Malta,2001,55.8581997142407,0.518525057438393,0.536806818363525,0.736023366123018,0.282744987828636,0.40136106315358
MMR,Myanmar,2001,31.3781435172117,0.175101826550041,0.205729978141861,0.168225834230301,0.151349667277961,0.547538956205808
MNE,Montenegro,2001,48.4179670806425,0.422329103442003,0.477585127757982,0.506158159141679,0.283244023426348,0.453969761829152
MNG,Mongolia,2001,47.5843614561261,0.423817605695754,0.438670766596269,0.527621238649207,0.305160811841786,0.472130376573232
MOZ,Mozambique,2001,39.1211653022407,0.312406736269404,0.361740314769569,0.414870616612433,0.160609277426211,0.529983430224591
MRT,Mauritania,2001,35.627039720912,0.36380952201329,0.402969097364172,0.448228503104622,0.240230965571075,0.65126872759505
MUS,Mauritius,2001,49.9655746240203,0.499573110305084,0.630483598736321,0.624909792933398,0.243325939245532,0.500261617824678
MWI,Malawi,2001,34.6542417287777,0.317051803482437,0.381277698073347,0.398886179046562,0.170991533327401,0.623966968906882
MYS,Malaysia,2001,52.6931767076972,0.464834329658285,0.606647349483928,0.544371310124613,0.243484329366314,0.410970795504341
NAM,Namibia,2001,42.1281275072318,0.403786827790434,0.512649758219444,0.559188750924192,0.139521974227667,0.561224277645798
NER,Niger,2001,33.3121317803817,0.276444710223226,0.281409267490979,0.342057149716165,0.205867713462534,0.610202074615591
NGA,Nigeria,2001,34.6172396865068,0.214987297758436,0.267197344989216,0.207591038632646,0.170173509653445,0.5226425040283
NIC,Nicaragua,2001,42.2792538606089,0.314940899751356,0.373353669048662,0.37895679265976,0.192512237545646,0.469355822539177
NLD,Netherlands,2001,66.120768591975,0.688547290602031,0.681685017049672,0.872151653744053,0.511805201012368,0.366131918762532
NOR,Norway,2001,75.431144876957,0.78067144470845,0.839074840511637,0.848430003528761,0.65450949008495,0.27204854716931
NPL,Nepal,2001,38.3535945886335,0.353039439025082,0.523910220517681,0.342122698119847,0.193085398437716,0.585967547252411
NRU,Nauru,2001,52.1393083716358,0.545191003480152,,0.545191003480152,,0.502404836047436
NZL,New Zealand,2001,73.9343115567986,0.78339409608646,0.841609246555969,0.862781190824063,0.64579185087935,0.304707864950488
OMN,Oman,2001,49.4572484098381,0.475491792613853,0.685181855769067,0.627816036787801,0.113477485284692,0.486346824417091
PAK,Pakistan,2001,37.8513292409778,0.314281553455213,0.41188305714035,0.29215713839884,0.23880446482645,0.557254968635657
PAN,Panama,2001,48.4528043498349,0.406787513103539,0.550056308190224,0.496864008470332,0.173442222650063,0.437731426106842
PER,Peru,2001,45.2231035879413,0.371175479192232,0.54652738838166,0.393499405130313,0.173499644064722,0.466713407433405
PHL,Philippines,2001,43.2318312101441,0.349191705750483,0.45609079801491,0.383221371832538,0.208262947404001,0.484555081547601
PLW,Palau,2001,47.2133049384261,0.455717727136471,0.544634604120703,0.545265696526113,0.277252880762597,0.511451628367948
PNG,Papua New Guinea,2001,39.2954946850412,0.339352693411468,0.497122511061761,0.375032579150802,0.145902990021841,0.553442799710645
POL,Poland,2001,57.9615607970535,0.480034287381971,0.451214472461257,0.612504501516725,0.37638388816793,0.320803071440902
PRK,"Korea, Democratic People's Repub",2001,43.46953993656,0.395327326459271,,0.29570306977505,0.494951583143493,0.525936527728072
PRT,Portugal,2001,56.3175258121137,0.528253373180657,0.571197745952441,0.752225921144277,0.261336452445252,0.401902856938383
PRY,Paraguay,2001,43.2280138227499,0.282528805371998,0.435879711838587,0.261057200192251,0.150649504085155,0.417968528917
QAT,Qatar,2001,51.2222736279678,0.469376568692774,0.664457472166044,0.606408209481857,0.13726402443042,0.444931096133418
ROU,Romania,2001,48.9183879774143,0.408493180311092,0.449674580181156,0.446665909246721,0.329139051505399,0.430125420762806
RUS,Russian Federation,2001,53.4248850431961,0.403414365682336,0.417689734279897,0.315637084042991,0.476916278724119,0.334916664818414
RWA,Rwanda,2001,30.7673552673853,0.26588842323194,0.391094511358989,0.252669323976205,0.153901434360626,0.650541317884234
SAU,Saudi Arabia,2001,46.7746341278612,0.414970699192498,0.618480688374464,0.475820880537351,0.15061052866568,0.479478016635274
SDN,Sudan,2001,32.2753829615299,0.265428334139823,0.408257894064279,0.190184558265977,0.197842550089214,0.619920674909226
SEN,Senegal,2001,39.3635807103579,0.339947086856139,0.280190186102565,0.488347869068501,0.251303205397352,0.552675472648981
SGP,Singapore,2001,67.5788901944071,0.752298356832429,0.88267304069199,0.837474866659409,0.536747163145887,0.400720552944287
SLB,Solomon Islands,2001,41.3243854083577,0.454708498864236,0.45634744672826,0.453069551000213,,0.628220790697082
SLE,Sierra Leone,2001,31.3504843807172,0.238916811438864,0.21458435875244,0.251170424148094,0.250995651416059,0.611907123824521
SLV,El Salvador,2001,43.7147408773252,0.341957872229685,0.471168909924229,0.418135083599424,0.136569623165403,0.467663054683181
SMR,San Marino,2001,,0.627668455635936,0.568053799213903,0.697347827498373,0.617603740195532,
SOM,Somalia,2001,28.274275871407,0.241739764033622,0.394377476150593,0.0891020519166513,,0.676254246605482
SRB,Serbia,2001,42.6526481892645,0.325685968853105,0.346084743255211,0.260426197971514,0.37054696533259,0.472633005067814
STP,Sao Tome and Principe,2001,39.3723791840711,0.364595010671067,0.344013221497457,0.522659298073757,0.227112512441986,0.577147426989645
SUR,Suriname,2001,45.9141848823375,0.355399689232517,0.376497615787201,0.498193632580808,0.191507819329541,0.437115991585766
SVK,Slovakia,2001,55.5827389402722,0.497398490830037,0.546334901846648,0.596625152560637,0.349235418082826,0.385743712024593
SVN,Slovenia,2001,60.3447766013715,0.586978110850563,0.54392882015899,0.682464335663892,0.534541176728807,0.380082578823133
SWE,Sweden,2001,72.2018225393606,0.766592925026673,0.775393878511636,0.872383626531437,0.652001270036946,0.322556474239461
SWZ,Swaziland,2001,40.24917846169,0.352397493256654,0.39994889196957,0.452777697104932,0.204465890695461,0.547413924022854
SYC,Seychelles,2001,49.2603470721234,0.469153229347048,0.57434169269098,0.618211603321935,0.21490639202823,0.48394628790458
SYR,Syrian Arab Republic,2001,43.0956527942016,0.347742916903455,0.446306065818436,0.358747778076967,0.238174906814962,0.485829861019423
TCD,Chad,2001,29.5041329870763,0.233916489475683,0.219653170841105,0.24644101282475,0.235655284761194,0.643833829734158
TGO,Togo,2001,37.9531822489849,0.304745731644683,0.33155200986176,0.344757536860893,0.237927648211396,0.545682086664984
THA,Thailand,2001,50.7011292005044,0.466908752742113,0.611202864145892,0.538480645926282,0.251042748154165,0.452886168732024
TJK,Tajikistan,2001,41.8059610690282,0.261960177927827,0.297866866234556,0.237063696405551,0.250949971143373,0.425840956547264
TKM,Turkmenistan,2001,39.9222013010072,0.251150565655562,,0.305439961451318,0.196861169859807,0.452706539635418
TLS,Timor-Leste,2001,40.1282894085904,0.372331807289007,0.393778629152776,0.402407747365624,0.320809045348622,0.569766019117198
TON,Tonga,2001,41.7975260674532,0.43213733958649,0.606711511662266,0.549541848191031,0.140158658906173,0.596186818237425
TTO,Trinidad and Tobago,2001,48.6631829224697,0.382885270308355,0.458817690594254,0.56806741701003,0.121770703320783,0.409621611858962
TUN,Tunisia,2001,50.4061066545445,0.436080565103859,0.609598809687454,0.486664692186484,0.21197819343764,0.42795843201297
TUR,Turkey,2001,48.8551268201782,0.395575071738533,0.499656917106093,0.461333702249454,0.225734595860053,0.41847253533497
TUV,Tuvalu,2001,41.8949990794556,0.399853778816631,,0.613119120689749,0.186588436943513,0.561953797227519
TZA,"Tanzania, United Republic of",2001,38.6466099029312,0.316071859381412,0.381117292627504,0.372986226404875,0.194112059111856,0.543139661322787
UGA,Uganda,2001,36.2518228860667,0.286103870550936,0.373866966475362,0.31412279577773,0.170321849399715,0.561067412829601
UKR,Ukraine,2001,45.7769802123373,0.342357287719161,0.214937250733296,0.324855383579913,0.487279228844274,0.426817683472415
URY,Uruguay,2001,51.1481447883377,0.443903121236522,0.443579173239091,0.653148507318768,0.234981683151707,0.420940225469767
USA,United States,2001,70.6703220644607,0.735544866290079,0.827268999697531,0.797836565166625,0.581529034006081,0.322138425000864
UZB,Uzbekistan,2001,43.0539621421812,0.273070046927247,0.331487847683423,0.237144704907374,0.250577588190944,0.411990804083623
VCT,Saint Vincent and the Grenadines,2001,53.0757623109752,0.484874922010686,0.68660258971797,0.588718990729345,0.179303185584744,0.423359675791182
VEN,"Venezuela, Bolivarian Republic o",2001,44.1921702590549,0.27058479994082,0.296166568508611,0.32156438215451,0.19402344915934,0.386741394759722
VNM,Viet Nam,2001,42.526760766437,0.377942955842366,0.514093407232038,0.402562481178793,0.217172979116268,0.527407740513626
VUT,Vanuatu,2001,42.2330849180428,0.420609218239532,0.533727033803322,0.592864112120973,0.1352365087943,0.575947519878675
WSM,Samoa,2001,45.072468679021,0.430770332689818,0.600263212739343,0.587784691314297,0.104263094015813,0.529320959109397
YEM,Yemen,2001,35.3436911269366,0.313529858675005,0.474729910821962,0.25181930388627,0.214040361316783,0.606656036136272
ZAF,South Africa,2001,46.6104869185817,0.395225987767846,0.471618045172592,0.538915730782793,0.175144187348152,0.463016249396211
ZMB,Zambia,2001,41.873888104795,0.34309435628196,0.473831640325237,0.397575110579743,0.1578763179409,0.505616594186059
ZWE,Zimbabwe,2001,35.3078266770802,0.226349950487875,0.400430108307101,0.182313434397153,0.0963063087593725,0.520193416946271
AFG,Afghanistan,2002,30.869718130006,0.257396958951971,0.350415690292995,0.107927147670218,0.313848038892699,0.640002596351851
AGO,Angola,2002,33.274262632572,0.182819172226711,0.237613997762875,0.197949589642029,0.112893929275229,0.517333919575271
ALB,Albania,2002,41.4746224783376,0.334831002935011,0.399788486523725,0.358704377634026,0.246000144647283,0.50533855336826
AND,Andorra,2002,52.4864250733099,0.458375525020037,,0.761678079214159,0.155072970825915,0.408647023553839
ARE,United Arab Emirates,2002,54.2799296519972,0.541897396983968,0.714343565823475,0.676623082327926,0.234725542800503,0.456298803944023
ARG,Argentina,2002,46.3785582565365,0.339023080418949,0.418299274974103,0.357324611927634,0.24144535435511,0.41145191528822
ARM,Armenia,2002,50.9655986461986,0.430865975759414,0.532636276771585,0.417260491813105,0.342701158693551,0.411554002835441
ATG,Antigua and Barbuda,2002,49.7388801999578,0.505114639795425,0.61723410890962,0.660646376735616,0.237463433741038,0.510337035796268
AUS,Australia,2002,69.6241772724679,0.723744023735295,0.769009741767052,0.828706351465271,0.573515977973561,0.331260478285938
AUT,Austria,2002,69.5304088247152,0.723838558140736,0.714279403645137,0.843067274619923,0.614168996157149,0.333230381646434
AZE,Azerbaijan,2002,45.4756411037632,0.362718912634992,0.413390868331282,0.304126760551612,0.370639109022081,0.453206090559727
BDI,Burundi,2002,30.9989058602507,0.234571392971116,0.288723755821457,0.222689373386056,0.192301049705834,0.614593275766101
BEL,Belgium,2002,60.2251545756748,0.605474072260675,0.607000241464784,0.778232123811066,0.431189851506174,0.400970980747178
BEN,Benin,2002,37.148460905106,0.339516686721793,0.318270438945891,0.437736036102228,0.26254358511726,0.596547468619673
BFA,Burkina Faso,2002,36.3319146544761,0.288753617181946,0.253691206449165,0.443593609811445,0.168976035285228,0.562115324092424
BGD,Bangladesh,2002,34.4419550463522,0.271869842627287,0.328985522728259,0.256081430220919,0.230542574932683,0.583030741700243
BGR,Bulgaria,2002,52.9003615637928,0.457581034250596,0.504469080481408,0.538627312473544,0.329646709796836,0.39957380297474
BHR,Bahrain,2002,48.9241261378686,0.483023095285476,0.677001178031031,0.612459287864326,0.159608819961071,0.504540572528105
BHS,Bahamas,2002,50.7162007798,0.494601707756819,0.572480989519192,0.751450060536662,0.159874073214605,0.48027769216082
BIH,Bosnia and Herzegovina,2002,46.7184306276465,0.342962695191039,0.358179313871835,0.408936417514194,0.261772354187087,0.408594082638109
BLR,Belarus,2002,48.3328848648037,0.365711626493173,0.29542870345773,0.373123979330443,0.428582196691348,0.3990539291971
BLZ,Belize,2002,45.006580779925,0.395821108371387,0.493112374915665,0.536749809273878,0.157601140924617,0.495689492772887
BOL,"Bolivia, Plurinational State of",2002,41.5482206853398,0.3217465945319,0.427281979941357,0.413161191020115,0.124796612634227,0.490782180825104
BRA,Brazil,2002,49.3626105094685,0.38643506352538,0.434628549361005,0.51345672692808,0.211219914287055,0.399182853336009
BRB,Barbados,2002,53.5006288142315,0.507832162513428,0.522723220218436,0.758123410874323,0.242649856447527,0.437819586228799
BRN,Brunei Darussalam,2002,51.8955238109578,0.477535351341965,0.558686121176622,0.658337299006779,0.215582633842494,0.43962487512281
BTN,Bhutan,2002,42.5240807064716,0.406619313506394,0.507058482678602,0.541077691432909,0.171721766407673,0.556137699376963
BWA,Botswana,2002,44.8083137507349,0.425913762732464,0.496994186705086,0.660580652432901,0.120166449059405,0.529747487717766
CAF,Central African Republic,2002,31.6588476511371,0.214845075387101,0.185935946124732,0.248178117048061,0.21042116298851,0.581668122364359
CAN,Canada,2002,68.4795200585862,0.683475690390666,0.713734025129268,0.834824304171385,0.501868741871343,0.313885289218942
CHE,Switzerland,2002,71.9730138322842,0.752447251980895,0.794289640032039,0.873998588010538,0.589053527900107,0.312986975335211
CHL,Chile,2002,58.5468407370153,0.548852666839446,0.62971365259627,0.771939408510641,0.244904939411426,0.377915852099139
CHN,China,2002,47.0929198949222,0.347188074832278,0.427410304298032,0.38811485763148,0.226039062567322,0.405329676933834
CIV,Cote d'Ivoire,2002,36.3879813087068,0.231035314207305,0.245446366532793,0.261660980219127,0.185998595869995,0.503275688033169
CMR,Cameroon,2002,39.6966643397433,0.283991413560232,0.337583254625488,0.270561219127437,0.243829766927771,0.490058126765365
COD,"Congo, the Democratic Republic o",2002,30.0326370328097,0.180208951137225,0.261922297327324,0.113498364473141,0.165206191611211,0.579556210481031
COG,Congo,2002,33.4805575935931,0.247357353798279,0.26684445300836,0.264749792216975,0.210477816169501,0.577746201926418
COL,Colombia,2002,43.0347860329965,0.304361873298237,0.408289975153448,0.340788078095517,0.164007566645747,0.443666152638307
COM,Comoros,2002,38.3190269491714,0.326768547449391,0.465591383421602,0.36595279427833,0.14876146464824,0.560388008465964
CPV,Cape Verde,2002,45.024430099992,0.389494773830172,0.442383006914369,0.565709203829208,0.16039211074694,0.489006171830333
CRI,Costa Rica,2002,49.9017498899616,0.420560073009738,0.455673743855715,0.616712003048752,0.189294472124748,0.422525075210506
CUB,Cuba,2002,40.8298294640829,0.271533619585349,,0.38963799857347,0.153429240597228,0.454937030303692
CYP,Cyprus,2002,56.1044146164165,0.496823281385233,0.583677289639091,0.70053323545477,0.206259319061838,0.374734989056904
CZE,Czech Republic,2002,60.6890499704529,0.516698370407093,0.499175700768562,0.66286518822994,0.388054222222776,0.302917370998036
DEU,Germany,2002,70.724802495521,0.735186448967264,0.770485471868815,0.81451935278256,0.620554522250416,0.320690399056844
DJI,Djibouti,2002,34.9803600486344,0.319974255928417,0.411145192089468,0.375413371144556,0.173364204551227,0.620367054955729
DMA,Dominica,2002,57.0812306214938,0.606165986414984,0.557370796520703,0.654961176309266,,0.464541373985109
DNK,Denmark,2002,73.1760193153953,0.79192643784561,0.819312889583677,0.886705060632156,0.669761363320996,0.328406051537704
DOM,Dominican Republic,2002,42.4435023809306,0.343209150650182,0.429206845291484,0.412661182860349,0.187759423798714,0.494339103031571
DZA,Algeria,2002,41.8713548900914,0.302821660621535,0.385319915308612,0.304287378850267,0.218857687705725,0.465394562819706
ECU,Ecuador,2002,40.7134782484114,0.318644841742137,0.434083170845136,0.341836050626505,0.180015303754769,0.504375276773909
EGY,Egypt,2002,40.8297503621542,0.329616917337623,0.295236216922717,0.40865394701761,0.284960588072541,0.513021910094538
ERI,Eritrea,2002,32.0949432903387,0.279330817057108,0.349207302600971,0.364099534674353,0.124685613896,0.637431951250334
ESP,Spain,2002,61.4462981995864,0.566092661649237,0.573250935659243,0.726957560160341,0.398069489128127,0.337166697657509
EST,Estonia,2002,60.3071847017681,0.592789986253784,0.75268046738015,0.682410842502209,0.343278648878992,0.386646292218421
ETH,Ethiopia,2002,37.1504975572915,0.315864199221641,0.437804577188713,0.276582309219072,0.233205711257137,0.572854248075811
FIN,Finland,2002,73.7329959837237,0.794394450379499,0.788418800714156,0.911942370427869,0.682822179996471,0.319734530705024
FJI,Fiji,2002,46.5322148364987,0.450299270186559,0.576651531111132,0.552760203240446,0.221486076208098,0.519654973456584
FRA,France,2002,64.9724501654019,0.634391484323548,0.603535483834557,0.72052523514757,0.579113733988516,0.33494248101551
FSM,"Micronesia, Federated States of",2002,38.116056364292,0.408571283003845,0.480806985713074,0.592536848771397,0.152370014527063,0.646250155718004
GAB,Gabon,2002,43.7280318242999,0.342870224666924,0.339604363243121,0.444220271808513,0.244786038949139,0.468309588180926
GBR,United Kingdom,2002,72.2652491617256,0.710953986819961,0.741708734884432,0.810465272332516,0.580687953242934,0.265649003585448
GEO,Georgia,2002,44.9033665830544,0.327578309353349,0.434275657380149,0.251723582866497,0.296735687813402,0.429510977692262
GHA,Ghana,2002,39.9981498873299,0.34858916358311,0.439986091252189,0.437915219319499,0.167866180177641,0.548626165836512
GIN,Guinea,2002,38.3598589830953,0.277176044529869,0.345058148401811,0.245580292725446,0.240889692462351,0.509978864867964
GMB,Gambia,2002,38.6689362436384,0.363112754026577,0.407680434459241,0.483424947893723,0.198232879726767,0.589734029153809
GNB,Guinea-Bissau,2002,30.4989408895127,0.276651682322008,0.25627602563362,0.309072767143935,0.26460625418847,0.666672864531755
GNQ,Equatorial Guinea,2002,40.5581982125569,0.271489720167063,0.428450648189648,0.26267433903422,0.123344173277322,0.460325755915925
GRC,Greece,2002,57.3449211793909,0.516083510491584,0.536806818363525,0.648791993080192,0.362651720031035,0.369185086903765
GRD,Grenada,2002,52.5476258315173,0.486468880022341,0.508671703162516,0.622547503083693,0.328187433820814,0.435516363391995
GTM,Guatemala,2002,39.894621149931,0.296457214889073,0.416983950318183,0.350527777099009,0.121859917250028,0.498564791890454
GUY,Guyana,2002,41.0680889774604,0.3472621711572,0.461095447925236,0.419489667356008,0.161201398190358,0.525900391607992
HND,Honduras,2002,40.6161432724266,0.297727643056202,0.422822708546899,0.351631431561662,0.118728789060045,0.48540477760767
HRV,Croatia,2002,53.8557942970627,0.494665135899463,0.523685652893499,0.562129559605783,0.398180195199107,0.41754924995821
HTI,Haiti,2002,34.3071591251313,0.241120715914124,0.399156030765826,0.185098370229833,0.139107746746714,0.554977533411499
HUN,Hungary,2002,57.4236265845044,0.56151280720227,0.556665012558991,0.691710717733158,0.436162691314662,0.413040275512182
IDN,Indonesia,2002,42.1865881469373,0.298412462981727,0.37367447994035,0.260028221056304,0.261534687948528,0.454680700042981
IND,India,2002,38.7441813588609,0.31595670505,0.314645275869821,0.393732072140225,0.239492767139953,0.541073077872782
IRL,Ireland,2002,64.4615657754614,0.621595268168901,0.702216914117681,0.822895280891177,0.339673609497846,0.332363952659674
IRN,"Iran, Islamic Republic of",2002,44.7071355040926,0.33068787126244,0.436008036195262,0.335254843979743,0.220800733612315,0.436545161180588
IRQ,Iraq,2002,39.7477613873072,0.303356922122658,0.479523742146323,0.172446316821328,0.258100707400323,0.508401694376514
ISL,Iceland,2002,71.7455590082549,0.776566485351351,0.814372401851687,0.865104536633445,0.650222517568921,0.341655305186253
ISR,Israel,2002,59.0724393555348,0.569371505416754,0.598145860854205,0.606775045494019,0.503193609902039,0.387922718306058
ITA,Italy,2002,59.6105671749989,0.554589843424936,0.531609681918185,0.660485395882767,0.471674452473856,0.362378499924957
JAM,Jamaica,2002,45.319756612204,0.359879236807553,0.430746737571584,0.454578759366229,0.194312213484845,0.453484104563472
JOR,Jordan,2002,47.2612877751344,0.390579179134284,0.455128365339846,0.470541616983621,0.246067555079387,0.445353423631596
JPN,Japan,2002,65.5247709968581,0.667344041423154,0.715883458103576,0.687233247291144,0.598915418874742,0.356848621485991
KAZ,Kazakhstan,2002,51.1438984307011,0.398835182151646,0.461833312976119,0.344258513842501,0.390413719636317,0.375957213537623
KEN,Kenya,2002,39.6007953420467,0.305949695696055,0.426062898552945,0.333503340104038,0.158282848431181,0.513933788855121
KGZ,Kyrgyzstan,2002,47.8540852399226,0.350586242786328,0.369151046367553,0.364682826645996,0.317924855345435,0.393504537987876
KHM,Cambodia,2002,38.8008158836375,0.312871173552901,0.393981809384178,0.333362913650349,0.211268797624176,0.536854855880151
KIR,Kiribati,2002,41.7654716795738,0.42617532847078,0.546215743515449,0.59453598103423,0.137774260862662,0.590865894879304
KNA,Saint Kitts and Nevis,2002,49.4820253883573,0.492888080776378,0.636592754716602,0.60190383311767,0.240167654494861,0.503247573009232
KOR,"Korea, Republic of",2002,65.3164719273002,0.683649706265377,0.758166333628009,0.608834662029994,0.683948123138127,0.377320267719372
KWT,Kuwait,2002,48.5396953266456,0.428518680847892,0.554451417406346,0.581934211678129,0.149170413459202,0.457724774314981
LAO,Lao People's Democratic Republic,2002,37.936744842765,0.308782854111498,0.38412374898389,0.316551066330802,0.225673747019803,0.550047957256199
LBN,Lebanon,2002,43.4055356631527,0.361485885394457,0.489166400947907,0.407071924030456,0.188219331205007,0.493375172131402
LBR,Liberia,2002,31.7631860997207,0.22557678880186,0.241275824940852,0.165583647166567,0.269870894298162,0.590313066807447
LBY,Libyan Arab Jamahiriya,2002,38.6735327726043,0.262863966348182,0.301042894062264,0.284938671496039,0.202610333486243,0.489393310896095
LCA,Saint Lucia,2002,55.2050596100313,0.462120003529674,0.578448072104582,0.575793086907672,0.232118851576767,0.358018811329046
LIE,Liechtenstein,2002,,0.568441973733827,0.609306024758481,0.788719902570073,0.307299993872926,
LKA,Sri Lanka,2002,46.6963282513143,0.383283319260937,0.468313692988209,0.462849176718087,0.218687088076516,0.449356754234651
LSO,Lesotho,2002,39.3624944509969,0.311378651246956,0.359270070903574,0.45470332842432,0.120162554412974,0.524128762227019
LTU,Lithuania,2002,57.689486387242,0.549884283138311,0.682326638833047,0.613534560076878,0.353791650505009,0.396094555393471
LUX,Luxembourg,2002,64.0625393798345,0.626858659706033,0.684123179826497,0.880286528876146,0.316166270415456,0.345607872109342
LVA,Latvia,2002,56.6920702001905,0.538260705592352,0.61463554068695,0.601136559168541,0.399010016921566,0.404419301588542
MAR,Morocco,2002,43.7130239697304,0.388573296392341,0.497635808488462,0.463610882554627,0.204473198133933,0.514312816997733
MCO,Monaco,2002,64.2275405285631,0.693049036451908,,0.75558554564861,0.630512527255206,0.408498225880645
MDA,"Moldova, Republic of",2002,45.0450162711109,0.391663424858653,0.434339819558486,0.386926952520356,0.353723502497116,0.490763099436434
MDG,Madagascar,2002,36.626200629974,0.305827664478258,0.296872352470324,0.457924320723047,0.162686320241403,0.573303651878779
MDV,Maldives,2002,43.6771600178523,0.467492152795129,0.632215977551434,0.562320094842735,0.207940385991217,0.593948952438084
MEX,Mexico,2002,48.334316805481,0.385167749700691,0.471329315370073,0.489110447594268,0.195063486137733,0.418481413591071
MHL,Marshall Islands,2002,44.6026226841398,0.42812683552183,0.587499522262913,0.550927531673106,0.14595345262947,0.536074381839034
MKD,Macedonia,2002,47.2898421214479,0.364327126337478,0.487081130151937,0.348492135977524,0.257408112882972,0.41853028390852
MLI,Mali,2002,35.2868402789166,0.323648724640885,0.307074138825992,0.42871340633428,0.235158628762383,0.617911919062552
MLT,Malta,2002,55.9239764751782,0.515514398775535,0.536806818363525,0.733619979415349,0.27611639854773,0.397034869271972
MMR,Myanmar,2002,31.325201169444,0.171542591225796,0.205729978141861,0.157791300287206,0.151106495248321,0.545038567836916
MNE,Montenegro,2002,48.6558620928106,0.426980315774375,0.477585127757982,0.521936685040651,0.281419134524491,0.453863073918163
MNG,Mongolia,2002,48.4012661604986,0.434676554953943,0.438670766596269,0.551792132964068,0.313566765301492,0.46665123174397
MOZ,Mozambique,2002,39.2746907006773,0.312084148622683,0.361740314769569,0.414300701611669,0.160211429486811,0.526590334609137
MRT,Mauritania,2002,36.004876292562,0.373014094788428,0.402969097364172,0.475119060650348,0.240954126350764,0.652916568937187
MUS,Mauritius,2002,50.2711310718604,0.50102848644164,0.630483598736321,0.62958159653297,0.243020264055629,0.495605865004433
MWI,Malawi,2002,34.3096100546343,0.312920479498256,0.381277698073347,0.380751535650506,0.176732204770916,0.62672827840557
MYS,Malaysia,2002,53.2679440908672,0.474479668733376,0.606647349483928,0.55848058042508,0.25831107629112,0.409120786916032
NAM,Namibia,2002,42.2614755083677,0.403566431470002,0.512649758219444,0.560154107545495,0.137895428645067,0.558336921302648
NER,Niger,2002,33.5560847982263,0.275800934623838,0.281409267490979,0.340042650425914,0.20595088595462,0.604679238659311
NGA,Nigeria,2002,34.4569149396637,0.208047622282599,0.267197344989216,0.183793008646855,0.173152513211726,0.518909323489326
NIC,Nicaragua,2002,42.7640714487087,0.317600351654947,0.373353669048662,0.381740787766702,0.197706598149476,0.462318922680772
NLD,Netherlands,2002,65.6738326166578,0.683495273234542,0.681685017049672,0.848269709700894,0.52053109295306,0.370018620901386
NOR,Norway,2002,75.6281970083985,0.784260647598932,0.839074840511637,0.851064747799266,0.662642354485892,0.271696707430961
NPL,Nepal,2002,38.6119045542334,0.346793704908563,0.523910220517681,0.325688859104487,0.190782035103522,0.574555613823895
NRU,Nauru,2002,51.6754457498849,0.545644247309113,,0.545644247309113,,0.512135332311415
NZL,New Zealand,2002,73.9906470971425,0.784082389820698,0.841609246555969,0.859876218920977,0.650761703985149,0.304269447877849
OMN,Oman,2002,49.9252642590261,0.482613883594141,0.685181855769067,0.644806090782112,0.117853704231243,0.484108598413618
PAK,Pakistan,2002,37.7609882507719,0.312713034392353,0.41188305714035,0.287813752206189,0.238442293830521,0.557493269376915
PAN,Panama,2002,48.7144592481147,0.411849519052317,0.550056308190224,0.504479094643129,0.181013154323598,0.437560334090022
PER,Peru,2002,45.5226215232189,0.373148837340427,0.54652738838166,0.399895586189267,0.173023537450352,0.462696406876048
PHL,Philippines,2002,43.628024981091,0.351615821266478,0.45609079801491,0.389276883928071,0.209479781856454,0.479055321644657
PLW,Palau,2002,47.5886838613075,0.455869041790933,0.544634604120703,0.545718940355074,0.277253580897022,0.504095364564783
PNG,Papua New Guinea,2002,38.5099310465119,0.331930814455606,0.497122511061761,0.352507927521612,0.146162004783445,0.561732193525368
POL,Poland,2002,58.2576676903675,0.484529228074997,0.451214472461257,0.612560316162857,0.389812895600878,0.319375874267648
PRK,"Korea, Democratic People's Repub",2002,42.9991838973251,0.390101180582637,,0.285125349824398,0.495077011340876,0.530117502636136
PRT,Portugal,2002,56.7916280200876,0.533661789453351,0.571197745952441,0.762111584354578,0.267676038053035,0.397829229051598
PRY,Paraguay,2002,43.5333001224996,0.285995667108283,0.435879711838587,0.260596166820374,0.161511122665889,0.415329664658291
QAT,Qatar,2002,51.4248212802296,0.47322009513828,0.664457472166044,0.615681301101985,0.139521512146811,0.444723669533688
ROU,Romania,2002,49.8090247657584,0.424514127942479,0.449674580181156,0.467266497538984,0.356601306107296,0.428333632627311
RUS,Russian Federation,2002,54.1097308038979,0.414693440219688,0.417689734279897,0.337225521725813,0.489165064653354,0.332498824141731
RWA,Rwanda,2002,31.492489927987,0.274718168024683,0.391094511358989,0.279218923800336,0.153841068914723,0.644868369464943
SAU,Saudi Arabia,2002,46.8402612871446,0.416383107807773,0.618480688374464,0.47968018762649,0.150988447422364,0.47957788206488
SDN,Sudan,2002,31.9600790763231,0.271749713663938,0.408257894064279,0.207062326745019,0.199928920182515,0.632548132137476
SEN,Senegal,2002,39.7117698216774,0.343228312311186,0.280190186102565,0.49977845329845,0.249716297532542,0.548992915877637
SGP,Singapore,2002,68.1392193886209,0.768674218532891,0.88267304069199,0.842104591511629,0.581245023395053,0.405889830760473
SLB,Solomon Islands,2002,40.0344988821007,0.461607424691641,0.45634744672826,0.466867402655023,,0.660917447049627
SLE,Sierra Leone,2002,31.6615079877958,0.246661767826418,0.21458435875244,0.274531530579837,0.250869414146977,0.613431608070502
SLV,El Salvador,2002,43.6980835674512,0.345069469847978,0.471168909924229,0.424047025914785,0.13999247370492,0.471107798498954
SMR,San Marino,2002,,0.628503536445273,0.568053799213903,0.697801071327333,0.619655738794582,
SOM,Somalia,2002,28.5194035329672,0.244025094994805,0.394377476150593,0.0936727138390174,,0.673637024335461
SRB,Serbia,2002,43.6157625118161,0.34526912153123,0.346084743255211,0.322332114502512,0.367390506835968,0.472953871294909
STP,Sao Tome and Principe,2002,39.251055746251,0.363796125394874,0.344013221497457,0.513059403516966,0.234315751170199,0.578775010469854
SUR,Suriname,2002,45.7275385011447,0.356287257213118,0.376497615787201,0.499394106168039,0.192970049684115,0.441736487190224
SVK,Slovakia,2002,56.1496723829057,0.507220141060624,0.546334901846648,0.601200624383312,0.374124896951911,0.384226693402509
SVN,Slovenia,2002,60.5589070334874,0.590728802972619,0.54392882015899,0.686463912279042,0.541793676479823,0.37955066230287
SWE,Sweden,2002,72.6921264372306,0.775465564907849,0.775393878511636,0.876273079867849,0.674729736344061,0.321623036163236
SWZ,Swaziland,2002,40.3420812337237,0.350520236900347,0.39994889196957,0.447991199803814,0.203620618927657,0.543678612225872
SYC,Seychelles,2002,49.0184289229366,0.46837796084293,0.57434169269098,0.618328603021895,0.212463586815915,0.488009382384197
SYR,Syrian Arab Republic,2002,43.3193530152956,0.35598919746883,0.446306065818436,0.382984309843301,0.238677216744752,0.489602137162918
TCD,Chad,2002,29.4817437232241,0.233113519627647,0.219653170841105,0.243783718026967,0.23590367001487,0.643478645163165
TGO,Togo,2002,37.9940827997492,0.303880651881525,0.33155200986176,0.341414268035799,0.238675677747017,0.543998995886542
THA,Thailand,2002,50.4547394812735,0.459315450567053,0.611202864145892,0.50841758847361,0.258325899081656,0.450220660941582
TJK,Tajikistan,2002,43.1557103200957,0.268058992286452,0.297866866234556,0.265266816800841,0.241043293823958,0.404944785884538
TKM,Turkmenistan,2002,40.0498328441007,0.254524190190675,,0.31225597672543,0.19679240365592,0.453527533308661
TLS,Timor-Leste,2002,39.5094536384586,0.359876774420364,0.393778629152776,0.365042648759695,0.320809045348622,0.569687701651193
TON,Tonga,2002,42.0323470635556,0.434118421939358,0.606711511662266,0.549995092019993,0.145648662135814,0.593471480668246
TTO,Trinidad and Tobago,2002,48.8466469566223,0.383184695169716,0.458817690594254,0.56225557607894,0.128480818835953,0.40625175603727
TUN,Tunisia,2002,50.5918614185285,0.439330833474252,0.609598809687454,0.488537587705856,0.219856103029445,0.427493605103682
TUR,Turkey,2002,48.9510231936816,0.396001837764923,0.499656917106093,0.455622547839819,0.232726048348857,0.416981373891292
TUV,Tuvalu,2002,41.8164727414195,0.400481008010075,,0.61357236451871,0.18738965150144,0.564151553181684
TZA,"Tanzania, United Republic of",2002,38.8233012249124,0.315537311320828,0.381117292627504,0.372551967586437,0.192942673748542,0.539071286822581
UGA,Uganda,2002,36.5330456835892,0.286367205946208,0.373866966475362,0.314984162259195,0.170250489104067,0.555706292274424
UKR,Ukraine,2002,43.8851603225486,0.302173985784416,0.214937250733296,0.334983954152104,0.356600752467848,0.424470779333444
URY,Uruguay,2002,51.1358497084867,0.443042116815519,0.443579173239091,0.655856232801814,0.229690944405652,0.420325122645784
USA,United States,2002,70.6908450120013,0.735441892434587,0.827268999697531,0.788129782422192,0.590926895184038,0.32162499219456
UZB,Uzbekistan,2002,43.656956122727,0.2851020684025,0.331487847683423,0.25730883831641,0.266509519207668,0.41196294594796
VCT,Saint Vincent and the Grenadines,2002,52.6016543425544,0.480856334782343,0.68660258971797,0.573089716076142,0.182876698552918,0.428823247931255
VEN,"Venezuela, Bolivarian Republic o",2002,43.4663321349724,0.256701032601821,0.296166568508611,0.285034356401877,0.188902172894975,0.387374389902373
VNM,Viet Nam,2002,42.4613860062326,0.374748365143569,0.514093407232038,0.393862976624783,0.216288711573887,0.525520645018917
VUT,Vanuatu,2002,41.8863766068873,0.421977049295098,0.533727033803322,0.59298153865162,0.139222575430351,0.584249517157353
WSM,Samoa,2002,44.6823890738552,0.429782857075246,0.600263212739343,0.583142313688808,0.105943044797586,0.536135075598141
YEM,Yemen,2002,35.2864402622732,0.309150096392968,0.474729910821962,0.236752932308358,0.215967446048586,0.603421291147504
ZAF,South Africa,2002,46.7751326828124,0.395271843043917,0.471618045172592,0.539895428799892,0.174302055159267,0.459769189387669
ZMB,Zambia,2002,40.8011718413933,0.342315325522097,0.473831640325237,0.384783918901625,0.168330417339429,0.526291888694231
ZWE,Zimbabwe,2002,35.119102957122,0.219880117844947,0.400430108307101,0.162649196089427,0.0965610491383134,0.517498058702508
AFG,Afghanistan,2003,31.5354079580065,0.26072023903422,0.350415690292995,0.117713826723055,0.314031200086611,0.63001207987409
AGO,Angola,2003,33.7090797212426,0.191142220269338,0.237613997762875,0.211650860016929,0.124161803028209,0.516960625844486
ALB,Albania,2003,41.7189649488039,0.338074170701962,0.399788486523725,0.368705451204766,0.245728574377394,0.503694871725883
AND,Andorra,2003,52.7712814655567,0.459980238850581,,0.754587235298046,0.165373242403116,0.404554609539446
ARE,United Arab Emirates,2003,54.301418854998,0.541435626180959,0.714343565823475,0.674104845245943,0.235858467473459,0.455407249080998
ARG,Argentina,2003,46.9883295145919,0.349327952808224,0.418299274974103,0.382576509223743,0.247108074226826,0.409561362516385
ARM,Armenia,2003,51.4201486403755,0.438282572714664,0.532636276771585,0.442747810969276,0.33946363040313,0.409879599907154
ATG,Antigua and Barbuda,2003,49.8666582754854,0.506992488677002,0.61723410890962,0.661209723764613,0.242533633356772,0.509659323167294
AUS,Australia,2003,69.8402102479927,0.727145245782867,0.769009741767052,0.833539456153504,0.578886539428045,0.330341040823013
AUT,Austria,2003,69.4780214375356,0.72296334745445,0.714279403645137,0.835347676979465,0.619262961738749,0.333402918703739
AZE,Azerbaijan,2003,45.5610990764271,0.362724681515046,0.413390868331282,0.314713304654206,0.360069871559649,0.451502699986505
BDI,Burundi,2003,30.7346036301301,0.233984594617986,0.288723755821457,0.21137922114372,0.201850806888782,0.619292522015384
BEL,Belgium,2003,59.9862735287302,0.599330521693869,0.607000241464784,0.761218743079855,0.429772580536966,0.399605051119265
BEN,Benin,2003,37.3606026253865,0.337926969298288,0.318270438945891,0.43171953831865,0.263790930630324,0.590714916790557
BFA,Burkina Faso,2003,36.513289309619,0.29244661470109,0.253691206449165,0.454617360200457,0.169031277453647,0.56218082850871
BGD,Bangladesh,2003,34.433867662927,0.271974445882425,0.328985522728259,0.255719610552072,0.231218204366945,0.583297092623885
BGR,Bulgaria,2003,53.1879193994639,0.460484002973263,0.504469080481408,0.523025515199423,0.353957413238959,0.396725614983984
BHR,Bahrain,2003,48.8008793682052,0.477748136614426,0.677001178031031,0.589817250786568,0.166425981025678,0.501730549250323
BHS,Bahamas,2003,50.6698971770818,0.493012927237223,0.572480989519192,0.743246418446648,0.163311373745828,0.479614983695586
BIH,Bosnia and Herzegovina,2003,46.7489878684034,0.34032131941292,0.358179313871835,0.407856609937032,0.254928034429892,0.405341562044851
BLR,Belarus,2003,49.3234622155683,0.383069937425954,0.29542870345773,0.393242837593913,0.46053827122622,0.396600693114588
BLZ,Belize,2003,45.0443083329207,0.398120113370994,0.493112374915665,0.543144028533674,0.158103936663643,0.497233946712579
BOL,"Bolivia, Plurinational State of",2003,41.5712970077837,0.321267538410634,0.427281979941357,0.391146125524989,0.145374509765555,0.48984159825496
BRA,Brazil,2003,49.3954107660576,0.384102100085606,0.434628549361005,0.50084766467098,0.216830086224833,0.396193884764455
BRB,Barbados,2003,53.8441092249784,0.512199032961375,0.522723220218436,0.75264917607474,0.261224702590949,0.435316848461807
BRN,Brunei Darussalam,2003,52.0367735953865,0.477735746062568,0.558686121176622,0.653948771645007,0.220572345366076,0.437000274154839
BTN,Bhutan,2003,43.513738873594,0.427386848297631,0.507058482678602,0.602132007654834,0.172970054559457,0.557112070825751
BWA,Botswana,2003,45.7404374023582,0.441318108530407,0.496994186705086,0.704603571694122,0.122356567192012,0.526509360483243
CAF,Central African Republic,2003,31.1346411974068,0.202935382267276,0.185935946124732,0.212469313307881,0.210400887369216,0.580242558319141
CAN,Canada,2003,68.4365764837725,0.68241403085684,0.713734025129268,0.827607982907164,0.505900084534087,0.31368250118139
CHE,Switzerland,2003,71.8827931978412,0.749472556481137,0.794289640032039,0.855992637737505,0.598135391673866,0.311816692524313
CHL,Chile,2003,58.1453413480044,0.540885197469604,0.62971365259627,0.744235860393597,0.248706079418945,0.377978370509516
CHN,China,2003,46.6357949800024,0.352370750169917,0.427410304298032,0.383724298688773,0.245977647522945,0.419654850569869
CIV,Cote d'Ivoire,2003,36.350722050214,0.22980084198826,0.245446366532793,0.260477983027603,0.183478176404384,0.50278640098398
CMR,Cameroon,2003,40.3638473710818,0.294417055177132,0.337583254625488,0.300415864991183,0.245252045914726,0.487140107755497
COD,"Congo, the Democratic Republic o",2003,30.0876968860286,0.184137203433818,0.261922297327324,0.124533086234979,0.165956226739152,0.582383265713247
COG,Congo,2003,33.8433611504066,0.252909141150434,0.26684445300836,0.280853139481627,0.211029830961314,0.576041918142302
COL,Colombia,2003,43.419616106566,0.311431020738528,0.408289975153448,0.349293957257565,0.176709129804571,0.443038698607208
COM,Comoros,2003,37.4013090695149,0.310001725026963,0.465591383421602,0.313927489245742,0.150486302413544,0.561975543636665
CPV,Cape Verde,2003,45.4119890550878,0.3932229433713,0.442383006914369,0.570242240604581,0.16704358259495,0.484983162269543
CRI,Costa Rica,2003,49.9169732659741,0.41808045690624,0.455673743855715,0.604511252731373,0.194056374131631,0.419740991586757
CUB,Cuba,2003,40.7686640316782,0.271975452755571,,0.378894583653412,0.16505632185773,0.456602172122007
CYP,Cyprus,2003,56.2352896514888,0.499440748169038,0.583677289639091,0.692735659657073,0.221909295210949,0.374734955139261
CZE,Czech Republic,2003,61.1804312892607,0.525937268247918,0.499175700768562,0.670736923690674,0.407899180284519,0.302328642462704
DEU,Germany,2003,70.6011709507548,0.731422003308339,0.770485471868815,0.798906901874902,0.624873636181301,0.319398584293244
DJI,Djibouti,2003,34.4273626274642,0.314037816504796,0.411145192089468,0.357111391309272,0.173856866115647,0.625490563955511
DMA,Dominica,2003,57.6099676770066,0.607841772211758,0.557370796520703,0.658312747902813,,0.455642418671626
DNK,Denmark,2003,73.3728838735077,0.796061285345582,0.819312889583677,0.882700880936477,0.686170085516593,0.328603607875429
DOM,Dominican Republic,2003,41.6963432084262,0.330455357922922,0.429206845291484,0.369353834424609,0.192805394052672,0.496528493754399
DZA,Algeria,2003,42.3280253815219,0.308104182979239,0.385319915308612,0.317965057062689,0.221027576566417,0.461543675348802
ECU,Ecuador,2003,41.1514033234714,0.32048584363419,0.434083170845136,0.346902017899674,0.180472342157761,0.497457777164762
EGY,Egypt,2003,40.7221553333676,0.324054447142726,0.295236216922717,0.397274860739781,0.27965226376568,0.509611340475374
ERI,Eritrea,2003,30.8999380217248,0.272755405656852,0.349207302600971,0.345172505966609,0.123886408402975,0.654756645222355
ESP,Spain,2003,61.7442916390267,0.569071602862108,0.573250935659243,0.720537369682466,0.413426503244614,0.334185770081574
EST,Estonia,2003,60.7461327749432,0.600481741274132,0.75268046738015,0.697195952804283,0.351568803637963,0.385559085775267
ETH,Ethiopia,2003,36.8553137510479,0.314678091576472,0.437804577188713,0.271562173485546,0.234667524055158,0.577571816555514
FIN,Finland,2003,73.8143958820134,0.797405196557787,0.788418800714156,0.912733819719779,0.691062969239427,0.32111727891752
FJI,Fiji,2003,46.3994845736386,0.441918533372684,0.576651531111132,0.517933033097971,0.231171035908951,0.513928841899913
FRA,France,2003,65.1472770830552,0.637703761697855,0.603535483834557,0.721843229276027,0.587732571982979,0.33475822003675
FSM,"Micronesia, Federated States of",2003,38.1060057181209,0.409845685322726,0.480806985713074,0.592151148853441,0.156578921401663,0.647725570960308
GAB,Gabon,2003,43.4696086082038,0.335961174695211,0.339604363243121,0.422385375417896,0.245893785424616,0.466569002531135
GBR,United Kingdom,2003,72.3259126891221,0.711677304389047,0.741708734884432,0.802316408979049,0.59100676930366,0.265159050606604
GEO,Georgia,2003,45.9421254958151,0.344732369060619,0.434275657380149,0.299256311336269,0.300665138465438,0.425889859144316
GHA,Ghana,2003,40.5052667299372,0.347487887790046,0.439986091252189,0.435234162928965,0.167243409188982,0.537382553191301
GIN,Guinea,2003,38.8095496934684,0.282942000608719,0.345058148401811,0.262448778682562,0.241319074741783,0.506751006739351
GMB,Gambia,2003,38.7940349436758,0.36692854326336,0.407680434459241,0.489830660212037,0.203274535118801,0.591047844389843
GNB,Guinea-Bissau,2003,30.7378230830251,0.275983201110696,0.25627602563362,0.306807059158172,0.264866518540295,0.661226739450194
GNQ,Equatorial Guinea,2003,40.9732489639089,0.275234162975548,0.428450648189648,0.273446589154713,0.123805251582283,0.45576918369737
GRC,Greece,2003,57.606168764683,0.518812552419449,0.536806818363525,0.642819960570521,0.376810878324301,0.366689177125788
GRD,Grenada,2003,52.8355613899141,0.490030698665089,0.508671703162516,0.622031151338028,0.339389241494722,0.433319470866807
GTM,Guatemala,2003,40.1007391089271,0.299520510006059,0.416983950318183,0.348822338221418,0.132755241478575,0.497505727827516
GUY,Guyana,2003,41.1670930130661,0.351955781316055,0.461095447925236,0.432845054913492,0.161926841109436,0.528613921054732
HND,Honduras,2003,40.2641413302448,0.296621546529964,0.422822708546899,0.337979243644817,0.129062687398177,0.491338719925069
HRV,Croatia,2003,54.6116379976321,0.507602321380036,0.523685652893499,0.571839902187024,0.427281409059585,0.415369561427394
HTI,Haiti,2003,34.5850852176172,0.246570765550671,0.399156030765826,0.200490479364293,0.140065786521894,0.554869061198328
HUN,Hungary,2003,56.9495810573794,0.552486008370156,0.556665012558991,0.683436737142495,0.417356275408984,0.413494387222568
IDN,Indonesia,2003,42.1116166674034,0.297710019560734,0.37367447994035,0.263418096854971,0.256037481886882,0.455477686212665
IND,India,2003,38.8944777928664,0.314964580428344,0.314645275869821,0.388973055715026,0.241275409700186,0.537075024571016
IRL,Ireland,2003,64.4547162939088,0.621640995753371,0.702216914117681,0.813919044411524,0.348787028730909,0.332546669875195
IRN,"Iran, Islamic Republic of",2003,45.0136815131455,0.333825176310578,0.436008036195262,0.330610132303778,0.234857360432693,0.433551546047668
IRQ,Iraq,2003,39.8926862421552,0.307576836747901,0.479523742146323,0.182452051327332,0.260754716770048,0.509723111904798
ISL,Iceland,2003,72.003052981733,0.779393217039895,0.814372401851687,0.866429917803042,0.657377331464956,0.339332157405235
ISR,Israel,2003,59.5126788828549,0.573716502377492,0.598145860854205,0.601507408433275,0.521496237844996,0.383462924720393
ITA,Italy,2003,59.2292234173601,0.551361695449081,0.531609681918185,0.638826182172245,0.483649222256814,0.366777227101879
JAM,Jamaica,2003,45.3089521139213,0.359206829883152,0.430746737571584,0.44413795565009,0.202735796427782,0.453027787604726
JOR,Jordan,2003,48.2065542504744,0.410536721463798,0.455128365339846,0.516140638450344,0.260341160601203,0.44640563645431
JPN,Japan,2003,65.9513688377338,0.675695720466374,0.715883458103576,0.706970742184138,0.604232961111409,0.356668343711699
KAZ,Kazakhstan,2003,51.709712119711,0.408570041723755,0.461833312976119,0.355995995353379,0.407880816841769,0.374375799329536
KEN,Kenya,2003,39.8562398297841,0.310433898371875,0.426062898552945,0.347152902160496,0.158085894402185,0.513309101776194
KGZ,Kyrgyzstan,2003,47.9873605972512,0.355746726536136,0.369151046367553,0.359283418231023,0.338805715009832,0.395999514591111
KHM,Cambodia,2003,38.9407238554048,0.311881810013133,0.393981809384178,0.329268654927462,0.212394965727759,0.533067332905037
KIR,Kiribati,2003,41.9735091665428,0.426217883492807,0.546215743515449,0.594150281116274,0.138287625846699,0.586747700161951
KNA,Saint Kitts and Nevis,2003,49.876862889536,0.498321110355722,0.636592754716602,0.601518133199714,0.256852443150851,0.500783852565003
KOR,"Korea, Republic of",2003,65.5552636132936,0.688320350729983,0.758166333628009,0.60888358141552,0.697911137146419,0.37721507846411
KWT,Kuwait,2003,48.6255955639733,0.429642282062901,0.554451417406346,0.574488451827446,0.159986976954911,0.457130370783435
LAO,Lao People's Democratic Republic,2003,37.3119404407775,0.292044233672682,0.38412374898389,0.267275106965516,0.224733845068639,0.545805424857131
LBN,Lebanon,2003,43.3534680842624,0.359668702265245,0.489166400947907,0.401122346420739,0.18871735942709,0.492599340579996
LBR,Liberia,2003,31.3208026282055,0.223107162530865,0.241275824940852,0.159903244721454,0.268142417930289,0.596691109966754
LBY,Libyan Arab Jamahiriya,2003,39.0029155409684,0.269283301425324,0.301042894062264,0.298836777502408,0.2079702327113,0.489224990605956
LCA,Saint Lucia,2003,56.1728407551936,0.475372568756802,0.578448072104582,0.607278947487313,0.240390686678511,0.35191575365293
LIE,Liechtenstein,2003,,0.56766643720623,0.609306024758481,0.781629063645934,0.312064223214274,
LKA,Sri Lanka,2003,46.3090807057058,0.379081368089795,0.468313692988209,0.450923202205999,0.218007209075178,0.452899753975679
LSO,Lesotho,2003,39.6066065928698,0.312604467248717,0.359270070903574,0.457757825770657,0.12078550507192,0.520472335391322
LTU,Lithuania,2003,58.1136931591343,0.55792858412489,0.682326638833047,0.639308844780499,0.352150268761123,0.395654720942203
LUX,Luxembourg,2003,62.285708897617,0.590248143920528,0.684123179826497,0.845867683630965,0.240753568304123,0.344533965968187
LVA,Latvia,2003,56.8963688181956,0.541864559152833,0.61463554068695,0.633866721911013,0.377091414860535,0.40393718278892
MAR,Morocco,2003,43.2678404841025,0.378692476779196,0.497635808488462,0.432286613693195,0.206155008155932,0.513335667097146
MCO,Monaco,2003,62.2635743251008,0.654156585721775,,0.755199845730654,0.553113325712896,0.408885099219758
MDA,"Moldova, Republic of",2003,45.7650185886854,0.401098115278611,0.434339819558486,0.378063039705278,0.390891486572068,0.485797743504903
MDG,Madagascar,2003,37.6995799181382,0.31603294904896,0.296872352470324,0.47844336521683,0.172783129459727,0.562041350686195
MDV,Maldives,2003,44.0044648722652,0.470166968604742,0.632215977551434,0.54723094265652,0.231053985606271,0.590077671159439
MEX,Mexico,2003,48.3466692385619,0.387541311793551,0.471329315370073,0.492447272981126,0.198847347029453,0.420607927022312
MHL,Marshall Islands,2003,44.7409012763011,0.428976017328638,0.587499522262913,0.55054183175515,0.148886697967851,0.534157991802616
MKD,Macedonia,2003,47.8654107914445,0.367334801789283,0.487081130151937,0.347935390537248,0.266987884678664,0.410026585960393
MLI,Mali,2003,35.8926307581122,0.326567647282107,0.307074138825992,0.434202369757757,0.238426433262572,0.608715032119863
MLT,Malta,2003,56.2263062583918,0.519713894799589,0.536806818363525,0.740623213561422,0.28171165247382,0.395187769631753
MMR,Myanmar,2003,31.3850799861127,0.174012775543641,0.205729978141861,0.165457199603534,0.150851148885527,0.546311175821387
MNE,Montenegro,2003,48.5309485989087,0.42437954220588,0.477585127757982,0.512687754619999,0.282865744239658,0.453760570227705
MNG,Mongolia,2003,48.8176153113577,0.43456615301795,0.438670766596269,0.526212428434415,0.338815264023167,0.458213846790796
MOZ,Mozambique,2003,39.2166193798819,0.308998032450773,0.361740314769569,0.405037496534511,0.160216286048239,0.524665644853135
MRT,Mauritania,2003,35.3212701852683,0.364324103406078,0.402969097364172,0.44735674359332,0.242646469260741,0.657898699700711
MUS,Mauritius,2003,50.521448500558,0.502118945477445,0.630483598736321,0.628998282010241,0.246874955685772,0.491689975466285
MWI,Malawi,2003,34.8442858531151,0.317287293657454,0.381277698073347,0.38812982475602,0.182454358142994,0.620401576595151
MYS,Malaysia,2003,53.8870100135035,0.485603954655244,0.606647349483928,0.577932874755257,0.272231639726547,0.407863754385174
NAM,Namibia,2003,42.3205611298574,0.402582113355734,0.512649758219444,0.555756613765574,0.139339968082185,0.556170890758586
NER,Niger,2003,33.9484568442246,0.280218524313957,0.281409267490979,0.353246652545164,0.205999652905728,0.601249387429465
NGA,Nigeria,2003,35.3664291323401,0.217275027595741,0.267197344989216,0.208456150190201,0.176171587607807,0.509946444948939
NIC,Nicaragua,2003,42.8561961055413,0.324464277771238,0.373353669048662,0.398099051241263,0.20194011302379,0.467340355660412
NLD,Netherlands,2003,65.7324732013908,0.688026992713113,0.681685017049672,0.847189074626415,0.535206886463253,0.373377528685297
NOR,Norway,2003,75.5520538133017,0.781957843436675,0.839074840511637,0.832059768135266,0.674738921663122,0.270916767170641
NPL,Nepal,2003,38.5402383856783,0.34399227046763,0.523910220517681,0.320533126722621,0.187533464162587,0.573187502754064
NRU,Nauru,2003,52.0961373533115,0.545258547391158,,0.545258547391158,,0.503335800324928
NZL,New Zealand,2003,74.1348053088636,0.786215361705829,0.841609246555969,0.863406178461312,0.653630660100206,0.303519255528557
OMN,Oman,2003,50.3742839264613,0.482011549863918,0.685181855769067,0.639024231111357,0.12182856271133,0.474525871334691
PAK,Pakistan,2003,37.7843808500323,0.31211253184126,0.41188305714035,0.285607860167856,0.238846678215575,0.556424914840615
PAN,Panama,2003,48.7220506408961,0.409201264739511,0.550056308190224,0.491384147647841,0.186163338380467,0.434760251921588
PER,Peru,2003,45.8315139733585,0.380178084828835,0.54652738838166,0.412890040805905,0.18111682529894,0.463547805361664
PHL,Philippines,2003,43.2812219792359,0.342482775742275,0.45609079801491,0.362486141619236,0.20887138759268,0.476858336157558
PLW,Palau,2003,47.7495003529551,0.460095933496067,0.544634604120703,0.545333240437118,0.29031995593038,0.505105926436964
PNG,Papua New Guinea,2003,38.2728112335098,0.328246542429271,0.497122511061761,0.341425417366249,0.146191698859803,0.562790317759074
POL,Poland,2003,58.2034518631879,0.481860434963928,0.451214472461257,0.605056243687308,0.38931058874322,0.31779139770017
PRK,"Korea, Democratic People's Repub",2003,42.3071582256093,0.376209433456146,,0.257200091532362,0.495218775379931,0.53006626894396
PRT,Portugal,2003,56.8742765916262,0.534297900575122,0.571197745952441,0.753562792046473,0.278133163726451,0.396812368742598
PRY,Paraguay,2003,44.1110387508679,0.294651713925179,0.435879711838587,0.280621468647623,0.167453961289328,0.412430938907821
QAT,Qatar,2003,51.8178266470364,0.47976639112439,0.664457472166044,0.628515745906605,0.146325955300522,0.443409858183662
ROU,Romania,2003,49.3802886031273,0.416229769727859,0.449674580181156,0.460083811932344,0.338930917070078,0.428623997665313
RUS,Russian Federation,2003,54.6289052247351,0.420084587934946,0.417689734279897,0.337214544795673,0.505349484729269,0.327506483440244
RWA,Rwanda,2003,32.4360704683966,0.288060833466263,0.391094511358989,0.319063723733323,0.154024265306477,0.639339424098332
SAU,Saudi Arabia,2003,46.9019794940468,0.4173048786054,0.618480688374464,0.477324270403542,0.156109677038195,0.479265288724463
SDN,Sudan,2003,31.5962979463319,0.263330213653193,0.408257894064279,0.182173535379768,0.199559211515533,0.631404254726555
SEN,Senegal,2003,38.9476825018599,0.326939293846155,0.280190186102565,0.451565077140123,0.249062618295779,0.547985643808958
SGP,Singapore,2003,68.3108148348219,0.770611536808741,0.88267304069199,0.833449527989499,0.595712041744735,0.404395240112304
SLB,Solomon Islands,2003,41.4463171245633,0.474054548658846,0.45634744672826,0.491761650589432,,0.645128206167579
SLE,Sierra Leone,2003,32.3466732910638,0.251548647779177,0.21458435875244,0.289056191817958,0.251005392767133,0.604615181957901
SLV,El Salvador,2003,43.9125988434641,0.348445108115322,0.471168909924229,0.425945889916235,0.148220524505501,0.47019313124604
SMR,San Marino,2003,,0.62860837359936,0.568053799213903,0.697415371409378,0.6203559501748,
SOM,Somalia,2003,27.8836648319409,0.228692073110793,0.394377476150593,0.063006670070993,,0.671018776471975
SRB,Serbia,2003,44.0020522424749,0.35311816037964,0.346084743255211,0.343668757277506,0.369600980606203,0.473077115530141
STP,Sao Tome and Principe,2003,39.0033856507552,0.353800892350361,0.344013221497457,0.47481318132253,0.242576274231096,0.573733179335257
SUR,Suriname,2003,45.7599386151858,0.356518332084528,0.376497615787201,0.498672337197206,0.194385043269176,0.441319559780812
SVK,Slovakia,2003,56.5548549637281,0.513822677208438,0.546334901846648,0.625958495676359,0.369174634102307,0.382725577933875
SVN,Slovenia,2003,60.7123869003456,0.590042874143027,0.54392882015899,0.682593878543093,0.543605923726999,0.375795136136115
SWE,Sweden,2003,72.8070752647695,0.778901170020475,0.775393878511636,0.868598212112703,0.692711419437087,0.322759664725085
SWZ,Swaziland,2003,40.540824328697,0.351309453753197,0.39994889196957,0.449849319480375,0.204130149809646,0.540492967179257
SYC,Seychelles,2003,49.0618651178654,0.467115041614668,0.57434169269098,0.61933626315106,0.207667169001966,0.48587773925736
SYR,Syrian Arab Republic,2003,43.1421480041237,0.35138330088673,0.446306065818436,0.364789565865482,0.243054270976274,0.488540340804257
TCD,Chad,2003,28.2716361380171,0.225319989357416,0.219653170841105,0.223972140355138,0.232334656876007,0.659887266597075
TGO,Togo,2003,37.8187902443774,0.297405022767313,0.33155200986176,0.321087633842867,0.239575424597314,0.541029217879766
THA,Thailand,2003,50.0169597192355,0.44892357890971,0.611202864145892,0.471468578166455,0.264099294416784,0.448584384524999
TJK,Tajikistan,2003,43.0479086198601,0.269276092903871,0.297866866234556,0.270410974533073,0.239550437943983,0.408317920506668
TKM,Turkmenistan,2003,40.0670396345356,0.253735229550467,,0.310635102203999,0.196835356896936,0.452394436859755
TLS,Timor-Leste,2003,40.2048208628852,0.374678186659421,0.393778629152776,0.407094967799452,0.323160963026035,0.570581769401717
TON,Tonga,2003,41.2757979422398,0.420041603618716,0.606711511662266,0.503459136944249,0.149954162249632,0.59452564477392
TTO,Trinidad and Tobago,2003,48.7172305354787,0.380544407776998,0.458817690594254,0.549379053616789,0.133436479119952,0.406199797067425
TUN,Tunisia,2003,50.6750593691117,0.440626713183943,0.609598809687454,0.483682999034174,0.228598330830199,0.427125525801709
TUR,Turkey,2003,49.3206906615334,0.401451377088132,0.499656917106093,0.469171970287432,0.235525243870871,0.415037563857464
TUV,Tuvalu,2003,41.7723575836271,0.400782121403849,,0.613186664600754,0.188377578206943,0.565334969731306
TZA,"Tanzania, United Republic of",2003,38.7222151019787,0.311653510621186,0.381117292627504,0.361466151752752,0.192377087483301,0.537209208581612
UGA,Uganda,2003,36.8799877988996,0.288217557796118,0.373866966475362,0.317484963097569,0.173300743815424,0.550617801818125
UKR,Ukraine,2003,44.0866089876783,0.306373038475464,0.214937250733296,0.333710423946587,0.370471440746509,0.424640858721897
URY,Uruguay,2003,51.0100205194616,0.442976036800069,0.443579173239091,0.636737595545028,0.248611341616087,0.422775626410836
USA,United States,2003,70.2980262003927,0.727849196831963,0.827268999697531,0.760225702980892,0.596052887817465,0.321888672824109
UZB,Uzbekistan,2003,43.2168536723473,0.279553297396049,0.331487847683423,0.243271350905588,0.263900693599135,0.415216223949103
VCT,Saint Vincent and the Grenadines,2003,53.0762861657979,0.488589248112095,0.68660258971797,0.588386522442709,0.190778632175606,0.427063524796136
VEN,"Venezuela, Bolivarian Republic o",2003,43.072250157815,0.252706438418677,0.296166568508611,0.267736885421036,0.194215861326386,0.391261435262377
VNM,Viet Nam,2003,42.5169970317802,0.37497337047838,0.514093407232038,0.395163137529455,0.215663566673645,0.524633429842776
VUT,Vanuatu,2003,42.4117518431729,0.417413737471787,0.533727033803322,0.580239882942237,0.138274295669802,0.569178700608329
WSM,Samoa,2003,44.5254123066056,0.433493884967743,0.600263212739343,0.592146640337494,0.108071801826393,0.542985638835632
YEM,Yemen,2003,35.4668147238176,0.311117583181165,0.474729910821962,0.241467249983669,0.217155588737865,0.601781288704814
ZAF,South Africa,2003,46.6606946752566,0.395494775725707,0.471618045172592,0.543327471458104,0.171538810546425,0.462280882220575
ZMB,Zambia,2003,41.2338559924647,0.348867098784372,0.473831640325237,0.393395050172967,0.179374605854911,0.524189978935079
ZWE,Zimbabwe,2003,34.9496823912737,0.219400531043376,0.400430108307101,0.16068882502482,0.0970826597982058,0.520406883217901
AFG,Afghanistan,2004,32.1163978835106,0.273858435738092,0.350415690292995,0.156849317571934,0.314310299349347,0.63153047806788
AGO,Angola,2004,34.4182017864602,0.203786587450959,0.237613997762875,0.242463016283926,0.131282748306078,0.515422551721755
ALB,Albania,2004,42.4911659708889,0.347686754682849,0.399788486523725,0.393537213533114,0.249734563991707,0.497863435265072
AND,Andorra,2004,51.9053879337693,0.438829292693384,,0.698510441238442,0.179148144148325,0.400721534017998
ARE,United Arab Emirates,2004,53.3289894378158,0.52162573054109,0.714343565823475,0.61352138853858,0.237012237261215,0.455045941784775
ARG,Argentina,2004,47.2989718817126,0.360518303742196,0.418299274974103,0.401484190066442,0.261771446186043,0.414538866107943
ARM,Armenia,2004,51.3322136915483,0.438384161138303,0.532636276771585,0.450801188743273,0.331715017900053,0.411739887307337
ATG,Antigua and Barbuda,2004,49.4599255002084,0.498911026880026,0.61723410890962,0.631209937465308,0.248289034265149,0.509712516875859
AUS,Australia,2004,69.8214159142317,0.725946124559408,0.769009741767052,0.819272562346207,0.589556069564966,0.329517806274775
AUT,Austria,2004,69.4775355189547,0.722288491525729,0.714279403645137,0.823615216099089,0.628970854832962,0.332737781146636
AZE,Azerbaijan,2004,46.1642131104124,0.371200653560642,0.413390868331282,0.315077806167619,0.385133286183025,0.447916391352393
BDI,Burundi,2004,30.9799290015907,0.240263502285349,0.288723755821457,0.220582784042724,0.211483966991866,0.620664922253535
BEL,Belgium,2004,60.0047463451274,0.595296305518487,0.607000241464784,0.740587415521806,0.438301259568871,0.395201378615939
BEN,Benin,2004,37.474976008085,0.338258464392874,0.318270438945891,0.434817377300342,0.261687576932389,0.588758944231175
BFA,Burkina Faso,2004,36.4583149681105,0.283631249084932,0.253691206449165,0.424628379271168,0.172574161534463,0.554464949722722
BGD,Bangladesh,2004,34.4073107803152,0.271006838522064,0.328985522728259,0.253041907825448,0.230993085012486,0.58286062291576
BGR,Bulgaria,2004,53.5094230162741,0.465058759427668,0.504469080481408,0.533747013742192,0.356960184059405,0.394870299102186
BHR,Bahrain,2004,48.7738419897576,0.473905066557612,0.677001178031031,0.583422003119503,0.161292018522302,0.49842822676246
BHS,Bahamas,2004,50.408988398139,0.487732154903823,0.572480989519192,0.721565509387353,0.169149965804923,0.479552386941043
BIH,Bosnia and Herzegovina,2004,47.2311575835092,0.348591837785861,0.358179313871835,0.424252949585448,0.263343249900301,0.403968686115678
BLR,Belarus,2004,49.763154666404,0.389023721753957,0.29542870345773,0.3907244560326,0.480918005771542,0.393760628425878
BLZ,Belize,2004,43.9235581885813,0.387710374099351,0.493112374915665,0.510404239572018,0.15961450781037,0.509239210327724
BOL,"Bolivia, Plurinational State of",2004,42.2822641275546,0.333111338931214,0.427281979941357,0.405259552934321,0.166792483917965,0.487466056380122
BRA,Brazil,2004,49.2548550959361,0.378894451342194,0.434628549361005,0.474642186750125,0.227412617915451,0.393797349423473
BRB,Barbados,2004,54.1742027223591,0.508429583420027,0.522723220218436,0.722833345447071,0.279732184594575,0.424945528972846
BRN,Brunei Darussalam,2004,52.033326727615,0.474544314198659,0.558686121176622,0.632353513417134,0.23259330800222,0.433877779646359
BTN,Bhutan,2004,42.6447145619064,0.415584079670329,0.507058482678602,0.559536853403405,0.180156902928979,0.562689788432201
BWA,Botswana,2004,45.3198265823328,0.429194510608192,0.496994186705086,0.66558120075303,0.125008144366459,0.522797978961536
CAF,Central African Republic,2004,31.8069521738507,0.209156199420011,0.185935946124732,0.240096185910117,0.201436466225184,0.573017155942997
CAN,Canada,2004,68.9144825328317,0.691051751862522,0.713734025129268,0.800081326518715,0.559339903939582,0.312762101205887
CHE,Switzerland,2004,71.6914060019934,0.74597780742617,0.794289640032039,0.837449364159554,0.606194418086917,0.312149687386303
CHL,Chile,2004,58.2693445088017,0.542497680782251,0.62971365259627,0.737804069816665,0.259975319933817,0.377110790606218
CHN,China,2004,47.1567886629859,0.360335818813559,0.427410304298032,0.39560229047055,0.257994861672094,0.41720004555384
CIV,Cote d'Ivoire,2004,35.6861556769611,0.212227540647228,0.245446366532793,0.210124049508038,0.181112205900853,0.498504427108006
CMR,Cameroon,2004,40.851415251021,0.303196286314638,0.337583254625488,0.325218127220092,0.246787477098333,0.486167981294218
COD,"Congo, the Democratic Republic o",2004,30.8242149599535,0.195915088163146,0.261922297327324,0.159100735807468,0.166722231354646,0.579430788964076
COG,Congo,2004,33.6967325636481,0.25916157954748,0.26684445300836,0.298146750466932,0.212493535167148,0.585226928274518
COL,Colombia,2004,44.1333635222032,0.323563476348322,0.408289975153448,0.38163799462876,0.18076245926276,0.440896205904259
COM,Comoros,2004,37.2040507611377,0.307174187993645,0.465591383421602,0.304279201311362,0.151651979247972,0.56309317277089
CPV,Cape Verde,2004,45.1338896813272,0.388016799241627,0.442383006914369,0.546784815267159,0.174882575543354,0.485339005615084
CRI,Costa Rica,2004,50.3237802652093,0.422686164368769,0.455673743855715,0.610768338256126,0.201616410994467,0.416210559064583
CUB,Cuba,2004,41.651547277523,0.289977673527154,,0.372346580660378,0.20760876639393,0.456946727976695
CYP,Cyprus,2004,56.0137842558355,0.495617844269591,0.583677289639091,0.674514366930411,0.22866187623927,0.375342159152881
CZE,Czech Republic,2004,61.0025797606882,0.519583650280015,0.499175700768562,0.642379214142489,0.417196035928994,0.299532055066251
DEU,Germany,2004,70.6834315328012,0.730148031986876,0.770485471868815,0.78821222447013,0.631746399621685,0.316479401330852
DJI,Djibouti,2004,35.5374030712272,0.32467046065663,0.411145192089468,0.388289673422365,0.174576516458059,0.613922399232087
DMA,Dominica,2004,56.970548455119,0.59064245316134,0.557370796520703,0.623914109801977,,0.45123148405896
DNK,Denmark,2004,73.3546516522322,0.795113907165613,0.819312889583677,0.863393264703474,0.70263556720969,0.32802087412097
DOM,Dominican Republic,2004,43.0033912482528,0.339684350824925,0.429206845291484,0.390641913327558,0.199204293855734,0.479616525859869
DZA,Algeria,2004,42.8687782704207,0.3160763150323,0.385319915308612,0.336772065711376,0.226136964076913,0.458700749623886
ECU,Ecuador,2004,41.48945967903,0.322334678876079,0.434083170845136,0.346878202827054,0.186042662956046,0.492545485295479
EGY,Egypt,2004,40.8354552894369,0.324739103641487,0.295236216922717,0.39385117817225,0.285129915829493,0.508029997852749
ERI,Eritrea,2004,30.6484276491564,0.267901323040431,0.349207302600971,0.331269625033212,0.123227041487109,0.654932770057302
ESP,Spain,2004,61.4172523620852,0.561924594567257,0.573250935659243,0.691980769321161,0.420542078721365,0.333579547325552
EST,Estonia,2004,61.4639451889124,0.604687282074125,0.75268046738015,0.688434274587427,0.372947104254798,0.375408378295876
ETH,Ethiopia,2004,37.3140504149018,0.328397682760632,0.437804577188713,0.311874769617825,0.235513701475358,0.582116674462596
FIN,Finland,2004,73.6539041404118,0.790005003729962,0.788418800714156,0.882561573198546,0.699034637277184,0.316926920921726
FJI,Fiji,2004,45.9445973412575,0.434776806348444,0.576651531111132,0.487007140609746,0.240671747324452,0.515884859523294
FRA,France,2004,65.3326235835996,0.639976244301906,0.603535483834557,0.72155525297283,0.594837996098331,0.333323772629914
FSM,"Micronesia, Federated States of",2004,38.3391783862684,0.414269478879321,0.480806985713074,0.602662820159563,0.159338630765327,0.647485911153953
GAB,Gabon,2004,43.0057338491094,0.329133591965142,0.339604363243121,0.399771519477816,0.24802489317449,0.469018914982954
GBR,United Kingdom,2004,72.1519523828053,0.709207666312438,0.741708734884432,0.790662500814493,0.59525176323839,0.266168618656332
GEO,Georgia,2004,48.0909817792294,0.386064647760356,0.434275657380149,0.409841823188845,0.314076462712075,0.424245012175767
GHA,Ghana,2004,40.4810650508697,0.351142365341229,0.439986091252189,0.446477457081194,0.166963547690303,0.541521064323834
GIN,Guinea,2004,39.479107804129,0.290363963380301,0.345058148401811,0.284243281187513,0.241790460551578,0.50078180729772
GMB,Gambia,2004,37.5986933383212,0.341328285256138,0.407680434459241,0.412087254108428,0.204217167200744,0.589354418489713
GNB,Guinea-Bissau,2004,30.9508739709411,0.269102529555671,0.25627602563362,0.285411774561559,0.265619788471832,0.650085050136848
GNQ,Equatorial Guinea,2004,40.9223066555146,0.271649535379035,0.428450648189648,0.26183385573701,0.124664102210447,0.453203402268743
GRC,Greece,2004,57.658877488379,0.52009614553422,0.536806818363525,0.632886338562672,0.390595279676465,0.366918595766641
GRD,Grenada,2004,52.208751654744,0.478238404945661,0.508671703162516,0.585332912067966,0.340710599606503,0.434063371850782
GTM,Guatemala,2004,40.7686470182929,0.311540721510141,0.416983950318183,0.365645228024078,0.151992986188162,0.496167781144283
GUY,Guyana,2004,41.0775822173537,0.350320900667235,0.461095447925236,0.421452898449105,0.168414355627366,0.528769256320162
HND,Honduras,2004,40.4845836577605,0.302179773361462,0.422822708546899,0.351637649240332,0.132078962297155,0.492488100206252
HRV,Croatia,2004,54.7939728344715,0.510935867308857,0.523685652893499,0.570286200440639,0.438835748592432,0.415056410619427
HTI,Haiti,2004,34.4220661512451,0.242781693866357,0.399156030765826,0.185888392892425,0.143300657940819,0.554340370841455
HUN,Hungary,2004,57.428450236815,0.554824643468617,0.556665012558991,0.672882433151989,0.434926484694871,0.406255638732317
IDN,Indonesia,2004,42.5168678239252,0.308046405487439,0.37367447994035,0.300140656951887,0.25032407957008,0.457709049008935
IND,India,2004,39.7053500021793,0.328473584042578,0.314645275869821,0.427971935402155,0.242803540855758,0.534366583998992
IRL,Ireland,2004,63.9683924972267,0.612526278792709,0.702216914117681,0.777370805171511,0.357991117088934,0.333158428848174
IRN,"Iran, Islamic Republic of",2004,45.6447806086855,0.342949174590216,0.436008036195262,0.331835877147477,0.261003610427909,0.430053562416505
IRQ,Iraq,2004,39.2188130651389,0.297139495075785,0.479523742146323,0.148434789812957,0.263459953268074,0.512763233773007
ISL,Iceland,2004,72.0828866624438,0.781033823425036,0.814372401851687,0.843870607173518,0.684858461249903,0.33937609017616
ISR,Israel,2004,59.6412153043544,0.574815029099803,0.598145860854205,0.592631327862936,0.533667898582267,0.381990723012715
ITA,Italy,2004,59.3064775435862,0.552440400671514,0.531609681918185,0.626895916974212,0.498815603122146,0.36631084979979
JAM,Jamaica,2004,45.8292046906505,0.369644071781325,0.430746737571584,0.467029808036773,0.211155669735619,0.453059977968316
JOR,Jordan,2004,47.8329364460298,0.416239501806066,0.455128365339846,0.514145606549319,0.279444533529035,0.45958077288547
JPN,Japan,2004,66.1588853130955,0.679048553334392,0.715883458103576,0.704846279557675,0.616415922341925,0.355870847072483
KAZ,Kazakhstan,2004,51.9307606869943,0.412088499870084,0.461833312976119,0.345744897476705,0.428687289157428,0.373473286130197
KEN,Kenya,2004,39.948914028514,0.312696702565396,0.426062898552945,0.354690165667685,0.157337043475557,0.513718421995116
KGZ,Kyrgyzstan,2004,47.0882991340314,0.340025398122765,0.369151046367553,0.343231949018357,0.307693198982387,0.398259415442138
KHM,Cambodia,2004,38.8439660732358,0.312796649603221,0.393981809384178,0.331603861352121,0.212804278073364,0.535917328138504
KIR,Kiribati,2004,41.8710162812915,0.41915635852064,0.546215743515449,0.572452528991623,0.138800803054846,0.581736032894809
KNA,Saint Kitts and Nevis,2004,50.0342205905548,0.502651170686507,0.636592754716602,0.60379811651704,0.267562640825879,0.501966758875411
KOR,"Korea, Republic of",2004,66.2525560357162,0.700931259431638,0.758166333628009,0.629553789107208,0.715073655559697,0.375880138717314
KWT,Kuwait,2004,48.6625174723165,0.43027040935182,0.554451417406346,0.574763995226738,0.161595815422376,0.457020059905489
LAO,Lao People's Democratic Republic,2004,37.5021336124418,0.297777669487257,0.38412374898389,0.285325960414666,0.223883299063215,0.547734997238422
LBN,Lebanon,2004,43.5246473778633,0.361402795830923,0.489166400947907,0.402222714457934,0.192819272086928,0.490909848273657
LBR,Liberia,2004,32.3452384979464,0.23852888462598,0.241275824940852,0.207879250147683,0.266431578789405,0.591624114667052
LBY,Libyan Arab Jamahiriya,2004,39.4128520176875,0.276499613502274,0.301042894062264,0.318691348764244,0.209764597680312,0.488242573148523
LCA,Saint Lucia,2004,55.8654077845016,0.473715241546287,0.578448072104582,0.602810923154247,0.239886729380031,0.356407085856254
LIE,Liechtenstein,2004,,0.556716360186006,0.609306024758481,0.712053333782807,0.34878972201673,
LKA,Sri Lanka,2004,46.4502941481044,0.380710492174265,0.468313692988209,0.453293337980233,0.220524445554353,0.451704609212177
LSO,Lesotho,2004,39.4313171913729,0.307690669987982,0.359270070903574,0.442015300609977,0.121786638450395,0.519064326160524
LTU,Lithuania,2004,58.3212247352249,0.559047619475583,0.682326638833047,0.627091236686238,0.367724982907465,0.392623124771086
LUX,Luxembourg,2004,62.7240049676037,0.595743982419164,0.684123179826497,0.824864728668211,0.278244038762784,0.341263883067089
LVA,Latvia,2004,56.793794230081,0.538387238666391,0.61463554068695,0.600056472554254,0.400469702757969,0.40251135406477
MAR,Morocco,2004,43.8245952311378,0.382962965268431,0.497635808488462,0.43888090927346,0.212372178043372,0.506471060645675
MCO,Monaco,2004,64.5304342944534,0.699826401216806,,0.753401600627085,0.646251201806527,0.409217715327739
MDA,"Moldova, Republic of",2004,46.33634089038,0.404100334699212,0.434339819558486,0.385260726929583,0.392700457609567,0.477373516891612
MDG,Madagascar,2004,36.7107333882643,0.307759191154166,0.296872352470324,0.442395081819205,0.184010139172969,0.573544523388881
MDV,Maldives,2004,43.2640066070278,0.447641251025348,0.632215977551434,0.45049940121605,0.260208374308562,0.582361118884792
MEX,Mexico,2004,48.3016153230924,0.385172641319394,0.471329315370073,0.478788534635506,0.205400073952603,0.419140334857545
MHL,Marshall Islands,2004,44.894544132884,0.430287251352023,0.587499522262913,0.550056008331451,0.153306223461705,0.532396368694344
MKD,Macedonia,2004,49.0299329398481,0.39107036485885,0.487081130151937,0.418052360243008,0.268077604181604,0.410471706061887
MLI,Mali,2004,36.3705692537179,0.331726207732397,0.307074138825992,0.446437278841385,0.241667205529815,0.604314822658038
MLT,Malta,2004,55.6974178608445,0.505169675304025,0.536806818363525,0.70691694234236,0.27178526520619,0.391221318087136
MMR,Myanmar,2004,31.4014183695361,0.172723634405119,0.205729978141861,0.161813475041698,0.150627450031797,0.544695267014397
MNE,Montenegro,2004,48.6149717246324,0.425903745579357,0.477585127757982,0.512100881910576,0.288025227069511,0.453604311086709
MNG,Mongolia,2004,48.3600911209566,0.422849568635312,0.438670766596269,0.498884243820312,0.330993695489354,0.455647746216179
MOZ,Mozambique,2004,39.3324558075087,0.304982827767014,0.361740314769569,0.392895119515856,0.160313049015616,0.518333711616839
MRT,Mauritania,2004,34.9319039087443,0.346953031163622,0.402969097364172,0.393652129101972,0.24423786702472,0.648314952988736
MUS,Mauritius,2004,50.5234868453252,0.499023069238078,0.630483598736321,0.615672539531546,0.250913069446366,0.488553332331573
MWI,Malawi,2004,35.3759932044329,0.324735879007564,0.381277698073347,0.40463319863755,0.188296740311794,0.617216014918906
MYS,Malaysia,2004,53.9733172835511,0.486396906517762,0.606647349483928,0.564209031506402,0.288334338562956,0.40693056084674
NAM,Namibia,2004,41.5804726628451,0.395123738246505,0.512649758219444,0.53224935462957,0.140472101890502,0.563514284989602
NER,Niger,2004,34.1263442151486,0.280824621058299,0.281409267490979,0.355004293336347,0.206060302347571,0.598297736755326
NGA,Nigeria,2004,35.7284830649441,0.224191749698148,0.267197344989216,0.226512937208417,0.178864966896812,0.509622088399267
NIC,Nicaragua,2004,43.0963852356306,0.330564114972294,0.373353669048662,0.412100154374885,0.206238521493334,0.468636410259681
NLD,Netherlands,2004,65.5301939201643,0.681095072470765,0.681685017049672,0.826277377080116,0.535322823282508,0.370491194067479
NOR,Norway,2004,75.540606274997,0.779951675088277,0.839074840511637,0.823190389954928,0.677589794798266,0.269139549588338
NPL,Nepal,2004,38.0393057643699,0.334158728229156,0.523910220517681,0.284936305465757,0.193629658704029,0.573372612941757
NRU,Nauru,2004,51.3079654870024,0.544772723967458,,0.544772723967458,,0.51861341422741
NZL,New Zealand,2004,74.3311451318298,0.789321087170735,0.841609246555969,0.86872981113535,0.657624203820885,0.302698184534138
OMN,Oman,2004,50.2607400287811,0.481701080780007,0.685181855769067,0.635651233589683,0.124270152981271,0.476486280204385
PAK,Pakistan,2004,37.9629048087152,0.308472018894133,0.41188305714035,0.273985657971655,0.239547341570393,0.549213922719829
PAN,Panama,2004,48.8710005110974,0.412203028048442,0.550056308190224,0.495152035718652,0.19140074023645,0.434783017826494
PER,Peru,2004,46.4733496580636,0.389502194591122,0.54652738838166,0.421897637727261,0.200081557664444,0.46003520142985
PHL,Philippines,2004,43.4935166337202,0.344029395775469,0.45609079801491,0.36516356028295,0.210833829028547,0.474159063101065
PLW,Palau,2004,47.4096923605994,0.465338647432849,0.544634604120703,0.544847417013419,0.306533921164424,0.51714480022086
PNG,Papua New Guinea,2004,38.6226712234318,0.331277185390864,0.497122511061761,0.35038982849145,0.146319216619383,0.558823760922228
POL,Poland,2004,57.692990915207,0.470718098235135,0.451214472461257,0.562611778755871,0.398328043488277,0.316858279930996
PRK,"Korea, Democratic People's Repub",2004,42.4133639365598,0.374852840157662,,0.254454824769606,0.495250855545717,0.526585561426465
PRT,Portugal,2004,56.6473145181272,0.527068891099838,0.571197745952441,0.72641396710606,0.283594960241014,0.394122600737295
PRY,Paraguay,2004,45.2799284555003,0.316050014908186,0.435879711838587,0.331066561379817,0.181203771506153,0.410451445798179
QAT,Qatar,2004,51.6349154088849,0.475239132469871,0.664457472166044,0.608749673865704,0.152510251377864,0.442540824292173
ROU,Romania,2004,49.9191659556862,0.424259159079327,0.449674580181156,0.473077342784101,0.350025554272725,0.425875839965603
RUS,Russian Federation,2004,54.7376416394143,0.418231400943925,0.417689734279897,0.350932951954014,0.486071516597864,0.32347856815564
RWA,Rwanda,2004,32.9673078661724,0.298001756295258,0.391094511358989,0.34888384705614,0.154026910470646,0.63865559897181
SAU,Saudi Arabia,2004,46.2104982162251,0.402577121589563,0.618480688374464,0.428794340711454,0.160456335682771,0.478367157265061
SDN,Sudan,2004,32.3644085148573,0.277466624103903,0.408257894064279,0.221404354611443,0.202737623635987,0.630178453806756
SEN,Senegal,2004,39.2619469821129,0.330327843152362,0.280190186102565,0.461164098242361,0.24962924511216,0.545088903510105
SGP,Singapore,2004,68.5014155823331,0.772976119803431,0.88267304069199,0.827506115037877,0.608749203680425,0.402947808156769
SLB,Solomon Islands,2004,39.3617630905414,0.438607388054552,0.45634744672826,0.420867329380844,,0.651372126243723
SLE,Sierra Leone,2004,32.8005728385408,0.266384878277711,0.21458435875244,0.330031622774934,0.254538653305758,0.610373421506895
SLV,El Salvador,2004,45.0893254504226,0.372155655879347,0.471168909924229,0.470477081221859,0.174820976491952,0.470369146870895
SMR,San Marino,2004,,0.629795737357183,0.568053799213903,0.696929547985678,0.624403864871967,
SOM,Somalia,2004,28.3983507972374,0.236315843613634,0.394377476150593,0.0782542110766754,,0.668348827668886
SRB,Serbia,2004,44.499185052663,0.363671944597155,0.346084743255211,0.373343650662546,0.371587439873708,0.473688243543895
STP,Sao Tome and Principe,2004,38.4477392874536,0.342605905574978,0.344013221497457,0.432641370879842,0.251163124347634,0.573651119825905
SUR,Suriname,2004,45.7290596563766,0.351088137751518,0.376497615787201,0.480665668844069,0.196101128623283,0.436506944623985
SVK,Slovakia,2004,56.8499683258727,0.514314020430795,0.546334901846648,0.615024532528987,0.38158262691675,0.37731465391334
SVN,Slovenia,2004,62.2216170350069,0.597970654942544,0.54392882015899,0.668224561349922,0.58175858331872,0.353538314242406
SWE,Sweden,2004,72.7759498155382,0.776320852575103,0.775393878511636,0.849511301557416,0.704057377656256,0.320801856264339
SWZ,Swaziland,2004,40.1029784823178,0.335650497912673,0.39994889196957,0.402169799333107,0.204832802435343,0.533590928266317
SYC,Seychelles,2004,47.8130581138625,0.441524139967206,0.57434169269098,0.541543337685652,0.208687389524986,0.485262977689956
SYR,Syrian Arab Republic,2004,42.9007398840173,0.345209877735887,0.446306065818436,0.342537326776754,0.246786240612472,0.487195080055542
TCD,Chad,2004,29.1226970304879,0.23452337293614,0.219653170841105,0.254800728936639,0.229116219030675,0.652069432326381
TGO,Togo,2004,37.7156051615536,0.294525014250776,0.33155200986176,0.311491156382661,0.240531876507907,0.540212911019703
THA,Thailand,2004,50.0030164928435,0.447052707023039,0.611202864145892,0.463106641932931,0.266848614990293,0.446992377166168
TJK,Tajikistan,2004,43.2282629091378,0.272918064882075,0.297866866234556,0.280757711324148,0.240129617087522,0.408352806699318
TKM,Turkmenistan,2004,39.1116069736517,0.234925876639053,,0.272690806640659,0.197160946637446,0.452693737166019
TLS,Timor-Leste,2004,39.2222446799246,0.374996298866162,0.393778629152776,0.405607705862656,0.325602561583052,0.59055140526767
TON,Tonga,2004,40.4138489934293,0.423250143153867,0.606711511662266,0.50707549996185,0.155963417837485,0.614973163285282
TTO,Trinidad and Tobago,2004,48.9157263089966,0.383737092707399,0.458817690594254,0.547451385231075,0.144942202296867,0.405422566527467
TUN,Tunisia,2004,50.927410548163,0.442973718544984,0.609598809687454,0.48074195903871,0.238580386908787,0.424425507581723
TUR,Turkey,2004,49.5592610891003,0.403345924206241,0.499656917106093,0.468867106243244,0.241513749269387,0.412160702424236
TUV,Tuvalu,2004,41.8082792099634,0.396112012264566,,0.601585920723561,0.19063810380557,0.559946428065298
TZA,"Tanzania, United Republic of",2004,39.1652866222251,0.320598569065222,0.381117292627504,0.388859820116431,0.191818594451731,0.53729283662072
UGA,Uganda,2004,37.133936549663,0.30325043064519,0.373866966475362,0.359655657195602,0.176228668264606,0.560571699651929
UKR,Ukraine,2004,45.7428888736791,0.334864554627494,0.214937250733296,0.35538962816396,0.434266784985226,0.420006777153912
URY,Uruguay,2004,50.3337473137912,0.432996916300827,0.443579173239091,0.614077599852683,0.241333975810708,0.426321970025002
USA,United States,2004,70.2430461369725,0.72712448247877,0.827268999697531,0.752307166716962,0.601797281021818,0.322263559739321
UZB,Uzbekistan,2004,42.7052894818896,0.269941509415797,0.331487847683423,0.244853743574029,0.233482936989938,0.415835719778005
VCT,Saint Vincent and the Grenadines,2004,53.343652100438,0.491554449501501,0.68660258971797,0.596104272466355,0.191956486320179,0.424681407492742
VEN,"Venezuela, Bolivarian Republic o",2004,43.4030818329684,0.256857050058626,0.296166568508611,0.27542633809102,0.198978243576246,0.388795413399257
VNM,Viet Nam,2004,42.7294046041482,0.37675594656585,0.514093407232038,0.393373487643134,0.222800944822379,0.522167854482885
VUT,Vanuatu,2004,41.4840532428832,0.403369052964592,0.533727033803322,0.536718384927162,0.139661740163292,0.573687988106927
WSM,Samoa,2004,44.114160472295,0.422095008273187,0.600263212739343,0.555860915515676,0.110160896564541,0.539811798827287
YEM,Yemen,2004,35.8717434385257,0.318892403360977,0.474729910821962,0.264032727269054,0.217914571991916,0.601457534590463
ZAF,South Africa,2004,46.9112021129008,0.398347466639287,0.471618045172592,0.551369747895053,0.172054606850216,0.460123424381272
ZMB,Zambia,2004,40.9327950063593,0.336846577818559,0.473831640325237,0.405577844816473,0.131130248313967,0.518190677691374
ZWE,Zimbabwe,2004,35.2973255171503,0.226948207868529,0.400430108307101,0.183100361045686,0.0973141542527997,0.521001697525523
AFG,Afghanistan,2005,31.8653308617122,0.273813923868294,0.350415690292995,0.154428148213318,0.31659793309857,0.63650730663405
AGO,Angola,2005,34.4317756801084,0.206337594266998,0.225734828744954,0.25242662971583,0.140851324340211,0.517702080664831
ALB,Albania,2005,42.4950212246125,0.342323159520912,0.395361296218436,0.375512468821118,0.256095713523182,0.492422735028662
AND,Andorra,2005,54.1425908656967,0.479975219881595,,0.766528027295919,0.193422412467272,0.397123402567662
ARE,United Arab Emirates,2005,53.363061825103,0.522556854071542,0.706836590957983,0.6137152551614,0.247118716095242,0.455295617569481
ARG,Argentina,2005,48.5611117073241,0.380529341443251,0.428212331527252,0.436666566182939,0.276709126619563,0.409307107296769
ARM,Armenia,2005,51.442672945337,0.446036812438723,0.529941465281408,0.452573232446783,0.355595739587977,0.417183353531983
ATG,Antigua and Barbuda,2005,50.2439648562133,0.502230803820064,0.61723410890962,0.63303387191431,0.256424430636261,0.497351506695797
AUS,Australia,2005,69.8873588939216,0.727459587523733,0.770068417709621,0.818958453413186,0.593351891448392,0.329712409645301
AUT,Austria,2005,69.7519100999142,0.727440198211148,0.712258295027505,0.835559625490468,0.634502674115471,0.332401996212863
AZE,Azerbaijan,2005,46.4987140412504,0.375009977930247,0.411177273178638,0.32380560055639,0.390047060055712,0.445035697105238
BDI,Burundi,2005,31.576496851152,0.254428137878586,0.280446834815915,0.262015794131482,0.220821784688362,0.622898200855546
BEL,Belgium,2005,60.6020166833879,0.606085505808723,0.619608109508109,0.754375278493739,0.44427312942432,0.394045172140966
BEN,Benin,2005,37.2070114407805,0.336415969263458,0.309031085265287,0.441173314279644,0.259043508245442,0.592275740447847
BFA,Burkina Faso,2005,36.3816766600138,0.284639082835509,0.245414285443624,0.432513809084225,0.175989153978678,0.557005549635234
BGD,Bangladesh,2005,34.3431631683154,0.266344643083432,0.320516115187705,0.245726575313221,0.232791238749369,0.579481379717124
BGR,Bulgaria,2005,53.7736771253486,0.467241782146864,0.498117024825993,0.541949387569494,0.361658934045106,0.391768239639892
BHR,Bahrain,2005,48.39301127339,0.464765758514447,0.677001178031031,0.56201802503394,0.155278072478368,0.496905533046646
BHS,Bahamas,2005,51.0849109197377,0.49875781344292,0.572480989519192,0.752305465410134,0.171486985399434,0.477059595048166
BIH,Bosnia and Herzegovina,2005,47.3985218061763,0.350847863758715,0.364723856062264,0.409835419576497,0.277984315637384,0.402877427635189
BLR,Belarus,2005,50.1452038329745,0.393646983599866,0.290424053547402,0.397972652385236,0.492544244866959,0.390742906940375
BLZ,Belize,2005,44.4114475815793,0.392253019792723,0.493112374915665,0.517474740530882,0.166171943931621,0.504024068161136
BOL,"Bolivia, Plurinational State of",2005,41.1734435564384,0.310689249023171,0.418620085865791,0.37494047289101,0.138507188312714,0.487220377894403
BRA,Brazil,2005,49.3287614244913,0.376145569007791,0.428853953310627,0.468146199172782,0.231436554539963,0.389570340517964
BRB,Barbados,2005,54.8773728643141,0.525575283450491,0.522723220218436,0.763420652712949,0.290581977420089,0.428027826164209
BRN,Brunei Darussalam,2005,52.1921524212076,0.474584447575673,0.558686121176622,0.625727844188212,0.239339377362185,0.430741399151522
BTN,Bhutan,2005,43.524380037013,0.434712865883118,0.498369090526605,0.618656609631133,0.187112897491617,0.564225265142858
BWA,Botswana,2005,45.758364150115,0.437160296130033,0.488621022432038,0.696604543376468,0.126255322581594,0.521993013127734
CAF,Central African Republic,2005,30.6240180696041,0.199837006265998,0.173424321348913,0.234022556918835,0.192064140530246,0.587356644873916
CAN,Canada,2005,69.4088852477237,0.699982620762089,0.713637781861762,0.820832629355156,0.565477451069349,0.311804915807615
CHE,Switzerland,2005,71.8648194282482,0.750458669688844,0.790824882401813,0.847112404926386,0.613438721738332,0.31316228112388
CHL,Chile,2005,59.1402051496475,0.556494656513831,0.623842813278387,0.772338762385206,0.273302393877901,0.373690553520881
CHN,China,2005,47.3949065130458,0.364559567123679,0.422405654387705,0.385410298874149,0.285862748109182,0.416661436862762
CIV,Cote d'Ivoire,2005,35.4828227264307,0.205417619570245,0.241115419495009,0.196219112106701,0.178918327109026,0.495761165041631
CMR,Cameroon,2005,40.5915732325843,0.298246250691582,0.325745332722214,0.318820677986981,0.25017274136555,0.486414786039895
COD,"Congo, the Democratic Republic o",2005,30.8276924299167,0.197768646826342,0.250043128309403,0.175793882009829,0.167468930159794,0.581214798228008
COG,Congo,2005,32.9199466587147,0.24142418620766,0.254525314767553,0.255586791890864,0.214160451964562,0.583025253033365
COL,Colombia,2005,44.50017629615,0.328197773278065,0.410407327038586,0.382252726239819,0.19193326655579,0.438194247355065
COM,Comoros,2005,37.7907495774043,0.308096990197151,0.465591383421602,0.30571302780823,0.152986559361622,0.552281998649066
CPV,Cape Verde,2005,45.9513184519166,0.404568817847114,0.442383006914369,0.588530212983724,0.182793233643249,0.485542448808781
CRI,Costa Rica,2005,50.5989455631041,0.427062170190216,0.446241903640098,0.624519172718359,0.210425434212193,0.415083258928134
CUB,Cuba,2005,42.3594421602676,0.305496982768175,,0.38663550752998,0.22435845800637,0.458308139562823
CYP,Cyprus,2005,56.7237271152456,0.509882680786395,0.583677289639091,0.702860403077641,0.243110349642453,0.375408138481483
CZE,Czech Republic,2005,61.5508740552983,0.529803001566301,0.490032590355464,0.679174161855189,0.42020225248825,0.298785520460335
DEU,Germany,2005,71.2450835383561,0.739768298049038,0.76856060651869,0.811750512541884,0.638993775086539,0.314866627281915
DJI,Djibouti,2005,34.6256254157252,0.313444222758759,0.411145192089468,0.353333688356321,0.175853787830487,0.620931714444254
DMA,Dominica,2005,57.8108887863019,0.598430601057734,0.557370796520703,0.639490405594766,,0.442212825331696
DNK,Denmark,2005,73.5942301797899,0.799357060641828,0.818350456908613,0.865200656212701,0.714520068804171,0.32747245704603
DOM,Dominican Republic,2005,43.1099135829326,0.340588215362371,0.420929924285942,0.394462672877082,0.206372048924089,0.478389943703718
DZA,Algeria,2005,43.5089937886486,0.326029966847557,0.382047644213398,0.363167888512653,0.23287436781662,0.455850091074584
ECU,Ecuador,2005,41.3951031664452,0.317066866435976,0.426287466177126,0.337964126563926,0.186949006566876,0.489164803107073
EGY,Egypt,2005,41.0576303252759,0.3259168475115,0.284456970962012,0.402826864145009,0.290466707427477,0.504764241005982
ERI,Eritrea,2005,30.4467040002042,0.261875238024985,0.349207302600971,0.312017535176575,0.124400876297409,0.652941158020902
ESP,Spain,2005,61.7879952212539,0.569529658290883,0.570074907831534,0.706100116508989,0.432413950532126,0.333769753865806
EST,Estonia,2005,62.0767901194146,0.61337257001825,0.75085184529753,0.705386395950302,0.383879468806919,0.371836767629958
ETH,Ethiopia,2005,37.4945933573661,0.325082224892034,0.448102606811887,0.290879385159914,0.2362646827043,0.575190357744712
FIN,Finland,2005,74.1378355545403,0.798388515910494,0.797273181324735,0.889953806532954,0.707938559873793,0.315631804819688
FJI,Fiji,2005,46.7479458206636,0.441163242869252,0.570780691793248,0.501361462976177,0.251347573838331,0.50620432645598
FRA,France,2005,66.2597756943497,0.65800505433764,0.632793437156472,0.740004281613654,0.601217444242794,0.332809540450647
FSM,"Micronesia, Federated States of",2005,38.8901455539947,0.422139798577067,0.46859783977799,0.637361771492964,0.160459784460245,0.644336887497172
GAB,Gabon,2005,43.4691718468579,0.336623438505695,0.339604363243121,0.418277215116699,0.251988737157266,0.467240001568538
GBR,United Kingdom,2005,72.0120029785759,0.708583582606109,0.733624300413903,0.793596809348368,0.598529638056056,0.268343523034591
GEO,Georgia,2005,48.623190361096,0.395011150691988,0.434371900647655,0.434127780253732,0.316533771174577,0.422547343470067
GHA,Ghana,2005,41.1157662631357,0.355897625627329,0.435943874016924,0.46522573216571,0.166523270699352,0.533582300364614
GIN,Guinea,2005,39.7156219061546,0.288920261036871,0.339476038886446,0.283854921259034,0.243429822965132,0.494607822913778
GMB,Gambia,2005,37.6552259852732,0.341363017363077,0.407680434459241,0.410954895962168,0.205453721667823,0.588258497657614
GNB,Guinea-Bissau,2005,30.9190151981544,0.275887931346203,0.25627602563362,0.305087003623965,0.266300764781024,0.657507627383116
GNQ,Equatorial Guinea,2005,40.6854287214504,0.266321128792151,0.428450648189648,0.24481014582071,0.125702592366096,0.452612554363144
GRC,Greece,2005,58.0044364894561,0.524147276450328,0.526990005077882,0.630376683673926,0.415075140599175,0.364058546661206
GRD,Grenada,2005,52.6596613640308,0.482454219850814,0.508671703162516,0.594621450636098,0.344069505753828,0.429260992570197
GTM,Guatemala,2005,40.5214895331448,0.306662115508352,0.407744596637579,0.359253467461211,0.152988282426267,0.496232324845457
GUY,Guyana,2005,40.6749249544665,0.348091261076334,0.461095447925236,0.41079057554417,0.172387759759595,0.534592761987003
HND,Honduras,2005,40.5852438341888,0.302104899988902,0.414064571203826,0.365340893040114,0.126909235722765,0.490400023305125
HRV,Croatia,2005,54.6341601923587,0.507389430335753,0.520220895263273,0.56531821990958,0.436629175834405,0.414706226488578
HTI,Haiti,2005,34.2206578962817,0.238446618559162,0.387386854053628,0.18367900751189,0.144273994111968,0.554033460633528
HUN,Hungary,2005,57.8327645820195,0.562808726742253,0.552141578986194,0.689330543778311,0.446954057462256,0.406153435101863
IDN,Indonesia,2005,42.7129336311867,0.309918170148451,0.366263748342364,0.317994752994422,0.245496009108568,0.455659497524718
IND,India,2005,39.9934935974416,0.330028636605112,0.30502094911919,0.441569323374445,0.243495637321703,0.530158764656281
IRL,Ireland,2005,64.9908562753369,0.63108661039654,0.700869508372593,0.823255775163044,0.369134547653983,0.331269484889802
IRN,"Iran, Islamic Republic of",2005,46.0807180466208,0.347853859853098,0.429271007469821,0.319184046982617,0.295106525106854,0.426239498920682
IRQ,Iraq,2005,39.3179565121757,0.302090597171336,0.479523742146323,0.162433121822906,0.264314927544779,0.515731466927822
ISL,Iceland,2005,71.9070029816359,0.775159125419472,0.814372401851687,0.873821751911882,0.637283222494846,0.337019065786754
ISR,Israel,2005,59.635608153984,0.573797164838138,0.592371264803826,0.592884763608186,0.536135466102404,0.381085001758459
ITA,Italy,2005,59.8120745144764,0.56092128707824,0.539405386586195,0.633251740237106,0.510106734411419,0.364679796788711
JAM,Jamaica,2005,45.7718939349254,0.367896518424287,0.423528492508612,0.470955858688014,0.209205204076236,0.45245863972578
JOR,Jordan,2005,49.0275955479732,0.425972172271799,0.470912261210879,0.517456622296526,0.289547633307993,0.445420261312335
JPN,Japan,2005,66.5801477397887,0.687029592326895,0.712322457205842,0.72700387705176,0.621762442723082,0.35542663753112
KAZ,Kazakhstan,2005,52.6348200810582,0.423211014194311,0.45634744672826,0.376071411553777,0.437214184300896,0.370514612573148
KEN,Kenya,2005,39.8582349134787,0.306979846721886,0.424426763005337,0.339815965974938,0.156696811185384,0.509815148452312
KGZ,Kyrgyzstan,2005,46.3093399119096,0.314181757223716,0.364531369527252,0.293760200410103,0.284253701733792,0.387994958985525
KHM,Cambodia,2005,38.8435530205917,0.305415545187071,0.390998268091483,0.317449504100337,0.207798863369394,0.528544484775238
KIR,Kiribati,2005,41.7692805819545,0.416876990512042,0.529606905351505,0.581718933299438,0.139305132885182,0.581491378872952
KNA,Saint Kitts and Nevis,2005,52.5935609329105,0.547407247805596,0.636592754716602,0.71759938055667,0.288029608143515,0.495536029147385
KOR,"Korea, Republic of",2005,67.0348150110883,0.712858719500422,0.758166333628009,0.652613805804149,0.727796019069108,0.372162419278656
KWT,Kuwait,2005,48.9012544581599,0.434928805413601,0.548099361750929,0.58533741811959,0.171349636370284,0.456903716250402
LAO,Lao People's Democratic Republic,2005,38.0089730070131,0.300165334133923,0.375434356831894,0.299148191772995,0.225913453796878,0.53998587399366
LBN,Lebanon,2005,43.2731059891315,0.356476636197878,0.480312020337327,0.391052969325935,0.198064918930373,0.491014516415249
LBR,Liberia,2005,32.2101311760162,0.244177507035094,0.241275824940852,0.226045998194312,0.265210697970118,0.59997488351477
LBY,Libyan Arab Jamahiriya,2005,39.5873288376736,0.279898016997449,0.301042894062264,0.324608260550109,0.214042896379975,0.488151440243977
LCA,Saint Lucia,2005,57.3079430647926,0.502207893271555,0.578448072104582,0.687741278607268,0.240434329102815,0.356049031975703
LIE,Liechtenstein,2005,,0.585618944337753,0.609306024758481,0.778015991280468,0.369534816974311,
LKA,Sri Lanka,2005,45.9433499152127,0.373140711843675,0.463501529612894,0.432016434639047,0.223904171279085,0.454273713539422
LSO,Lesotho,2005,39.3586425484089,0.311913753296223,0.352629285445639,0.460409389891529,0.122702584551502,0.524740902328046
LTU,Lithuania,2005,59.2127181018899,0.577891767001802,0.722460081383172,0.645165941593381,0.366049278028851,0.393637404964003
LUX,Luxembourg,2005,62.9653241709411,0.599672229748266,0.684123179826497,0.823357047981027,0.291536461437274,0.340365746329444
LVA,Latvia,2005,57.5440571343607,0.550405601769715,0.612903161871837,0.630176088934711,0.408137554502596,0.399524459082501
MAR,Morocco,2005,43.9360925885805,0.380762287751876,0.520445462887454,0.403402547679138,0.218438852689036,0.502040435980265
MCO,Monaco,2005,59.4740993797041,0.598932693688091,,0.773773265610496,0.424092121765686,0.409450706094009
MDA,"Moldova, Republic of",2005,47.1755890664745,0.418271871846307,0.441173091551433,0.390537336268378,0.423105187719109,0.474760090516817
MDG,Madagascar,2005,36.9390925718124,0.311880654171917,0.293888811177629,0.448209328194881,0.19354382314324,0.57309880273567
MDV,Maldives,2005,44.8838564839985,0.468515734254885,0.630002382398789,0.505630324899737,0.26991449546613,0.570838604574915
MEX,Mexico,2005,47.9679263508074,0.375812915676722,0.466902125064783,0.467193511197192,0.19334311076819,0.416454388660573
MHL,Marshall Islands,2005,45.268262798151,0.436210390320943,0.584749714619876,0.567925848409179,0.155955607933774,0.530845134357923
MKD,Macedonia,2005,48.8607020502023,0.385915619485514,0.48024785815899,0.40334648367776,0.274152516619792,0.408701578481467
MLI,Mali,2005,36.3334809793783,0.331748767651772,0.299278434157981,0.450885871175155,0.245081997622181,0.605079148064206
MLT,Malta,2005,56.5264894244155,0.51836132151962,0.536806818363525,0.735945669789943,0.282331476405392,0.387831533031311
MMR,Myanmar,2005,31.7220377992798,0.175781493523797,0.205729978141861,0.171132574633212,0.150481927796317,0.5413407375382
MNE,Montenegro,2005,48.7503435264897,0.428063941222884,0.477585127757982,0.513246045845271,0.293360650065398,0.453057070693089
MNG,Mongolia,2005,48.9319493804945,0.417181862918695,0.439055739666294,0.496199124909191,0.316290724180601,0.438542875308806
MOZ,Mozambique,2005,39.5640866061428,0.30628881678598,0.351731014948914,0.40644124980739,0.160694185601636,0.515007084663123
MRT,Mauritania,2005,34.6688267197612,0.342373114779233,0.393729743683568,0.390332159615423,0.243057441038708,0.648996580384009
MUS,Mauritius,2005,51.0633829556251,0.507154486629627,0.630483598736321,0.632406280082288,0.258573581070274,0.485886827517126
MWI,Malawi,2005,35.6955814959977,0.326265001612255,0.373193263602818,0.42176918386838,0.183832557365569,0.612353371692302
MYS,Malaysia,2005,53.7492551983309,0.479495685902001,0.597696725605842,0.563354150967854,0.277436181132308,0.404510581935384
NAM,Namibia,2005,41.451010953155,0.395592847328129,0.507933838111635,0.535920448125127,0.142924255747625,0.566572628265029
NER,Niger,2005,34.3178562197746,0.284378078537638,0.272266157077881,0.374318395659937,0.206549682875095,0.598020954142146
NGA,Nigeria,2005,36.0372816292369,0.226548996609097,0.256899315366042,0.241495276691364,0.181252397769885,0.505803364024359
NIC,Nicaragua,2005,43.3771155495176,0.335168442525541,0.385672807289468,0.409140435525343,0.210692084761812,0.467626131535189
NLD,Netherlands,2005,65.9385986296514,0.692137256768957,0.680626341107102,0.839210944945214,0.556574484254555,0.37336528417593
NOR,Norway,2005,76.1277172553788,0.790754972531485,0.837246218429017,0.846275929806295,0.688742769359144,0.268200627423909
NPL,Nepal,2005,38.4523681902431,0.335600668177286,0.516307002384683,0.28950240820849,0.200992593938685,0.566553304372423
NRU,Nauru,2005,53.1524253076021,0.565690049663507,,0.565690049663507,,0.502641543511466
NZL,New Zealand,2005,74.4658717085268,0.790117581533898,0.842860409033551,0.866027459126687,0.661464876441456,0.300800147363361
OMN,Oman,2005,50.2729599222161,0.479898509806367,0.679022286648663,0.628649977953519,0.132023264816919,0.474439311362045
PAK,Pakistan,2005,38.2015298567246,0.311621368647343,0.405338514949921,0.29051776278928,0.239007828202827,0.547590771512852
PAN,Panama,2005,48.6262918111575,0.40626301644601,0.541490657382164,0.483610306793721,0.193688085162146,0.43373718022286
PER,Peru,2005,46.4794005809648,0.385182191629602,0.53873168371365,0.415541672785869,0.201273218389286,0.455594180010306
PHL,Philippines,2005,43.9909752341565,0.353485314809558,0.45012371542952,0.39843584759162,0.211896381407535,0.473665810126429
PLW,Palau,2005,48.0132248724377,0.477604153470035,0.544827090655715,0.565764742709468,0.322220627044921,0.51733965602128
PNG,Papua New Guinea,2005,37.9742325878276,0.316195434415099,0.489134319858738,0.3129699474329,0.14648203595366,0.556710782658547
POL,Poland,2005,58.3671769503643,0.483694856945511,0.444381200468309,0.605456687379155,0.40124668298907,0.316351317938226
PRK,"Korea, Democratic People's Repub",2005,42.7083558099762,0.380419412278161,,0.265601952097129,0.495236872459192,0.526252296078637
PRT,Portugal,2005,56.8559476562161,0.531743274569546,0.563979500889469,0.735569144971037,0.295681177848132,0.394624321445223
PRY,Paraguay,2005,45.4238169533951,0.315970484560515,0.428950196578134,0.332357145907295,0.186604111196117,0.407494145492613
QAT,Qatar,2005,51.921975513354,0.478722069166047,0.664457472166044,0.617832801356482,0.153875933975614,0.440282558898967
ROU,Romania,2005,50.4521964921788,0.432637986449134,0.450155796518687,0.484468233479331,0.363289929349385,0.423594056605558
RUS,Russian Federation,2005,55.4520533158713,0.430970934747129,0.437515847386194,0.344729121464933,0.51066783539026,0.321929868429704
RWA,Rwanda,2005,33.08402645503,0.297113474360483,0.382143887480904,0.355434691305256,0.15376184429529,0.635432945259883
SAU,Saudi Arabia,2005,46.5347789398158,0.407247505736421,0.608361396248088,0.448447126802331,0.164933994158843,0.476551926940106
SDN,Sudan,2005,32.0313041771638,0.268608742947688,0.408257894064279,0.191444399179198,0.206123935599587,0.627982659404412
SEN,Senegal,2005,39.207423938305,0.329567697420271,0.274126860249669,0.465143438176014,0.24943279383513,0.54541921865417
SGP,Singapore,2005,68.1343200995867,0.765770845180688,0.88421293297209,0.83551192574162,0.577587676828354,0.403084443188954
SLB,Solomon Islands,2005,39.1597997961882,0.43113850902185,0.448551742060249,0.413725275983452,,0.647942513098087
SLE,Sierra Leone,2005,32.5737583392654,0.2625686817846,0.206499924281911,0.323132674003162,0.258073447068728,0.611093514999291
SLV,El Salvador,2005,45.2397298762314,0.370732831185187,0.46125585337108,0.470649079922822,0.180293560261661,0.465938233660559
SMR,San Marino,2005,,0.639388541933405,0.568053799213903,0.723848994192625,0.626262832393686,
SOM,Somalia,2005,28.7118592599363,0.239975217615888,0.394377476150593,0.0855729590811831,,0.665738032417163
SRB,Serbia,2005,43.7564717284028,0.34914072505844,0.332803172339342,0.357420650546641,0.357198352289337,0.474011290490384
STP,Sao Tome and Principe,2005,38.7230539656495,0.348699316102808,0.344013221497457,0.444506730101697,0.257577996709271,0.574238236789818
SUR,Suriname,2005,46.3213657024513,0.359519228694145,0.376497615787201,0.505849724257542,0.196210346037691,0.433091914645118
SVK,Slovakia,2005,57.402462195499,0.52450514606643,0.556440444934808,0.647198604598154,0.369876388666328,0.376455902156449
SVN,Slovenia,2005,63.1134789542246,0.616132841337135,0.537576764503575,0.676350334120701,0.634471425387129,0.353863262252644
SWE,Sweden,2005,72.8711803735053,0.777082978972883,0.770389228601308,0.84463918001392,0.71622052830342,0.319659371502776
SWZ,Swaziland,2005,40.2218269050222,0.332982963066746,0.39994889196957,0.395955369419544,0.203044627811124,0.528546424966302
SYC,Seychelles,2005,48.1030020263307,0.445219788447998,0.57434169269098,0.556626973325446,0.204690699327568,0.483159747921383
SYR,Syrian Arab Republic,2005,42.63036545564,0.339839423559361,0.43629676599778,0.337121433832195,0.246100070848107,0.487232114446561
TCD,Chad,2005,28.4176968455268,0.217120395910392,0.206660329727754,0.218895723385842,0.225805134617581,0.648766458999856
TGO,Togo,2005,36.8140453167328,0.272318410759625,0.320869007168561,0.254640264792003,0.241445960318312,0.536037504424969
THA,Thailand,2005,49.9992957612792,0.445959654686079,0.605524511363021,0.45802607579282,0.274328376902395,0.445973739460495
TJK,Tajikistan,2005,42.943999301954,0.270766377256843,0.297866866234556,0.276036082592242,0.23839618294373,0.411886391217764
TKM,Turkmenistan,2005,38.4396599835937,0.221050460306175,,0.244653925546036,0.197446995066315,0.452257260634302
TLS,Timor-Leste,2005,38.7149969161106,0.367285355920197,0.393778629152776,0.380008477929479,0.328068960678336,0.592985417597986
TON,Tonga,2005,39.7599657025804,0.403466084845678,0.602091834821963,0.444828242401318,0.163478177313755,0.60826677079407
TTO,Trinidad and Tobago,2005,49.0177477232434,0.385781211565296,0.458817690594254,0.550813065649497,0.147712878452138,0.405426257100428
TUN,Tunisia,2005,50.9662935599533,0.441786370417109,0.614795946132795,0.46280731528893,0.247755849829601,0.422460499218043
TUR,Turkey,2005,50.5755840596427,0.420750682929256,0.51534456970962,0.496553581081298,0.250353897996849,0.409239001736401
TUV,Tuvalu,2005,42.4159724842241,0.406716050832169,,0.61730818211104,0.196123919553297,0.558396601147687
TZA,"Tanzania, United Republic of",2005,39.3521170192741,0.321972565889459,0.37418777736705,0.400514996076637,0.191214924224689,0.534930225503977
UGA,Uganda,2005,36.9385593400596,0.300286310408115,0.364531369527252,0.35738806473277,0.178939496964323,0.561515123606923
UKR,Ukraine,2005,46.1383010911393,0.338497918021338,0.211953709440601,0.373956860864076,0.429583183759338,0.415731896198553
URY,Uruguay,2005,50.9547975174208,0.440882485690389,0.434051089755968,0.643268512096229,0.245327855218969,0.421786535341974
USA,United States,2005,70.4540082074733,0.731036510027266,0.82909762178015,0.756913216055549,0.6070986922461,0.3219563458778
UZB,Uzbekistan,2005,41.8070918184086,0.250903962279076,0.329562982333296,0.195689551983965,0.227459352519966,0.414762125910903
VCT,Saint Vincent and the Grenadines,2005,54.977112433367,0.523427341596364,0.68660258971797,0.683197581086988,0.200481853984133,0.423885092929024
VEN,"Venezuela, Bolivarian Republic o",2005,43.5710963838975,0.257674098320822,0.289237053248158,0.273573093836945,0.210212147877364,0.386252170642873
VNM,Viet Nam,2005,43.6740959513364,0.389562656414042,0.515537056244633,0.421100465293781,0.232050447703711,0.516080737387313
VUT,Vanuatu,2005,42.3418588446746,0.416932122358297,0.524487680122718,0.585981951235467,0.140326735716707,0.570094945464806
WSM,Samoa,2005,45.496161120887,0.446440717181659,0.59564353589904,0.631217044180364,0.112461571465574,0.536517494763919
YEM,Yemen,2005,36.1432489710797,0.321795860620877,0.467222935956472,0.278125893215505,0.220038752690654,0.598930881199282
ZAF,South Africa,2005,46.7405414331095,0.399239959512835,0.464784773179645,0.560348537469522,0.172586567889338,0.464429130850644
ZMB,Zambia,2005,41.3162371237577,0.340291478813779,0.468826990414909,0.419747071104825,0.132300374921604,0.513966736338626
ZWE,Zimbabwe,2005,34.969777827114,0.216905072158295,0.390324565218939,0.162692912841069,0.0976977384148773,0.517509515616014
AFG,Afghanistan,2006,31.4809830883875,0.267843967410054,0.325905738168058,0.158554280439414,0.319071883622688,0.638224305642302
AGO,Angola,2006,34.3282210977262,0.208419083816516,0.193873724187632,0.281750234560734,0.149633292701184,0.521854661861993
ALB,Albania,2006,43.0055353767427,0.349127830418618,0.37524645330962,0.402033859938036,0.270103178008198,0.489017122883763
AND,Andorra,2006,54.7115544435716,0.489743240744019,,0.766907341103807,0.212579140384231,0.395512151872586
ARE,United Arab Emirates,2006,53.6453125445842,0.52795831268435,0.699522102627505,0.624674888665928,0.259677946759617,0.455052061792667
ARG,Argentina,2006,48.6322726667983,0.380798940817653,0.417240599031534,0.436921924163229,0.288234299258197,0.408153487481687
ARM,Armenia,2006,51.6078603899561,0.446709598485498,0.526252140027001,0.446043809759438,0.367832845670056,0.414552390686376
ATG,Antigua and Barbuda,2006,50.8962217039603,0.510147956536701,0.61723410890962,0.661177258838299,0.252032501862184,0.492223522457494
AUS,Australia,2006,70.2372911486007,0.734232667118051,0.764293821659243,0.820085130455924,0.618319049238987,0.329486844146038
AUT,Austria,2006,69.9124424024284,0.729518780733004,0.705713752837077,0.842382931317646,0.64045965804429,0.331269932684435
AZE,Azerbaijan,2006,45.994449801558,0.36304257317593,0.40071883810962,0.332664286863535,0.355744594554636,0.44315357714477
BDI,Burundi,2006,31.4322830010041,0.257980074203144,0.260364072996268,0.283482230846917,0.230093918766245,0.629334414183061
BEL,Belgium,2006,60.3940907342921,0.602436369226154,0.608604295923222,0.749460227309139,0.449244584446103,0.394554554540312
BEN,Benin,2006,37.0333862608848,0.334415675394599,0.275025130746395,0.469417594891291,0.258804300546111,0.593747950176902
BFA,Burkina Faso,2006,36.2342381970239,0.278721520478621,0.210862952408863,0.44594143470257,0.17936017432443,0.554036756538143
BGD,Bangladesh,2006,34.3880487202602,0.261183278039608,0.292637648700047,0.255344552370171,0.235567633048607,0.573422303634404
BGR,Bulgaria,2006,53.7561163196078,0.466100494869638,0.485252508069318,0.545934083517405,0.367114893022192,0.390978168477482
BHR,Bahrain,2006,48.3003930573147,0.46008751127357,0.677001178031031,0.543577718169149,0.159683637620531,0.494079650127277
BHS,Bahamas,2006,50.779146632921,0.492191766773887,0.572480989519192,0.731015633069953,0.173078677732517,0.476608834115467
BIH,Bosnia and Herzegovina,2006,47.4295064469951,0.348922051240639,0.332225712734304,0.430633980062261,0.283906460925351,0.400331922300737
BLR,Belarus,2006,49.0495598434023,0.370872367465282,0.259690370123724,0.35079517324369,0.502131559028431,0.389881170597237
BLZ,Belize,2006,44.0441846916375,0.384098963105746,0.493112374915665,0.486033247478632,0.17315126692294,0.503215269272995
BOL,"Bolivia, Plurinational State of",2006,41.2786159821148,0.306899620479241,0.400879243555464,0.374905113168428,0.144914504713832,0.481327300836945
BRA,Brazil,2006,49.2983845478934,0.37198101492624,0.413487111598788,0.464299900449844,0.23815603273009,0.386013323968372
BRB,Barbados,2006,54.6750260708186,0.522650861550901,0.522723220218436,0.74141300608029,0.303816358353978,0.429150340134529
BRN,Brunei Darussalam,2006,52.1552676398384,0.47611727091252,0.558686121176622,0.625994139678421,0.243671551882517,0.433011918115751
BTN,Bhutan,2006,41.8401452655684,0.415307080482994,0.476700606299472,0.57506955550037,0.194151079649141,0.578504175171627
BWA,Botswana,2006,45.2230984591067,0.424095375485892,0.466260503281408,0.6749808733657,0.131044749810569,0.519633406303759
CAF,Central African Republic,2006,30.4212634497291,0.182508966480933,0.140124150791734,0.224831462771977,0.182571285879089,0.574083697486351
CAN,Canada,2006,69.9267614860452,0.710033506018394,0.715562647211888,0.831109340986532,0.583428529856761,0.311498276297489
CHE,Switzerland,2006,72.2539569730454,0.756532774082642,0.791562747452694,0.855263532538963,0.62277204225627,0.311453634621734
CHL,Chile,2006,58.8184708933435,0.548288619561126,0.606903998197278,0.765313199314346,0.272648661171754,0.371919201694256
CHN,China,2006,47.9321584151396,0.373030227197405,0.412300111299544,0.390103811119436,0.316686759173236,0.414387058894614
CIV,Cote d'Ivoire,2006,35.4110302835914,0.205414942577574,0.202329382689972,0.236411509074449,0.177503935968301,0.497194336905746
CMR,Cameroon,2006,40.6044048771926,0.297187496853267,0.29023156701239,0.346976256518227,0.254354667029185,0.485099399309416
COD,"Congo, the Democratic Republic o",2006,30.4721139817065,0.18807946465751,0.213415690504149,0.182441431608585,0.168381271859797,0.57863718502338
COG,Congo,2006,33.4174920666174,0.243278826600213,0.226101469764027,0.284689718975617,0.219045291060994,0.574928985267864
COL,Colombia,2006,44.1733290493431,0.320876956522072,0.392666484728259,0.38609488347698,0.183869501360977,0.437410375535211
COM,Comoros,2006,39.4183459785272,0.318695565877304,0.465591383421602,0.336211597744108,0.154283716466204,0.53032864630676
CPV,Cape Verde,2006,46.3539279320556,0.41485668184576,0.442383006914369,0.611887396782812,0.190299641840098,0.487778123204649
CRI,Costa Rica,2006,50.3841723097408,0.421402749393027,0.429655980539846,0.617613704717646,0.216938562921589,0.41371930319821
CUB,Cuba,2006,45.1685581253512,0.357397074137428,,0.441007596417055,0.273786551857801,0.454025911630405
CYP,Cyprus,2006,57.2320970564739,0.517306845433425,0.583677289639091,0.731190066554312,0.237053180106872,0.372664904303947
CZE,Czech Republic,2006,61.634521134704,0.531012885031593,0.480632831229015,0.674019225103239,0.438386598762525,0.298322462337514
DEU,Germany,2006,71.2770204987318,0.738480926196653,0.766571578990226,0.802577763702342,0.64629343589739,0.312940516222016
DJI,Djibouti,2006,35.1436759804365,0.32276133295216,0.411145192089468,0.380628023514447,0.176510783252566,0.61988781334343
DMA,Dominica,2006,58.0698504038902,0.604598754434435,0.557370796520703,0.651826712348167,,0.443201746356632
DNK,Denmark,2006,74.0771711804941,0.808562650461634,0.823290944640604,0.886438990899135,0.715958015845164,0.327019226851752
DOM,Dominican Republic,2006,43.4177396367816,0.345287862596808,0.39629164780433,0.428074767092874,0.21149717289322,0.476933069861177
DZA,Algeria,2006,43.5942649436148,0.325136015918547,0.370113479042617,0.368212131467716,0.237082437245308,0.453250717046252
ECU,Ecuador,2006,41.2829566309772,0.315786122499882,0.419357950916672,0.329332619503329,0.198667797079644,0.490126989880338
EGY,Egypt,2006,41.3818222898582,0.325810326723762,0.275249698370576,0.408540660130332,0.293640621670378,0.498173880926598
ERI,Eritrea,2006,29.8956136780346,0.247442414832914,0.321360917202482,0.29534311278431,0.125623214511951,0.649530141272223
ESP,Spain,2006,61.686557823774,0.565297388683058,0.566706393468814,0.689128884596451,0.440056887983909,0.331566232207579
EST,Estonia,2006,63.0481405199732,0.630098452755809,0.759353333927253,0.721783744486714,0.409158279853459,0.369135642356345
ETH,Ethiopia,2006,37.468308133595,0.327212756010598,0.428725628953952,0.320987070576118,0.231925568501725,0.577846593338698
FIN,Finland,2006,74.4403897186571,0.803687108344066,0.801892858165037,0.892960851843714,0.716207615023447,0.314879313970924
FJI,Fiji,2006,47.468881942438,0.449347255855469,0.60138605086025,0.471835667698243,0.274820049007915,0.49996961700671
FRA,France,2006,66.2797885708775,0.657644115186466,0.625831840806849,0.738155186191882,0.608945318560667,0.332048343768916
FSM,"Micronesia, Federated States of",2006,38.6837340916662,0.414671522411707,0.445829432493643,0.637706383895228,0.160478750846251,0.640996840578383
GAB,Gabon,2006,43.3131050878142,0.329877682836193,0.339604363243121,0.396303890194962,0.253724795070495,0.463615581079909
GBR,United Kingdom,2006,71.852574019406,0.709581221768041,0.72537946049753,0.805927243456202,0.597436961350392,0.272529741379922
GEO,Georgia,2006,49.6032769580302,0.415046306912878,0.45660409544161,0.472794545658579,0.315740279638445,0.422980767752274
GHA,Ghana,2006,41.8145932760495,0.3625590277267,0.420224140324229,0.500090999777957,0.167361943077915,0.52626716220571
GIN,Guinea,2006,38.5387647236034,0.265017165227158,0.313329951213901,0.232272004475595,0.249449539991976,0.494241870755089
GMB,Gambia,2006,38.1873002604947,0.344524368089363,0.407680434459241,0.417697611336548,0.2081950584723,0.580778362879469
GNB,Guinea-Bissau,2006,31.2482426445821,0.280081789888,0.25627602563362,0.316344187430825,0.267625156599554,0.655116936996358
GNQ,Equatorial Guinea,2006,41.4500198841033,0.283957780022838,0.428450648189648,0.297178955988893,0.126243735889971,0.454957382340771
GRC,Greece,2006,58.3875763642416,0.534745250335636,0.536550169650174,0.632197802995413,0.435487778361322,0.366993723050805
GRD,Grenada,2006,52.4576008245512,0.481117014983582,0.508671703162516,0.585320387593734,0.349358954194495,0.431964998492557
GTM,Guatemala,2006,40.6451761090184,0.300549643567978,0.381566427875866,0.364644626711611,0.155437876116456,0.487646121387609
GUY,Guyana,2006,40.1467245806154,0.340006298983257,0.441333496997277,0.402024723148652,0.176660676803842,0.537071807370949
HND,Honduras,2006,40.5760686729924,0.29487650720712,0.391607808785689,0.358853791275343,0.134167921560328,0.483355133747271
HRV,Croatia,2006,54.172643093798,0.496508156091322,0.502062998793751,0.560166577300942,0.427294892179272,0.413055294215361
HTI,Haiti,2006,34.8315209610343,0.251072088209034,0.357175634082128,0.250320669248618,0.145719961296356,0.554441668988349
HUN,Hungary,2006,58.0639742072385,0.565314258391899,0.542421008968059,0.688636358971475,0.464885407236163,0.404034774247129
IDN,Indonesia,2006,43.1334711902578,0.316514374887845,0.342844553249166,0.360404171119026,0.246294400295342,0.453844951082689
IND,India,2006,39.800834377925,0.325865363447631,0.275795076886445,0.455761526252394,0.246039487204055,0.529848675889132
IRL,Ireland,2006,65.2707667628233,0.634955811049204,0.696763128958991,0.821053859841312,0.387050444347309,0.329540475792739
IRN,"Iran, Islamic Republic of",2006,46.6093619041346,0.354487034030911,0.418652166954959,0.313436595205841,0.331372339931933,0.422299795948218
IRQ,Iraq,2006,38.6679743263772,0.291503289120877,0.456132045129555,0.150554793975562,0.267823028257513,0.518143802593332
ISL,Iceland,2006,71.7460374083499,0.767901660115107,0.819441213940352,0.854007540766501,0.630256225638468,0.33298091194811
ISR,Israel,2006,59.1747560557826,0.562400290170737,0.576940260913651,0.591107727733746,0.519152881864813,0.378905169055086
ITA,Italy,2006,59.6799542936639,0.558486504982786,0.524904734281912,0.627609744440143,0.522945036226302,0.364887419109508
JAM,Jamaica,2006,45.9699363209329,0.371185585438641,0.419646680719191,0.476459208270213,0.217450867326519,0.451786859019982
JOR,Jordan,2006,48.367628063282,0.414293339743647,0.454037608308108,0.489732763375163,0.299109647547671,0.446940778478006
JPN,Japan,2006,66.7279349962738,0.689280560465622,0.70378888748695,0.739266995971186,0.62478579793873,0.354721860540146
KAZ,Kazakhstan,2006,52.6790079541275,0.421352179432667,0.463437367434557,0.372142635196806,0.428476535666638,0.367772020350118
KEN,Kenya,2006,39.0310971265986,0.299188298156328,0.391030349180652,0.348165628004979,0.158368917283353,0.518566355624356
KGZ,Kyrgyzstan,2006,45.7189126779224,0.307482955096281,0.349838230687956,0.282220096602421,0.290390537998466,0.393104701537833
KHM,Cambodia,2006,38.4739593146548,0.298916662290428,0.367450748641609,0.323460711707742,0.205838526521934,0.529437475997333
KIR,Kiribati,2006,40.3880662189467,0.408738242464817,0.507608444207209,0.578707908578442,0.139898374608801,0.600976918085883
KNA,Saint Kitts and Nevis,2006,53.8370670654156,0.552794714210334,0.636592754716602,0.717880441452085,0.303910946462315,0.476053372902023
KOR,"Korea, Republic of",2006,66.967015141613,0.711540067105359,0.758840036500553,0.631325229414454,0.744454935401071,0.372199764273099
KWT,Kuwait,2006,48.3193202880245,0.42394575950481,0.531577600829016,0.560893788025468,0.179365889659946,0.457559353744319
LAO,Lao People's Democratic Republic,2006,37.5025229796373,0.297115744909521,0.349732821394973,0.314933012091701,0.226681401241889,0.547065285316775
LBN,Lebanon,2006,42.1226044630178,0.335376071508037,0.456154960193247,0.34484834389873,0.205124910432133,0.49292398224768
LBR,Liberia,2006,33.2975307454811,0.268370851151555,0.241275824940852,0.300107329331246,0.263729399182566,0.602420236241932
LBY,Libyan Arab Jamahiriya,2006,39.696941980031,0.282375087526493,0.301042894062264,0.327679909578403,0.218402458938814,0.488436247925873
LCA,Saint Lucia,2006,57.1861592990513,0.499921960453081,0.578448072104582,0.683879572272301,0.23743823698236,0.356198774472055
LIE,Liechtenstein,2006,,0.593428702152782,0.609306024758481,0.777574042461369,0.393406039238495,
LKA,Sri Lanka,2006,45.3465888868606,0.363764373367733,0.444284957200803,0.419879666330806,0.22712849657159,0.45683259563052
LSO,Lesotho,2006,39.3128345198669,0.306097628266283,0.329306333619946,0.465382779270465,0.123603771908439,0.519840937868946
LTU,Lithuania,2006,59.4272918977736,0.582891823510243,0.723358351879898,0.637461873334534,0.387855245316297,0.39434598555477
LUX,Luxembourg,2006,63.5725888608137,0.611435183493688,0.684123179826497,0.844701534209464,0.305480836445103,0.339983406277415
LVA,Latvia,2006,57.7981787422342,0.554887279172524,0.60866845810156,0.644234582322383,0.411758797093628,0.398923704327838
MAR,Morocco,2006,44.973252728063,0.392663239242609,0.512393109506094,0.44054010070456,0.225056507517172,0.493198184681349
MCO,Monaco,2006,64.8127502235243,0.705783894739133,,0.773845969897501,0.637721819580765,0.409528890268647
MDA,"Moldova, Republic of",2006,46.9994067835247,0.412215526679292,0.431035467374104,0.40606019937241,0.399550913291362,0.472227391008798
MDG,Madagascar,2006,36.9001764607032,0.308785262559673,0.270309210638586,0.463893537070093,0.19215303997034,0.57078173334561
MDV,Maldives,2006,45.1620459725395,0.470184581199475,0.628654976653702,0.502313204177865,0.279585562766859,0.566943661748686
MEX,Mexico,2006,48.1039852212059,0.377230806405368,0.449738742359493,0.464384310592144,0.217569366264467,0.41515110198125
MHL,Marshall Islands,2006,44.6056829941913,0.421701725303735,0.570670699487526,0.535653782096433,0.158780694327245,0.529588065419909
MKD,Macedonia,2006,49.0475473730505,0.388459366434402,0.46176915079778,0.435727975768899,0.267880972736526,0.407508418973392
MLI,Mali,2006,35.8644654327188,0.327573977357629,0.268833480536822,0.464894321845474,0.248994129690592,0.610284668703254
MLT,Malta,2006,56.7870506668036,0.518122654294351,0.536806818363525,0.74687799861285,0.270683145906678,0.38238164095828
MMR,Myanmar,2006,32.0903183299996,0.184022440079729,0.205729978141861,0.195885442740651,0.150451899356675,0.542216073479737
MNE,Montenegro,2006,48.6010160399256,0.425682665727803,0.477585127757982,0.496024351357807,0.303438518067622,0.453662344929291
MNG,Mongolia,2006,48.6034055160148,0.411594286323697,0.431452521533297,0.481237465492837,0.322092871944956,0.439526176003401
MOZ,Mozambique,2006,39.8942977110307,0.311166611486073,0.341497147504077,0.430390169485297,0.161612517468846,0.513280657265459
MRT,Mauritania,2006,35.7571072829546,0.342503543168283,0.3739311286537,0.409956470964603,0.243623029886547,0.627361397509192
MUS,Mauritius,2006,50.9216958486235,0.504479573074881,0.611234945235061,0.63637537073234,0.265828403257241,0.48604565610241
MWI,Malawi,2006,35.5007402630199,0.317895113981161,0.348426662764531,0.4258016092478,0.17945706993115,0.607880308720763
MYS,Malaysia,2006,53.4967654609872,0.472973198840529,0.579410504779646,0.5698529447076,0.269656147034341,0.403037889620786
NAM,Namibia,2006,41.79370101803,0.402460985121121,0.48778691411365,0.575445862721647,0.144150178528066,0.56658696476052
NER,Niger,2006,34.9658876707457,0.293138889025957,0.242591149596772,0.392718168007278,0.24410734947382,0.593821135611043
NGA,Nigeria,2006,35.8326570174915,0.221808735552899,0.226807253725739,0.255929985246831,0.182688967686127,0.505155595203069
NIC,Nicaragua,2006,43.3738279794569,0.325513208798346,0.365718369826496,0.40512666619211,0.205694590376433,0.458036649209208
NLD,Netherlands,2006,66.016049657675,0.692934856090828,0.676359556247655,0.836481134411595,0.565963877613234,0.372613862937328
NOR,Norway,2006,76.4585272171351,0.795462039064998,0.847640491319697,0.843152108578572,0.695593517296726,0.266291494722297
NPL,Nepal,2006,38.9152655631153,0.343330427924961,0.504821972462265,0.317928508817669,0.20724080249495,0.565025116662655
NRU,Nauru,2006,52.8395034644211,0.565993161840923,,0.565993161840923,,0.5092030925525
NZL,New Zealand,2006,74.7452204521754,0.795481238417149,0.848506680727254,0.866440349114616,0.671496685409576,0.30057682937364
OMN,Oman,2006,50.1989336863732,0.476736389460111,0.673023122974104,0.618284050277204,0.138901995129026,0.472757715732647
PAK,Pakistan,2006,38.5559115233817,0.316553133752668,0.396484134339342,0.30745191315888,0.245723353759781,0.545434903285035
PAN,Panama,2006,48.6442318989996,0.403984066297082,0.518809327339847,0.493909560328356,0.199233311223041,0.43109942831709
PER,Peru,2006,46.6887720775634,0.387232719780865,0.517846894664784,0.437538696557835,0.206312568119976,0.453457278229596
PHL,Philippines,2006,43.5003077485913,0.342773326387424,0.427506547565539,0.385549035387335,0.215264396209396,0.472767171415598
PLW,Palau,2006,48.085100432294,0.476744457103815,0.52888278933884,0.566067854886883,0.335282727085723,0.515042448457936
PNG,Papua New Guinea,2006,37.8844697615394,0.316457805492188,0.466228422192239,0.336623502511285,0.146521491773041,0.558768410261401
POL,Poland,2006,58.0549726032092,0.477351127319979,0.424138033202818,0.588349904741466,0.419565444015655,0.316251675255795
PRK,"Korea, Democratic People's Repub",2006,42.7279746363525,0.378488892675525,,0.2617534309869,0.49522435436415,0.523929399948476
PRT,Portugal,2006,56.3832790086084,0.519925229177561,0.554515579584683,0.699881547224285,0.305378560723715,0.392259649005393
PRY,Paraguay,2006,45.5898478410985,0.316519242443138,0.412620922191232,0.353308857171967,0.183627947966214,0.404722285621168
QAT,Qatar,2006,52.4721577272944,0.485467626637426,0.664457472166044,0.636659431666656,0.155285976079577,0.436024472091537
ROU,Romania,2006,51.2378570800855,0.44715981786902,0.457855257919191,0.511342420389658,0.372281775298212,0.422402676267311
RUS,Russian Federation,2006,56.2855128693447,0.446427084060491,0.436457171443624,0.354133023806035,0.548691056931815,0.320716826673597
RWA,Rwanda,2006,33.5586131630887,0.305556086234691,0.362959396157982,0.398789405485569,0.154919457060522,0.634383822972918
SAU,Saudi Arabia,2006,46.3833876938163,0.401923984869667,0.589589376071621,0.446587449650264,0.169595128887116,0.474256230993342
SDN,Sudan,2006,32.2181735404158,0.273338628031263,0.398312756421962,0.210907703316417,0.210795424355409,0.628975157222947
SEN,Senegal,2006,38.5316293712363,0.311479718044962,0.239511365036571,0.443538488036519,0.251389301061797,0.540847130620237
SGP,Singapore,2006,68.6737192332123,0.776673978668394,0.891719907837582,0.845330888234565,0.592971139933035,0.403199594004148
SLB,Solomon Islands,2006,37.7739399717495,0.407320877695096,0.415764868929771,0.398876886460422,,0.651842078260107
SLE,Sierra Leone,2006,32.2391287852676,0.258766692518446,0.176439943730777,0.338252053980566,0.261608079843994,0.613984116813093
SLV,El Salvador,2006,45.2404784773821,0.369983986146552,0.45814398772171,0.449828663249267,0.201979307468678,0.465174416598909
SMR,San Marino,2006,,0.640313162356527,0.568053799213903,0.72415210637004,0.628733581485639,
SOM,Somalia,2006,28.4174223545281,0.232628284215832,0.394377476150593,0.0708790922810718,,0.664279837125271
SRB,Serbia,2006,45.8715372721043,0.391509263974037,0.367354505374103,0.414725208770467,0.392448077777542,0.474078518531952
STP,Sao Tome and Principe,2006,39.803474709728,0.337025325086826,0.306359188838801,0.440443425484525,0.264273360937151,0.540955830892266
SUR,Suriname,2006,45.6639193363188,0.351685906903846,0.376497615787201,0.477919292367807,0.200640812556529,0.438407520177469
SVK,Slovakia,2006,58.3209421626971,0.541051014799783,0.574534179225993,0.644347574463027,0.40427129071033,0.374632171545842
SVN,Slovenia,2006,62.7311171006777,0.608422409135939,0.522659058040098,0.688248738506652,0.614359430861068,0.353800067122386
SWE,Sweden,2006,72.9554193515316,0.778257590977802,0.769619282461258,0.851674009932764,0.713479480539384,0.31914920394717
SWZ,Swaziland,2006,40.8212253953525,0.349559234895763,0.39994889196957,0.447045576743224,0.201683235974495,0.533134726988713
SYC,Seychelles,2006,48.0246920827659,0.444684009944813,0.57434169269098,0.553064600484036,0.206645736659422,0.484190168289495
SYR,Syrian Arab Republic,2006,42.2170193239254,0.328099021892394,0.414353301006345,0.316501167997016,0.253442596673822,0.483758635413886
TCD,Chad,2006,27.7948601537655,0.203456208933791,0.171467374909619,0.216093315785229,0.222807936106526,0.647559005858481
TGO,Togo,2006,37.2693182853519,0.279591882429663,0.289557864139846,0.306374283131827,0.242843500017316,0.534205516722624
THA,Thailand,2006,49.4638591477868,0.433609906108243,0.590285994007857,0.431492084544482,0.27905163977239,0.444332723152506
TJK,Tajikistan,2006,43.2623076728026,0.273179781728768,0.297866866234556,0.279726999775426,0.241945479176323,0.407933628272716
TKM,Turkmenistan,2006,38.1775006412657,0.215956490479011,,0.233915597653882,0.19799738330414,0.452406477653697
TLS,Timor-Leste,2006,36.2774720670485,0.333922393313709,0.364649000187537,0.306161744940681,0.330956434812909,0.608372951972738
TON,Tonga,2006,39.2040604840159,0.397003802029514,0.583420640925741,0.437534296971175,0.170056468191627,0.612922592349197
TTO,Trinidad and Tobago,2006,48.6596395968248,0.376038885072518,0.458817690594254,0.517898852291616,0.151400112331683,0.402846093136022
TUN,Tunisia,2006,51.6530789129867,0.456456259108844,0.608283485031535,0.505237660743182,0.255847631551813,0.42339468084911
TUR,Turkey,2006,51.069060495687,0.42875214784992,0.507067648704078,0.511525370032588,0.267663424813093,0.407370937936181
TUV,Tuvalu,2006,41.302146574664,0.398605187769857,,0.596200857641783,0.20100951789793,0.572562256276577
TZA,"Tanzania, United Republic of",2006,39.6997508227482,0.330022831526083,0.364948423686446,0.434399016640644,0.190721054251159,0.536027815071118
UGA,Uganda,2006,37.1660765505026,0.302951480911822,0.338289038587201,0.392006719799188,0.178558684349078,0.55962994990177
UKR,Ukraine,2006,46.2506709734765,0.339225880969021,0.189785676824984,0.391748070141335,0.436143895940745,0.414212461499492
URY,Uruguay,2006,51.5762513232782,0.452467272320905,0.432992413813398,0.663130396575331,0.261279006573988,0.420942245855342
USA,United States,2006,70.4798407588912,0.731341402771166,0.833236082282921,0.752841276246178,0.6079468497844,0.321744587593343
UZB,Uzbekistan,2006,42.3072947417549,0.256176636771596,0.31647389795244,0.219245190448792,0.232810821913555,0.410030741936498
VCT,Saint Vincent and the Grenadines,2006,55.0270780857459,0.524153740418028,0.68660258971797,0.678183379221133,0.20767525231498,0.423612178703109
VEN,"Venezuela, Bolivarian Republic o",2006,43.6773759510417,0.258334275175918,0.265368722906596,0.255959596669062,0.253674505952095,0.384786756155084
VNM,Viet Nam,2006,44.027763718429,0.392680515179161,0.508094243557479,0.432249290794122,0.237698011185883,0.51212524081058
VUT,Vanuatu,2006,41.580428606104,0.404850798283023,0.492278266597277,0.5806421672589,0.141631960992892,0.573242226160944
WSM,Samoa,2006,45.3499695186863,0.438688837999886,0.581816586467303,0.619014133957479,0.115235793574875,0.531689447626159
YEM,Yemen,2006,36.6401814539955,0.330008825655326,0.447974282455212,0.322379720854499,0.219672473656266,0.597205196575416
ZAF,South Africa,2006,46.8914139862348,0.396823337260211,0.445696525124229,0.577227615950363,0.167545870706039,0.458995057535515
ZMB,Zambia,2006,41.4222423920076,0.342154941186263,0.453620554148915,0.439655963916211,0.133188305493665,0.513710093346112
ZWE,Zimbabwe,2006,34.8387716207003,0.21613957771539,0.366905370125741,0.183740855011603,0.0977725080088277,0.519364145301385
AFG,Afghanistan,2007,31.257062841586,0.258949689865488,0.310378491010374,0.14538365270098,0.32108692588511,0.633808433033769
AGO,Angola,2007,34.4545528238647,0.20671991001784,0.180161350074354,0.280198430754102,0.159799949225064,0.517628853540546
ALB,Albania,2007,43.380490932681,0.355438183733976,0.351698933859745,0.429429565040074,0.28518605230211,0.487828365080356
AND,Andorra,2007,55.8865479595834,0.509462463172292,,0.781482039549306,0.237442886795277,0.391731503980623
ARE,United Arab Emirates,2007,53.7166836852401,0.529434545559246,0.689063667558487,0.630115308105298,0.269124661013954,0.455100871854445
ARG,Argentina,2007,48.9327373359783,0.386903900129326,0.428084007170576,0.436413657902056,0.296214035315347,0.40824915340976
ARM,Armenia,2007,51.5534687842444,0.448358024127529,0.525995491313651,0.462347017985335,0.356731563083602,0.417288648442641
ATG,Antigua and Barbuda,2007,50.758627503404,0.507611528287622,0.604914970668814,0.661459691256985,0.256459922937067,0.492438978219542
AUS,Australia,2007,70.4049584349619,0.736795236494675,0.766860308792745,0.830535575012136,0.612989825679145,0.328696067795437
AUT,Austria,2007,70.1743051778192,0.733471197258289,0.697500994009873,0.857434673285539,0.645477924479456,0.329985093701905
AZE,Azerbaijan,2007,45.8086817238758,0.360046732446581,0.395970836912642,0.353304433639237,0.330864926787864,0.443873097969065
BDI,Burundi,2007,31.5250905143447,0.25239540829758,0.243778149896016,0.283049091143958,0.230358983852767,0.621893598010686
BEL,Belgium,2007,60.3641846941212,0.603151721721985,0.603310916210376,0.757050680281926,0.449093568673654,0.395868027839561
BEN,Benin,2007,37.1068964096886,0.331994830965964,0.26552912835244,0.47007333528039,0.260382029265063,0.589856902772191
BFA,Burkina Faso,2007,36.695597873525,0.287534069029669,0.21795287311516,0.46151156217475,0.183137771799096,0.553622111559169
BGD,Bangladesh,2007,34.0649156491118,0.263841562962729,0.270373372816924,0.282649170763325,0.238502145307937,0.582543249980493
BGR,Bulgaria,2007,54.249024913127,0.464414394684501,0.478387154987201,0.541773334376956,0.373082694689346,0.379433896421962
BHR,Bahrain,2007,48.9175612918567,0.47060891826527,0.677001178031031,0.556388295583021,0.178437281181758,0.492257692428135
BHS,Bahamas,2007,50.8701465729563,0.493995672939982,0.572480989519192,0.734274029357271,0.175231999943481,0.476592741480855
BIH,Bosnia and Herzegovina,2007,47.2572116837155,0.34458613469098,0.314131978443121,0.42364240830086,0.295984017328959,0.399441901016669
BLR,Belarus,2007,49.7519331911986,0.383497601329315,0.246569204653699,0.364613497158002,0.539310102176243,0.388458937505342
BLZ,Belize,2007,43.6891330881124,0.380596875886978,0.479189182216421,0.487853555065638,0.174747890378875,0.50681421412473
BOL,"Bolivia, Plurinational State of",2007,41.2247616524873,0.304245165440277,0.38044358975496,0.368266742263263,0.164025164302608,0.47974993239053
BRA,Brazil,2007,48.9849596354478,0.365051615506034,0.392570241460753,0.459248201460668,0.243336403596682,0.385352422797079
BRB,Barbados,2007,54.9133144079208,0.53181715928174,0.522723220218436,0.754794349801374,0.317933907825409,0.433550871123324
BRN,Brunei Darussalam,2007,52.7017356884845,0.48091958796227,0.558686121176622,0.637097776837041,0.246974865873147,0.426884874192581
BTN,Bhutan,2007,43.1215717044662,0.432028036812017,0.533053330930779,0.56080242304003,0.202228356465242,0.569596602722692
BWA,Botswana,2007,44.9564408701637,0.422125183966181,0.44957833691365,0.68146672096747,0.135330494017423,0.522996366562907
CAF,Central African Republic,2007,29.5163770293737,0.17553395869254,0.119207280653699,0.23191920280944,0.17547539261448,0.585206418105067
CAN,Canada,2007,69.5070248761756,0.701119321135066,0.70978805116151,0.82426789485157,0.569302017392118,0.310978823611554
CHE,Switzerland,2007,72.6163489492095,0.759544484951411,0.786782665166548,0.862291466206749,0.629559323480936,0.307217505967221
CHL,Chile,2007,59.046658531428,0.554477630442871,0.615662135540351,0.755835644969143,0.291935110819118,0.373544459814311
CHN,China,2007,48.7410999205753,0.3870259226111,0.409059921293499,0.402538531484147,0.349479315055655,0.412203924199595
CIV,Cote d'Ivoire,2007,35.5195280151972,0.215036792196968,0.227031821349922,0.241387769399898,0.176690785841082,0.504646231893023
CMR,Cameroon,2007,40.3358039726662,0.292183160516439,0.26501583092574,0.353413817023011,0.258119833600565,0.485467081063115
COD,"Congo, the Democratic Republic o",2007,30.2626337170785,0.183152833152438,0.18976734477403,0.190920100773382,0.168771053909903,0.577900158810868
COG,Congo,2007,33.9422274868458,0.240522344462704,0.204767545466797,0.292728236485114,0.224071251436201,0.561677794725788
COL,Colombia,2007,44.274308980042,0.321931183319561,0.372006263303573,0.399618057272583,0.194169229382528,0.436445003718721
COM,Comoros,2007,39.1156002076412,0.303640968432036,0.44392289919447,0.31092571756289,0.156074288538748,0.521328964279212
CPV,Cape Verde,2007,46.6458655294861,0.413440752623039,0.421521132929194,0.619792696282194,0.19900842865773,0.480523442033317
CRI,Costa Rica,2007,50.199957863712,0.418499333621134,0.407487947924229,0.620833833847113,0.227176219092061,0.414500176346893
CUB,Cuba,2007,46.2533288332183,0.377513615428067,,0.442572037681334,0.312455193174799,0.452447038763701
CYP,Cyprus,2007,57.3336671703516,0.517399706267806,0.583677289639091,0.731555370575752,0.236966458588575,0.370726362860774
CZE,Czech Republic,2007,61.8132877244866,0.533675410649065,0.473286261809368,0.665259041495498,0.462480928642327,0.297409656159333
DEU,Germany,2007,71.5714913909973,0.740435488190188,0.763780524232543,0.803784072460891,0.65374186787713,0.309005660370241
DJI,Djibouti,2007,35.3029245300909,0.323314312430636,0.392570241460753,0.399734712638343,0.177637983192813,0.617255821828818
DMA,Dominica,2007,57.9424725865507,0.596087985363747,0.53770508886025,0.654470881867244,,0.437238533632733
DNK,Denmark,2007,74.1256971574896,0.809182976710074,0.821237754933803,0.893647902724013,0.712663272472406,0.326669033560282
DOM,Dominican Republic,2007,43.6282703056068,0.346999994506761,0.388495943136319,0.42517416529547,0.227329875088495,0.474434588394626
DZA,Algeria,2007,43.4207766468685,0.321730837203706,0.350928987719695,0.371109700994534,0.24315382289689,0.453315304266336
ECU,Ecuador,2007,41.3428121544482,0.314689015959568,0.411915138229519,0.336766251502336,0.195385658146848,0.487832772870603
EGY,Egypt,2007,41.9284110550611,0.333594571161919,0.270950832421961,0.430238263262407,0.29959461780139,0.495026350060698
ERI,Eritrea,2007,29.3661436305938,0.23654288999033,0.302112263701222,0.28066669756607,0.126849708703699,0.649220017378454
ESP,Spain,2007,61.5526154236617,0.561745844429307,0.554675985030527,0.681308502707896,0.449253045549499,0.330693535956074
EST,Estonia,2007,63.40711919946,0.634406310074309,0.753739143322719,0.721242461068747,0.428237325831461,0.366263926085108
ETH,Ethiopia,2007,37.5008137185583,0.324930564256868,0.42202068131768,0.325168492745074,0.22760251870785,0.574914289885702
FIN,Finland,2007,74.1973341865473,0.799094170200369,0.79297431537612,0.883189252178601,0.721118943046386,0.315147486469423
FJI,Fiji,2007,47.4681845980732,0.44595273256306,0.585217181919192,0.45112769015136,0.301513325618627,0.496589040601595
FRA,France,2007,67.0988502495742,0.672935474869539,0.64896230609753,0.745273540466595,0.624570578044492,0.330958469878054
FSM,"Micronesia, Federated States of",2007,38.263821026623,0.404529520878322,0.44832259142333,0.602911695111804,0.162354276099831,0.639253100345863
GAB,Gabon,2007,43.092548299154,0.324056623162063,0.318334601124228,0.400111238546448,0.253724029815512,0.462205657178982
GBR,United Kingdom,2007,71.555922101476,0.703004855624264,0.7147285388935,0.794711137747297,0.599574890231997,0.271886413594745
GEO,Georgia,2007,52.152244276878,0.468389908349648,0.593237454211384,0.492188454129943,0.319743816707617,0.425345022812087
GHA,Ghana,2007,41.9424444456298,0.362968312763211,0.418267193884934,0.499770682006151,0.170867062398546,0.524119423850615
GIN,Guinea,2007,38.1110246342031,0.248024900163082,0.287697160968057,0.199649656788617,0.256727882732571,0.485804407479019
GMB,Gambia,2007,38.1792892000037,0.342998705215646,0.389201727098032,0.427360780445463,0.212433608103441,0.579412921215571
GNB,Guinea-Bissau,2007,31.2998654514237,0.275257047622889,0.246083405303429,0.310660641246283,0.269027096318954,0.649259738594415
GNQ,Equatorial Guinea,2007,41.1742087316255,0.279017852405476,0.409715292115089,0.300264020187522,0.127074244913818,0.455533677772965
GRC,Greece,2007,58.0805209607399,0.527142833072788,0.523011950020954,0.622145779145509,0.436270770051901,0.36553241385799
GRD,Grenada,2007,52.0966262573273,0.4715215397383,0.487113211241106,0.57184785869029,0.355603549283504,0.429589014591754
GTM,Guatemala,2007,40.7881441717177,0.30521166695798,0.388335537690476,0.36687631020397,0.160423152979494,0.489448783523626
GUY,Guyana,2007,39.552425610425,0.329493995697016,0.397350323746898,0.409922506603419,0.18120915674073,0.538445483488517
HND,Honduras,2007,40.9385441290078,0.301631494191514,0.377620453908108,0.375547984656562,0.151726044009872,0.482860611611358
HRV,Croatia,2007,54.3879012846175,0.50134709110061,0.496031754030023,0.569009100416596,0.43900041885521,0.41358906540826
HTI,Haiti,2007,34.7916868181949,0.248376531418488,0.34111675744679,0.25618460639057,0.147828230418105,0.55254279505459
HUN,Hungary,2007,57.6846502981162,0.556909509865901,0.528914870428008,0.67340444340342,0.468409215766275,0.403216503903576
IDN,Indonesia,2007,43.2808774043493,0.318899179672056,0.325424521830526,0.382214079379283,0.249058937806359,0.453281631585071
IND,India,2007,39.6383773365152,0.319904615301742,0.261839803098032,0.44781181293069,0.250062229876503,0.527137068571437
IRL,Ireland,2007,65.7020910172421,0.637908452969167,0.694613695984684,0.81968867026975,0.399422992653065,0.323866632624324
IRN,"Iran, Islamic Republic of",2007,47.5786263878329,0.374433948857453,0.398408999689468,0.309768915500113,0.415123931382778,0.422861421100796
IRQ,Iraq,2007,38.09515833253,0.282410072846265,0.425774168750426,0.151313892489484,0.270142157298885,0.520506906195666
ISL,Iceland,2007,73.0269814469121,0.790960591295324,0.829578838117681,0.854664088927992,0.688638846840299,0.330420962357083
ISR,Israel,2007,59.6809341772939,0.572709195295695,0.568438772283928,0.590984495752877,0.558704317850279,0.379090511749818
ITA,Italy,2007,59.587455973157,0.553375189183551,0.512970569111131,0.615740775544429,0.531414222895094,0.361626069720411
JAM,Jamaica,2007,45.9789652901486,0.369016857303398,0.405434758217428,0.482928613950557,0.218687199742207,0.449437551500426
JOR,Jordan,2007,49.1439311637261,0.426773102335561,0.458785609505086,0.517103453520423,0.304430243981175,0.44389447906104
JPN,Japan,2007,66.4289464942402,0.683071343995655,0.695094912322215,0.725618066110773,0.628501053553977,0.354492414110852
KAZ,Kazakhstan,2007,53.1652677528151,0.430021532193619,0.451727769887957,0.395192484067767,0.443144342625134,0.366716177137316
KEN,Kenya,2007,38.419809668296,0.286866961701718,0.374733155882919,0.325444742532158,0.160422986690078,0.518470768335798
KGZ,Kyrgyzstan,2007,46.6358542784838,0.326663837027495,0.332514442536823,0.31137131679832,0.336105751747341,0.39394675145782
KHM,Cambodia,2007,37.6772961334964,0.292531251685929,0.34117633661239,0.333841842310299,0.202575576135099,0.538985329016001
KIR,Kiribati,2007,39.9293318709101,0.403408577430354,0.49184288038713,0.576470189084819,0.141912662819114,0.604821940012152
KNA,Saint Kitts and Nevis,2007,53.1547499026012,0.540120319365908,0.615877537139056,0.691359733398598,0.31312368756007,0.477025321313885
KOR,"Korea, Republic of",2007,67.6318123881189,0.723806441000223,0.754926143621964,0.663271106999626,0.753222072379079,0.371170193237846
KWT,Kuwait,2007,48.6987539770448,0.430489809011872,0.525000977549418,0.573881174296546,0.192587275189651,0.456514729470976
LAO,Lao People's Democratic Republic,2007,37.6345804403368,0.295686741264885,0.341960031790656,0.316423117545656,0.228677074458344,0.542995132458149
LBN,Lebanon,2007,41.810821993161,0.323916154547111,0.436168441641105,0.320748793266561,0.214831228733666,0.48769971468389
LBR,Liberia,2007,32.9923799974154,0.268314962602092,0.241275824940852,0.300783054616493,0.26288600824893,0.608467362653783
LBY,Libyan Arab Jamahiriya,2007,40.1117902216216,0.291115286931123,0.301042894062264,0.353254268919206,0.2190486978119,0.488879482498691
LCA,Saint Lucia,2007,56.6626226137459,0.491252155183636,0.564236149602819,0.669229775928465,0.240290540019624,0.357999702908717
LIE,Liechtenstein,2007,,0.606689744676811,0.609306024758481,0.787971093009169,0.422792116262785,
LKA,Sri Lanka,2007,45.0580004985202,0.359492734304851,0.428148169348915,0.414667457444118,0.23566257612152,0.458332724334447
LSO,Lesotho,2007,39.0417429696461,0.298212710685875,0.317917546965035,0.450829957314646,0.125890627777943,0.517377851292952
LTU,Lithuania,2007,59.5929492577866,0.584173999485816,0.726053163370074,0.63031607557325,0.396152759514125,0.392315014330085
LUX,Luxembourg,2007,63.3522368281012,0.607667034895837,0.684123179826497,0.857909963945019,0.280967960915995,0.340622298333812
LVA,Latvia,2007,58.4302766601812,0.565531982445106,0.622976623870829,0.634302980056643,0.439316343407848,0.396926449241482
MAR,Morocco,2007,44.6398885732067,0.390645890977744,0.501549701367051,0.443970723112298,0.226417248453884,0.49784811951361
MCO,Monaco,2007,65.8842390776065,0.727159661943281,,0.774458830530803,0.679860493355758,0.40947488039115
MDA,"Moldova, Republic of",2007,47.5981035223959,0.421995665259854,0.417080193585691,0.427319042427678,0.421587759766194,0.470033594811936
MDG,Madagascar,2007,37.5609166586856,0.312001552379753,0.277655780058234,0.466545470543522,0.191803406537502,0.56078321920604
MDV,Maldives,2007,44.81573166702,0.45363825365069,0.618068217228009,0.45221356465124,0.29063297907282,0.55732362031029
MEX,Mexico,2007,48.0456195694317,0.374520533277566,0.448968796219443,0.453564176221415,0.221028627391841,0.413608141888933
MHL,Marshall Islands,2007,44.35491345089,0.418463929484725,0.553841876712138,0.539746196006999,0.161803715735039,0.531365660466924
MKD,Macedonia,2007,50.3458693565611,0.412878762472175,0.460325501785186,0.462425200131015,0.315885585500324,0.405961375340954
MLI,Mali,2007,36.2720920724749,0.330103525833075,0.261583154384682,0.468411552883746,0.260315870230796,0.604661684383576
MLT,Malta,2007,57.0788487976664,0.524262200899959,0.536806818363525,0.750810100024947,0.285169684311404,0.38268522494663
MMR,Myanmar,2007,32.2508262770154,0.181186931701458,0.205729978141861,0.187780320245804,0.150050496716708,0.536170406161149
MNE,Montenegro,2007,48.6304872941139,0.427375898560712,0.477585127757982,0.49728008140268,0.307262486521474,0.454766152678433
MNG,Mongolia,2007,48.3505880616959,0.40266659337249,0.412781327637075,0.477442828751449,0.317775623728948,0.435654832138572
MOZ,Mozambique,2007,39.4351429650997,0.303260101979492,0.31753257389501,0.428415471863078,0.163832260180388,0.514557242677498
MRT,Mauritania,2007,35.7396353125054,0.340914201035612,0.364618446769281,0.413336947533843,0.244787208803711,0.626121494785503
MUS,Mauritius,2007,50.8571969998436,0.504890848335861,0.600102807293499,0.645290102982862,0.269279634731223,0.487746908338989
MWI,Malawi,2007,35.3635941309257,0.310171418039942,0.32426960262045,0.430676811719818,0.175567839779559,0.602899535421429
MYS,Malaysia,2007,53.0170395058809,0.464185378901413,0.560418499991736,0.561999805071073,0.270137831641431,0.403844588783794
NAM,Namibia,2007,41.9958505860665,0.399411248678837,0.469179882395766,0.580828776830829,0.148225086809916,0.559494236957507
NER,Niger,2007,35.4227107074243,0.304738988006829,0.243072365934304,0.389329408885713,0.28181518920047,0.596284773858344
NGA,Nigeria,2007,36.549927876371,0.236158313692821,0.256257693582667,0.269158006765265,0.183059240730532,0.505159756165401
NIC,Nicaragua,2007,43.209140485054,0.324230870951319,0.368349019138335,0.403392957365113,0.200950636350509,0.460048061250239
NLD,Netherlands,2007,66.2763292761289,0.696229091722598,0.681043395266296,0.84094562541752,0.566698254483977,0.37070250620002
NOR,Norway,2007,76.392766395357,0.793540129436349,0.843822841708614,0.833678343441484,0.703119203158948,0.265684801529208
NPL,Nepal,2007,39.4157595382194,0.340741957374681,0.487979400648663,0.318209458559782,0.216037012915599,0.552426766610293
NRU,Nauru,2007,50.9776222166365,0.555991819764295,,0.555991819764295,,0.536439375431566
NZL,New Zealand,2007,74.996998920483,0.79877547740966,0.845458977256221,0.867077501296382,0.683789953676379,0.298835499000001
OMN,Oman,2007,50.1021129207963,0.474107416284625,0.663430877312643,0.610387307151099,0.148504064390135,0.4720651578687
PAK,Pakistan,2007,38.2836586783927,0.310525709861828,0.390549132843121,0.287047043739995,0.25398095300237,0.544852536293974
PAN,Panama,2007,48.7300890323075,0.404357537938076,0.501549701367051,0.498144795408516,0.21337811703866,0.429755757291926
PER,Peru,2007,46.6167340878851,0.37970633155368,0.48621494074438,0.440967112167371,0.21193694174929,0.447371649795978
PHL,Philippines,2007,43.2398143480664,0.334170538375339,0.398665648402818,0.383656633934308,0.220189332788891,0.469374251414012
PLW,Palau,2007,47.836841459747,0.472363338375788,0.498694484431031,0.5670612118525,0.351334318843832,0.515626509180848
PNG,Papua New Guinea,2007,37.9143503952648,0.317237310981355,0.453588473059746,0.351288108234935,0.146835351649384,0.55895030307606
POL,Poland,2007,58.5097645000147,0.487295887613843,0.409124083471836,0.616061504985056,0.436702074384637,0.317100597613549
PRK,"Korea, Democratic People's Repub",2007,42.6517858443621,0.377851782007852,,0.260063907403468,0.495639656612236,0.52481606512061
PRT,Portugal,2007,57.3457290407486,0.536181728284928,0.581720343199797,0.706968022157171,0.319856819497817,0.389267147469956
PRY,Paraguay,2007,45.7722602245169,0.319333912597325,0.404023190294003,0.358135589671869,0.195842957826105,0.403888708106988
QAT,Qatar,2007,53.437607386983,0.491751564173664,0.664457472166044,0.649264115783046,0.161533104571901,0.422999416434005
ROU,Romania,2007,52.5378943149923,0.465979714004261,0.492887807291484,0.513360302199336,0.391691032521962,0.415221827704414
RUS,Russian Federation,2007,56.5564861996003,0.450747967303423,0.432575359654204,0.360127209916141,0.559541332339923,0.319618243311417
RWA,Rwanda,2007,33.6392222722645,0.308254573711231,0.348490824942868,0.417899994123358,0.158372902067468,0.63547012826594
SAU,Saudi Arabia,2007,46.7339285797195,0.407106186947957,0.58625294279807,0.454701744744883,0.180363873300918,0.472427615353567
SDN,Sudan,2007,32.2363472146868,0.269217492223993,0.399018540383675,0.195590360556015,0.213043575732289,0.624490547930257
SEN,Senegal,2007,38.4846415762008,0.310208849947597,0.232485606508611,0.444463741681299,0.253677201652883,0.540516018423582
SGP,Singapore,2007,69.1737208103347,0.785257362941792,0.890276258824987,0.84590290184181,0.61959292815858,0.401782946735098
SLB,Solomon Islands,2007,37.3885621168199,0.395546009972931,0.393725160670828,0.397366859275034,,0.647774767636533
SLE,Sierra Leone,2007,32.3819645433174,0.255946665462666,0.155908046662767,0.346788919479647,0.265143030245585,0.608307374596318
SLV,El Salvador,2007,45.1742493613753,0.367587182006531,0.434885198074355,0.456939814258985,0.210936533686254,0.464102194779026
SMR,San Marino,2007,,0.6412861877531,0.568053799213903,0.725145458343682,0.630659305701715,
SOM,Somalia,2007,28.0269161587957,0.222978385303409,0.394377476150593,0.0515792944562259,,0.662440062127495
SRB,Serbia,2007,46.5771999549651,0.404226107775215,0.377203399748914,0.43554381342779,0.399931110148942,0.472682108675914
STP,Sao Tome and Principe,2007,39.7363315085396,0.333491682306695,0.280364340586625,0.448705987246186,0.271404719087275,0.538765052135903
SUR,Suriname,2007,45.7967374429718,0.347384967183005,0.357377286642616,0.480655127825936,0.204122487080462,0.431450218323568
SVK,Slovakia,2007,58.6590279141309,0.548651671983204,0.567380096341358,0.644860387844697,0.433714531763558,0.375471113700587
SVN,Slovenia,2007,63.1058970416373,0.615875648775694,0.499047376411887,0.698731075404395,0.649848494510799,0.353757707942949
SWE,Sweden,2007,72.882275502914,0.776041901477147,0.759353333927253,0.862137671117402,0.706634699386787,0.318396391418866
SWZ,Swaziland,2007,40.652387688741,0.341864574177557,0.377941264799796,0.444595891201515,0.203056566531359,0.528816820402736
SYC,Seychelles,2007,48.2771739628174,0.444480054895661,0.561445094845136,0.561477070547148,0.210517999294699,0.478936575639313
SYR,Syrian Arab Republic,2007,42.1728003598367,0.32772123959921,0.406108461089972,0.319401306844038,0.25765395086362,0.484265232402476
TCD,Chad,2007,27.7710679453158,0.1973516647967,0.15661383062448,0.215307881997621,0.220133281768,0.641930305890384
TGO,Togo,2007,37.4398005531907,0.283788891981556,0.291033594241608,0.321374269838335,0.238958811864725,0.534992880917742
THA,Thailand,2007,49.418897385555,0.433145186378856,0.573090530213398,0.437073001551799,0.28927202737137,0.444767238667757
TJK,Tajikistan,2007,43.5750343261265,0.277319736735236,0.281313024223473,0.308529704233973,0.24211648174826,0.405819050212705
TKM,Turkmenistan,2007,38.9414291825993,0.23038037549481,,0.262209981795768,0.198550769193853,0.451551791842825
TLS,Timor-Leste,2007,36.0838752147617,0.328429391476483,0.346512491110794,0.30468146662446,0.334094216694194,0.606751887181249
TON,Tonga,2007,39.9088378275832,0.398284121957867,0.565487312080401,0.44994405968438,0.17942099410882,0.600107365406204
TTO,Trinidad and Tobago,2007,48.7440871355415,0.378134284327613,0.450187877607856,0.528270144095943,0.15594483127904,0.403252541616783
TUN,Tunisia,2007,51.6314214129148,0.451392203964347,0.592756237873853,0.500771654452735,0.260648719566453,0.41876377570605
TUR,Turkey,2007,51.332937025897,0.430994502628379,0.494267294125741,0.502669296843377,0.296046916916019,0.40433576211044
TUV,Tuvalu,2007,42.0394065397589,0.395505241759316,,0.586955135986258,0.204055347532374,0.554717110964138
TZA,"Tanzania, United Republic of",2007,39.4848655117981,0.324011366323039,0.348843716923725,0.432928908254383,0.19026147379101,0.534314056087077
UGA,Uganda,2007,37.3266979450565,0.300882044695673,0.324750818957981,0.399211673257264,0.178683641871772,0.554348085794542
UKR,Ukraine,2007,46.5714756913188,0.344178967069341,0.183594026615412,0.402600630488945,0.446342244103666,0.412749453242966
URY,Uruguay,2007,52.2044713473031,0.459411027791326,0.435045603520199,0.670312851839795,0.272874628013984,0.415321600845263
USA,United States,2007,70.27404465439,0.726846123745864,0.82495916127738,0.742995609625057,0.612583600335154,0.321365230658064
UZB,Uzbekistan,2007,42.8501504070701,0.26506510409693,0.303064002679896,0.257744578257594,0.2343867313533,0.408062095955528
VCT,Saint Vincent and the Grenadines,2007,54.3297170315566,0.514146532771094,0.667207279809081,0.658045939253666,0.217186379250536,0.427552192139962
VEN,"Venezuela, Bolivarian Republic o",2007,43.1046105181178,0.246765585638347,0.24137206820836,0.227319962468154,0.271604726238527,0.384673375275991
VNM,Viet Nam,2007,44.0515274081633,0.391697365474354,0.485894129852693,0.438695968505455,0.250501998064913,0.510666817311088
VUT,Vanuatu,2007,41.99069648049,0.399065023208943,0.472805045471837,0.580158796412793,0.144231227742198,0.559251093599142
WSM,Samoa,2007,44.8079482360537,0.432309594901771,0.563113311481912,0.615063361111093,0.118752112112309,0.536150630180698
YEM,Yemen,2007,36.5182357697491,0.325669402575875,0.442520497296522,0.310435954792633,0.224051755638471,0.595304687180894
ZAF,South Africa,2007,46.5085160562211,0.389697216137553,0.432094143316672,0.566932285253382,0.170065219842606,0.459526895013131
ZMB,Zambia,2007,41.3809951182536,0.341315601248077,0.435558900946899,0.452593016492885,0.135794886304446,0.513695698883005
ZWE,Zimbabwe,2007,34.7508088075064,0.208326913191945,0.350479852471332,0.175905573882833,0.0985953132216706,0.513310737041817
AFG,Afghanistan,2008,30.7503812236293,0.247493790134132,0.291771459292491,0.126947351286304,0.323762559823601,0.632486165661546
AGO,Angola,2008,34.5662244932211,0.209553943857141,0.162122611936031,0.296657449181783,0.169881770453608,0.518229453992718
ALB,Albania,2008,43.9322941164784,0.361989958793531,0.342587904535816,0.443193803099659,0.300188168745117,0.483344076463963
AND,Andorra,2008,55.9657400167947,0.510850610669421,,0.781268282015492,0.240432939323351,0.391535810333527
ARE,United Arab Emirates,2008,53.6683058019467,0.529062714703619,0.681332125068814,0.631957199449265,0.273898819592777,0.455696598664684
ARG,Argentina,2008,48.3091392975647,0.375364010799659,0.41290965199375,0.415770572257836,0.29741180814739,0.409181224848364
ARM,Armenia,2008,52.4610186514405,0.45910868516882,0.524134788141862,0.454477720884008,0.398713546480588,0.409888312140008
ATG,Antigua and Barbuda,2008,50.6567803468745,0.505322817345305,0.590799291434557,0.661279375169126,0.263889785432232,0.492187210407814
AUS,Australia,2008,70.5785854820441,0.739582804688247,0.760700739672342,0.83886989510187,0.619177779290531,0.328011095047365
AUT,Austria,2008,69.8200065805582,0.726671911399587,0.683385314775616,0.844655518655611,0.651974900767533,0.330271779788422
AZE,Azerbaijan,2008,45.5660602156693,0.351771595441617,0.395842512555967,0.368061724070098,0.291410549698786,0.44045039112823
BDI,Burundi,2008,31.2004557503211,0.244492610286605,0.234378390769568,0.268059974367548,0.231039465722699,0.620483495280183
BEL,Belgium,2008,60.357570286944,0.604232642131098,0.607545619980653,0.739382650806102,0.465769655606537,0.397081236392217
BEN,Benin,2008,36.2318735682091,0.321446177790346,0.242077852170072,0.462312118009731,0.259948563191234,0.596808706426163
BFA,Burkina Faso,2008,36.8437991021946,0.288763049935488,0.214295628949921,0.464275346947796,0.187718173908748,0.551887067891596
BGD,Bangladesh,2008,34.3238017922568,0.263367101095594,0.247178745347906,0.30115985268669,0.241762705252186,0.576891065250459
BGR,Bulgaria,2008,54.0088697112991,0.459856487895843,0.484707129553449,0.536891905802668,0.357970428331412,0.379679093669861
BHR,Bahrain,2008,49.1463672601733,0.47645695267478,0.677001178031031,0.54379788700477,0.208571792988538,0.493529607471314
BHS,Bahamas,2008,51.0672348187398,0.494854610678328,0.572480989519192,0.73153365136892,0.180549191146872,0.473509914303531
BIH,Bosnia and Herzegovina,2008,47.5213154053037,0.345712796086499,0.302711110699039,0.425183700917948,0.309243576642509,0.395286487980424
BLR,Belarus,2008,50.67207725121,0.401963832363419,0.248782799806344,0.390607194551732,0.56650150273218,0.388522287339219
BLZ,Belize,2008,43.8178312943706,0.379479557787102,0.458978096040099,0.501266845963048,0.178193731358158,0.503122931899689
BOL,"Bolivia, Plurinational State of",2008,40.9791714632113,0.297444234692525,0.355035367133296,0.360656961105757,0.176640375838522,0.477860805428299
BRA,Brazil,2008,49.1669251235943,0.366986645164543,0.367001613393247,0.485140293233644,0.248818028866739,0.383648142692658
BRB,Barbados,2008,55.1880421152139,0.534806533862844,0.522723220218436,0.758053845442002,0.323642535928094,0.431045691558565
BRN,Brunei Darussalam,2008,52.4116061694875,0.477913710963814,0.547618145413398,0.635775291014238,0.250347696463805,0.429681587574064
BTN,Bhutan,2008,43.9927222508797,0.439234355141614,0.53536316935093,0.575921276206977,0.206418619866935,0.55937991012402
BWA,Botswana,2008,45.2084649861595,0.423196443107132,0.433056575991735,0.692643941307991,0.14388881202167,0.519027143383942
CAF,Central African Republic,2008,28.981067122699,0.164782847962676,0.0968467615030686,0.228688137223223,0.168813645161736,0.585161505508696
CAN,Canada,2008,69.5071250341876,0.700305798277081,0.700773265105087,0.826464672766137,0.573679456960018,0.310163297593328
CHE,Switzerland,2008,72.4625555631493,0.756427359041784,0.778024527823475,0.856418013842661,0.634839535459215,0.307176247778798
CHL,Chile,2008,59.0510263638738,0.552962645278348,0.599364942242618,0.753410445051948,0.306112548540478,0.371942118000873
CHN,China,2008,49.4966128955049,0.399752742723599,0.396740783052692,0.411245660799542,0.391271784318562,0.4098204848135
CIV,Cote d'Ivoire,2008,35.4627119613616,0.212903879400615,0.208585195077881,0.255586431996964,0.174540011127001,0.503649640173382
CMR,Cameroon,2008,39.9300111623171,0.286270159375201,0.248943205252188,0.348770330728876,0.261096942144538,0.487669936128859
COD,"Congo, the Democratic Republic o",2008,29.911105867036,0.18007989318262,0.171508622024264,0.197748376438356,0.17098268108524,0.5818577758419
COG,Congo,2008,34.1199488015122,0.23501451034076,0.18805329800987,0.286832281789099,0.23015795122331,0.552615534310516
COL,Colombia,2008,44.955496381224,0.332050158770025,0.384517888079393,0.406549436081602,0.205083152149079,0.432940231145546
COM,Comoros,2008,37.6922274922962,0.29019566424506,0.418184699655643,0.293287365011694,0.159114928067842,0.536351114399135
CPV,Cape Verde,2008,46.6650640805873,0.414412473464783,0.410705222866583,0.623265163318521,0.209267034209245,0.481111191853038
CRI,Costa Rica,2008,50.4810986976491,0.424034565951796,0.416631058337327,0.619751365936985,0.235721273581077,0.414412591998814
CUB,Cuba,2008,46.8727352893381,0.391738547889985,,0.44603183776849,0.33744525801148,0.454283842103223
CYP,Cyprus,2008,58.1733867341835,0.53151305747009,0.583677289639091,0.744104917034679,0.266756965736499,0.36804532278642
CZE,Czech Republic,2008,61.8752131652947,0.535259575860136,0.455898311479896,0.668674803401104,0.481205612699408,0.297755312554243
DEU,Germany,2008,71.0043304576756,0.730581285575414,0.743665681323727,0.789926119961049,0.658152055441467,0.310494676421901
DJI,Djibouti,2008,36.248796025834,0.333158374122705,0.389586700168058,0.430887135357644,0.179001286842412,0.608182453606025
DMA,Dominica,2008,57.6657222571684,0.591854497933861,0.533470385089972,0.65023861077775,,0.438540052790493
DNK,Denmark,2008,73.8138445151229,0.802666368165209,0.817067213341863,0.882768346745343,0.708163544408421,0.326389477862752
DOM,Dominican Republic,2008,44.0355865031207,0.355866489226664,0.411530165159494,0.424642628077623,0.231426674442875,0.47515475916425
DZA,Algeria,2008,43.2634743448997,0.318561669088876,0.345186472758486,0.361334463325118,0.249164071183025,0.453292182190883
ECU,Ecuador,2008,41.2448416165488,0.310812062968478,0.394302620275866,0.32996474672207,0.208168821907497,0.485915230637501
EGY,Egypt,2008,43.0934451335443,0.354492267250078,0.324975386582164,0.435292564629507,0.303208850538563,0.492623364579191
ERI,Eritrea,2008,29.1699467255296,0.230173668496416,0.281238168348746,0.281114005146298,0.128168831994203,0.646774733985824
ESP,Spain,2008,61.2843434226752,0.5586014182113,0.539373305497025,0.682510835111903,0.453920114024971,0.332914549757795
EST,Estonia,2008,63.7720954863887,0.644184762077696,0.769394714837077,0.718685452188036,0.444474119207975,0.368742852349921
ETH,Ethiopia,2008,36.9403249329864,0.315052620666387,0.405691406930779,0.316311557605336,0.223154897463045,0.576246122006659
FIN,Finland,2008,74.1500708541881,0.797827390109987,0.789830368637581,0.880279220971212,0.72337258072117,0.314825973026226
FJI,Fiji,2008,47.0633014966281,0.441010348492402,0.568695420997278,0.42943930450725,0.324896319972678,0.49974431855984
FRA,France,2008,67.094715545972,0.671818319674639,0.644150142722215,0.741332002518828,0.629972813782873,0.329924008755198
FSM,"Micronesia, Federated States of",2008,37.2281742840195,0.383488384401855,0.43552681985773,0.551421539049756,0.16351679429808,0.638924898721465
GAB,Gabon,2008,42.748095711745,0.315921625093153,0.289718269585689,0.402707432749386,0.255339172944385,0.460959710858254
GBR,United Kingdom,2008,71.014637291966,0.694078377768111,0.703051022436069,0.776248989845121,0.602935121023143,0.27378563192879
GEO,Georgia,2008,51.9408978450384,0.470699556232264,0.614539297419444,0.48865114995018,0.308908221327167,0.431881599331495
GHA,Ghana,2008,42.3603930094498,0.368328449491595,0.434019008666799,0.495452814960356,0.17551352484763,0.521120589302598
GIN,Guinea,2008,38.2858543839721,0.250119101614893,0.281152618777629,0.2032290918251,0.265975594241951,0.484402013935451
GMB,Gambia,2008,37.5637761102289,0.33133665593267,0.363665180119694,0.415005935327745,0.21533885235057,0.580061133728091
GNB,Guinea-Bissau,2008,30.7152491397501,0.263402565052413,0.224451585178204,0.294691176853764,0.27106493312527,0.649097582257411
GNQ,Equatorial Guinea,2008,40.8272167840264,0.269662881369406,0.386836892525021,0.294317520581225,0.127834231001972,0.453118545688877
GRC,Greece,2008,57.6177485592908,0.517486943082431,0.504276593946396,0.596789326390347,0.451394908910551,0.365131971896615
GRD,Grenada,2008,51.7040135266758,0.46656656164555,0.467204603905518,0.571738428514265,0.360756652516867,0.432486291112034
GTM,Guatemala,2008,40.9747693284167,0.307059197408798,0.380283184309115,0.378602640244623,0.162291767672656,0.487563810840465
GUY,Guyana,2008,39.7087011058531,0.325850051334393,0.385544482932793,0.40805574171771,0.183949929352677,0.531676029217331
HND,Honduras,2008,40.9505938491024,0.30168118088792,0.390420808486446,0.36161878596593,0.153003948211383,0.482669303905872
HRV,Croatia,2008,54.1559654843957,0.497413955714325,0.492182023329772,0.561142175627282,0.438917668185923,0.414294646026411
HTI,Haiti,2008,35.0934164573651,0.252202999128632,0.332464029396701,0.274994218947711,0.149150749041485,0.55033466998133
HUN,Hungary,2008,57.5052931520461,0.552990523489407,0.529845222013902,0.65629516543739,0.472831183016929,0.402884660448484
IDN,Indonesia,2008,44.1262202529662,0.333870194121026,0.339026903638083,0.404898621829272,0.257685056895723,0.451345789061702
IND,India,2008,39.7529696297825,0.320039759984496,0.258375045467806,0.447638879551727,0.254105354933955,0.524980367388847
IRL,Ireland,2008,65.2277723934742,0.630319929843455,0.684668558342367,0.813055976786272,0.393235254401727,0.32576448197397
IRN,"Iran, Islamic Republic of",2008,48.4261707745647,0.391393484636459,0.381053130449165,0.290760726818829,0.502366596641382,0.422870069145165
IRQ,Iraq,2008,38.7544308444684,0.283382882919913,0.401539197389793,0.179120942986796,0.269488508383149,0.508294266030544
ISL,Iceland,2008,72.0476983227845,0.769575612295635,0.822777647213903,0.837120836672308,0.648828353000694,0.328621645839946
ISR,Israel,2008,59.9889176483253,0.572635482188698,0.558557796819947,0.593991224348395,0.565357425397751,0.372857129222192
ITA,Italy,2008,58.7004214286861,0.540354406685731,0.491957455705589,0.609882654878817,0.519223109472785,0.366345978112009
JAM,Jamaica,2008,45.8598648465301,0.365276984201225,0.389779186703071,0.478543473171697,0.227508292728907,0.448079687270622
JOR,Jordan,2008,49.5765734412315,0.432202338754382,0.455641662766546,0.528220548801135,0.312744804695465,0.440670869929752
JPN,Japan,2008,66.1184832694801,0.67870398499855,0.681011314177127,0.72522924259288,0.629871398225642,0.356334319608947
KAZ,Kazakhstan,2008,53.3494533373967,0.430577005288616,0.438061225902063,0.41311438773362,0.440555402230164,0.363587938540683
KEN,Kenya,2008,38.0793466984821,0.279922379555345,0.368894397654203,0.30755828694796,0.163314454063871,0.518335445585704
KGZ,Kyrgyzstan,2008,46.3558770020401,0.31766578622808,0.330172523027503,0.321057491814992,0.301767343841745,0.390548246187277
KHM,Cambodia,2008,38.4744545606629,0.293542462834997,0.324943305492994,0.333096474555919,0.222587608456079,0.524053371621738
KIR,Kiribati,2008,38.6746656318321,0.385622210661045,0.473144188414477,0.540235725634315,0.143486717934343,0.612128898024402
KNA,Saint Kitts and Nevis,2008,52.925282222301,0.540993957237484,0.599855324605626,0.696689177476875,0.326437369629952,0.482488312791464
KOR,"Korea, Republic of",2008,67.2987123698861,0.715179462800513,0.75685100897209,0.630141075454907,0.758546303974542,0.369205215402791
KWT,Kuwait,2008,48.6409514011711,0.426921232763783,0.50418035067889,0.571495882209474,0.205087465402985,0.454102204740361
LAO,Lao People's Democratic Republic,2008,38.2644451869603,0.299408455328293,0.332244044785258,0.333953930692595,0.232027390507026,0.534119551589088
LBN,Lebanon,2008,42.3458211812993,0.329042153894222,0.420095815967554,0.344337930561167,0.222692715153944,0.482125730268236
LBR,Liberia,2008,32.8956283055884,0.263172567070967,0.214712683109115,0.312828686277772,0.261976331826015,0.605260000959198
LBY,Libyan Arab Jamahiriya,2008,40.4105477765532,0.296661617002359,0.301042894062264,0.366816320439106,0.222125636505706,0.488450661471296
LCA,Saint Lucia,2008,56.7277704543205,0.492981485254089,0.559969364743373,0.663644297276464,0.255330793742431,0.358426076167679
LIE,Liechtenstein,2008,,0.615276838822099,0.609306024758481,0.785162988751846,0.45136150295597,
LKA,Sri Lanka,2008,44.8486188195263,0.355088023641463,0.422790627457731,0.395497121499741,0.246976321966917,0.458115647250938
LSO,Lesotho,2008,38.7948700327016,0.301170359238672,0.304443489514153,0.471202974064192,0.12786461413767,0.52527295858464
LTU,Lithuania,2008,59.6909692424032,0.583203091902422,0.715755133746901,0.619705977120856,0.414148164839509,0.389383707054358
LUX,Luxembourg,2008,65.1017825668173,0.641919591557211,0.675332961394255,0.854245083709448,0.396180729567931,0.339883940220865
LVA,Latvia,2008,58.9012505831819,0.573939598334106,0.621725461393248,0.616523061892913,0.483570271716157,0.395914586670468
MAR,Morocco,2008,44.7959566677409,0.387887212703193,0.493465266896522,0.433404177090161,0.236792194122895,0.491968079348376
MCO,Monaco,2008,65.9985834298673,0.729892068841743,,0.774168495058223,0.685615642625262,0.409920400244396
MDA,"Moldova, Republic of",2008,47.1563814947181,0.409770571012489,0.411177273178638,0.418132725635953,0.400001714222875,0.466642941118127
MDG,Madagascar,2008,37.4456016981685,0.307416229571691,0.296262811776117,0.43362349228138,0.192362384657575,0.55850419560832
MDV,Maldives,2008,44.345742284854,0.446723855726163,0.608283485031535,0.429890050848541,0.301998031298413,0.559809010029083
MEX,Mexico,2008,47.7869919174207,0.366941237229342,0.439601118182164,0.43634872124831,0.224873872257552,0.411201398880929
MHL,Marshall Islands,2008,44.3319281476083,0.413170777949898,0.534776543720415,0.539496061300382,0.165239728828898,0.526532214997732
MKD,Macedonia,2008,49.9756950040646,0.407020034984607,0.458913933861761,0.471776358746118,0.290369812345943,0.407506134903315
MLI,Mali,2008,36.2508250445251,0.327853073609055,0.261422748938838,0.450075245025292,0.272061226863036,0.602836572718554
MLT,Malta,2008,57.5755234230118,0.533055248109401,0.536806818363525,0.756353010510185,0.306005915454494,0.381544779649165
MMR,Myanmar,2008,32.2070843712208,0.180317341245171,0.205729978141861,0.182586280736083,0.152635764857568,0.536175653820754
MNE,Montenegro,2008,49.2971691004841,0.437655172482105,0.46491309753632,0.517769040828072,0.330283379081922,0.451711790472422
MNG,Mongolia,2008,47.7731594002842,0.391300652220434,0.399884729791231,0.454517484773689,0.319499742096381,0.435837464214751
MOZ,Mozambique,2008,39.4971578373232,0.301796792765286,0.303513137928259,0.437716441559207,0.164160798808392,0.511853636018822
MRT,Mauritania,2008,34.4862110781932,0.313972384740637,0.354205841827647,0.341553330429918,0.246157981964345,0.624248163176773
MUS,Mauritius,2008,51.6180716951995,0.523305726662974,0.625382705558487,0.669840485481792,0.274693988948643,0.490944292758983
MWI,Malawi,2008,35.0871159094068,0.302339565504377,0.303898110998284,0.431813085379089,0.171307500135757,0.60059724731624
MYS,Malaysia,2008,52.9901530797922,0.45878218300151,0.552622795323726,0.543156946314534,0.280566807366271,0.398979121405667
NAM,Namibia,2008,42.3118070245518,0.404961650355266,0.445375714232542,0.616801988853388,0.152707247979867,0.55872550986423
NER,Niger,2008,35.2976509947241,0.301629457292332,0.231009876406848,0.38497028807787,0.288908207392277,0.59567643739785
NGA,Nigeria,2008,36.8988779408576,0.236883767731669,0.239864257017427,0.286423470235958,0.184363575941623,0.498906208914516
NIC,Nicaragua,2008,42.7399981825102,0.312610895332944,0.349068284547906,0.392383193697186,0.196381207753741,0.45781093168274
NLD,Netherlands,2008,66.7762548091266,0.706825884168262,0.692175533207857,0.833767560554665,0.594534558742262,0.371300787985729
NOR,Norway,2008,76.4016413356638,0.792246183531207,0.836347947932291,0.840683268132782,0.699707334528546,0.264213356817931
NPL,Nepal,2008,39.0609101882503,0.332381240875282,0.470527288140854,0.303619761748888,0.222996672736105,0.551163037110277
NRU,Nauru,2008,50.8158080126911,0.555741685057679,,0.555741685057679,,0.539425524803857
NZL,New Zealand,2008,75.0682553181933,0.796712982932651,0.840037273186699,0.862850046363875,0.68725162924738,0.295347876568785
OMN,Oman,2008,50.133050717304,0.47375890014109,0.652010009568563,0.617426786434873,0.151839904419836,0.471097885795011
PAK,Pakistan,2008,37.2899930154418,0.29551837553856,0.374251939545387,0.256626330682408,0.255676856387883,0.549718515229723
PAN,Panama,2008,48.9602772254353,0.408645351406272,0.484546724107605,0.515015317103069,0.226374013008142,0.429439806897567
PER,Peru,2008,46.8219264743188,0.379922057931894,0.471136828835061,0.436554339086642,0.232075005873979,0.443483528445517
PHL,Philippines,2008,42.619763269194,0.320687666152681,0.373257425781156,0.364868627675398,0.223936945001489,0.468292400768801
PLW,Palau,2008,47.8796382718093,0.473112000525754,0.490770455406345,0.563682304083284,0.364883242087633,0.515519235089568
PNG,Papua New Guinea,2008,37.6855335140862,0.31012846408307,0.431965818959997,0.351106375413765,0.147313197875446,0.556417793801346
POL,Poland,2008,58.9198703728474,0.495353853759843,0.401777514052189,0.636805800284663,0.447478246942676,0.316956446302895
PRK,"Korea, Democratic People's Repub",2008,42.5011518336734,0.373512570724894,,0.251398852243166,0.495626289206621,0.523489534051425
PRT,Portugal,2008,58.2313036159398,0.547445167768604,0.589002750441106,0.71076794161798,0.342564811246726,0.382819095449808
PRY,Paraguay,2008,46.8108633751416,0.338975542436952,0.438510361150425,0.369794254442463,0.208622011717967,0.40275827493412
QAT,Qatar,2008,53.9933756362839,0.501236611767032,0.664457472166044,0.67278573780953,0.166466625325521,0.421369099041353
ROU,Romania,2008,53.2229183407169,0.479469542322478,0.486247021833549,0.520313349648702,0.431848255485183,0.41501117550814
RUS,Russian Federation,2008,56.9972329975692,0.458719946080977,0.416887707050677,0.35446320341522,0.604808927777035,0.318775286129594
RWA,Rwanda,2008,34.4744509081023,0.321123550828158,0.35259720435647,0.447517857706095,0.163255590421907,0.631634532666111
SAU,Saudi Arabia,2008,48.318278156408,0.433922133486901,0.631643100959135,0.478876038985751,0.191247260515816,0.46755657035874
SDN,Sudan,2008,31.7404258610467,0.265058266798332,0.384549969168561,0.182012605861029,0.228612225365408,0.630249749577399
SEN,Senegal,2008,38.2673459771581,0.305168038173968,0.208938087058737,0.448280852923244,0.258285174539922,0.539821118630806
SGP,Singapore,2008,69.3700428620278,0.78954990102937,0.874588606221461,0.853429737948443,0.640631358918205,0.402149043788813
SLB,Solomon Islands,2008,37.5133586286184,0.394182891598321,0.382913833620954,0.405451949575687,,0.643915719025952
SLE,Sierra Leone,2008,31.9378187502549,0.246658814998205,0.125815985022464,0.34537135300892,0.268789106963229,0.607902439993106
SLV,El Salvador,2008,45.654913008276,0.371882038632703,0.442809227099041,0.466984562859316,0.205852325939752,0.458783778467183
SMR,San Marino,2008,,0.64780214709135,0.568053799213903,0.724808265470263,0.650544376589885,
SOM,Somalia,2008,28.0594661226113,0.222719334629757,0.394377476150593,0.0510611931089209,,0.66153001217753
SRB,Serbia,2008,46.4304180163922,0.403094940267465,0.359270070903574,0.437084248479829,0.412930501418992,0.474486579939621
STP,Sao Tome and Principe,2008,39.7790898042166,0.332777305286504,0.27061168947932,0.448232794280187,0.279487432100005,0.537195509202172
SUR,Suriname,2008,45.7966605408676,0.348533253923903,0.347047175930274,0.488968416576053,0.209584169265382,0.432600043106552
SVK,Slovakia,2008,58.2925763180573,0.53922063161391,0.543511765999796,0.645712000205784,0.42843812863615,0.373369105252765
SVN,Slovenia,2008,62.3833952057642,0.604160639476241,0.476943505974607,0.694917409775244,0.640621002678871,0.356492735360956
SWE,Sweden,2008,72.5418578624606,0.772150978311413,0.751718034705086,0.859113190703439,0.705621709525713,0.3213138210622
SWZ,Swaziland,2008,40.7711056546921,0.341940495155746,0.357409367731785,0.46177905236299,0.206633065372463,0.526518382061903
SYC,Seychelles,2008,47.9139164739536,0.434990448437591,0.540945278866295,0.552585238577424,0.211440827869054,0.476712118958519
SYR,Syrian Arab Republic,2008,41.7665632180236,0.321472148944026,0.372198749838586,0.33137325294934,0.260844444044153,0.486140884583554
TCD,Chad,2008,27.2424323304124,0.184235309486363,0.137236852766545,0.197696251996397,0.217772823696148,0.639386662878116
TGO,Togo,2008,37.9084283041429,0.280295210053026,0.265497047263271,0.339475830295252,0.235912752600555,0.522126643970168
THA,Thailand,2008,49.4365329559347,0.433807596831135,0.582297802804835,0.427739873858189,0.291385113830381,0.445076937712441
TJK,Tajikistan,2008,43.520261809105,0.273340043729252,0.273902292625488,0.291705256492087,0.25441258207018,0.402934807547151
TKM,Turkmenistan,2008,39.378152716996,0.237942076582048,,0.275533403294293,0.200350749869804,0.450379022242128
TLS,Timor-Leste,2008,37.3534937102668,0.344892660772674,0.363194657478553,0.334012178974553,0.337471145864915,0.597822786567338
TON,Tonga,2008,39.3187481170462,0.401891988800408,0.571101502684935,0.448037638804583,0.186536824911707,0.615517026459484
TTO,Trinidad and Tobago,2008,48.5296068234996,0.374404495078931,0.433505711240098,0.526660961194853,0.163046812801842,0.403812358608939
TUN,Tunisia,2008,51.3723972871827,0.449272207664311,0.58813656103355,0.488211137983052,0.271468923976331,0.421824261920657
TUR,Turkey,2008,51.7210839023792,0.436506741553514,0.501485539188713,0.498823412454627,0.309211273017203,0.40208506350593
TUV,Tuvalu,2008,42.0821778802632,0.387674417192251,,0.572385124510322,0.20296370987418,0.546030859586987
TZA,"Tanzania, United Republic of",2008,39.4756662977384,0.318742149298903,0.330268766295009,0.431799898958219,0.194157782643482,0.529228823344136
UGA,Uganda,2008,37.3095515603887,0.300061979703657,0.314452789334808,0.406602735600036,0.179130414176125,0.553870948495882
UKR,Ukraine,2008,46.2475584642709,0.336491004401648,0.167713887476873,0.385876868024002,0.455882257704069,0.411539835116231
URY,Uruguay,2008,52.2622824582589,0.457100243822412,0.407487947924229,0.681313629487587,0.28249915405542,0.411854594657235
USA,United States,2008,70.4140479218082,0.728174917165264,0.811292617291485,0.757295621288774,0.615936512915534,0.3198939587291
UZB,Uzbekistan,2008,43.1722119298715,0.267431662660396,0.300208785743876,0.266759768244498,0.235326433992815,0.403987424062967
VCT,Saint Vincent and the Grenadines,2008,54.5577623551119,0.515740163464827,0.656794674867447,0.664433012003418,0.225992803523617,0.42458491636259
VEN,"Venezuela, Bolivarian Republic o",2008,42.8601359519725,0.245457260814961,0.23017576808846,0.21583600045061,0.290360013905814,0.388254541775512
VNM,Viet Nam,2008,44.0774066138115,0.38813059593815,0.46853826061239,0.437270528065316,0.258582999136744,0.50658246366192
VUT,Vanuatu,2008,41.728640490943,0.390919883061435,0.459106420396774,0.567487203094676,0.146166025692854,0.556347073242575
WSM,Samoa,2008,45.1814028252292,0.425259192175071,0.551981173540351,0.604572459295694,0.119223943689167,0.521631135670487
YEM,Yemen,2008,36.1160340052652,0.31547009316667,0.428886034399796,0.29115630003578,0.226367945064433,0.593149413061366
ZAF,South Africa,2008,45.9351915962428,0.378721084707089,0.420544951215917,0.545583051584967,0.170035251320382,0.460017252782233
ZMB,Zambia,2008,41.4232885262981,0.340498810907815,0.425870412017932,0.458185386589536,0.137440634115979,0.512033040381854
ZWE,Zimbabwe,2008,33.4440938171377,0.183132293960875,0.294081297712641,0.155976038682574,0.0993395454874086,0.514250417618122
AFG,Afghanistan,2009,30.8430888890732,0.24876321419345,0.27771994223657,0.141148730720707,0.327420969623073,0.631901436411985
AGO,Angola,2009,34.5520520524307,0.213660353501859,0.173268498915807,0.295628199735957,0.172084361853811,0.522619312453244
ALB,Albania,2009,44.8718576305071,0.380744838353126,0.373449912316169,0.454665128470508,0.3141194742727,0.483307685742984
AND,Andorra,2009,56.3194028555916,0.516693075391196,,0.781292711426957,0.252093439355436,0.390305018279364
ARE,United Arab Emirates,2009,53.6854731502281,0.530063332605713,0.669077149006346,0.64521535344078,0.275897495370013,0.45635386960115
ARG,Argentina,2009,48.1296643366863,0.370468135156979,0.406333028714154,0.404942010471148,0.300129366285636,0.407874848423253
ARM,Armenia,2009,52.3004491827723,0.44729275962468,0.505784405137327,0.464867788223556,0.371226085513157,0.401283775969234
ATG,Antigua and Barbuda,2009,50.7580240894375,0.506280506497582,0.57357174655093,0.661258259929292,0.284011513012524,0.491120024708832
AUS,Australia,2009,69.896649375776,0.725500413210505,0.74825327707486,0.828038782333534,0.600209180223121,0.327567425694986
AUT,Austria,2009,69.0628469579893,0.711958260785437,0.651528793231032,0.827725562798097,0.656620426327183,0.330701321625651
AZE,Azerbaijan,2009,47.4592184419072,0.388084610798994,0.493080293826497,0.368109315276141,0.303064223294345,0.43890024196085
BDI,Burundi,2009,30.9986949029608,0.240789843562375,0.211280006568057,0.279215717500117,0.23187380661895,0.620815945503158
BEL,Belgium,2009,60.7321335436017,0.610211414694594,0.595194400650678,0.751930938436701,0.483508904996403,0.395568743822561
BEN,Benin,2009,35.6039256833867,0.305640861917515,0.196041489212893,0.457220862901831,0.26366023363782,0.593562348249781
BFA,Burkina Faso,2009,37.6447850640781,0.299780892481689,0.2470825020804,0.460592024687008,0.191668150677659,0.546885191200127
BGD,Bangladesh,2009,34.3975310261889,0.263061267659304,0.238452689094002,0.304844273729884,0.245886840154027,0.575110647135526
BGR,Bulgaria,2009,53.9476306569085,0.45806715329825,0.492085780062264,0.522397222346138,0.359718457486347,0.37911454016008
BHR,Bahrain,2009,49.436037108126,0.481823677478697,0.67286271752826,0.546825467306006,0.225782847601825,0.493102935316178
BHS,Bahamas,2009,50.4518187251329,0.48435664754696,0.561477175934305,0.707637471863609,0.183955294842967,0.475320273044303
BIH,Bosnia and Herzegovina,2009,47.4274397115809,0.344233124840536,0.29180354038166,0.42350327604437,0.317392558095577,0.395684330608918
BLR,Belarus,2009,52.7959024747761,0.440788301971262,0.320740682811886,0.389404006882603,0.612220216219296,0.38487025247574
BLZ,Belize,2009,43.916671443497,0.376207276462563,0.444541605914153,0.500553492152289,0.183526731321247,0.497873847592624
BOL,"Bolivia, Plurinational State of",2009,41.2472518869612,0.298246207578859,0.353816285744884,0.361798036917932,0.17912430007376,0.473301169839634
BRA,Brazil,2009,49.7922079420092,0.376712318503072,0.372551641819443,0.503000705526318,0.254584608163457,0.380868159662889
BRB,Barbados,2009,54.3918506197902,0.532159374831788,0.522723220218436,0.727232420537197,0.346522483739732,0.444322362435984
BRN,Brunei Darussalam,2009,53.4088743848451,0.497851265519864,0.542292684611383,0.69597480945449,0.25528630249372,0.429673777822963
BTN,Bhutan,2009,43.8039709546961,0.429480470018927,0.523777313148267,0.55612421871605,0.208539878192463,0.553401050925005
BWA,Botswana,2009,45.5909458006589,0.424954186092276,0.43241495420836,0.68553414871435,0.156913455354119,0.513135270079098
CAF,Central African Republic,2009,28.4140611077729,0.169687546615099,0.0792984057277545,0.259060647647682,0.17070358646986,0.60140632445964
CAN,Canada,2009,69.5191630774581,0.700535601147588,0.691630154691989,0.836324899839085,0.573651748911691,0.310152339598426
CHE,Switzerland,2009,71.9878946271547,0.74677714209332,0.75033854787083,0.84989780331081,0.640095075098322,0.307019249550227
CHL,Chile,2009,58.8533651296697,0.547930022336933,0.583805613995766,0.758196619985351,0.301787833029684,0.37086271974354
CHN,China,2009,50.328069357026,0.414042973408075,0.399082702562012,0.414615545050818,0.428430672611396,0.407481586267555
CIV,Cote d'Ivoire,2009,36.1982163486505,0.223695921545364,0.190812271678384,0.305003868958716,0.175271623998992,0.499731594572354
CMR,Cameroon,2009,39.6780989526104,0.2806328255841,0.224914469464783,0.351462859495362,0.265521147792156,0.487070846531893
COD,"Congo, the Democratic Republic o",2009,30.0242556713748,0.181690106215613,0.164615770865717,0.208046982619439,0.172407565161682,0.581204992788117
COG,Congo,2009,34.0102668508258,0.238941341542141,0.177723187297528,0.303226709779249,0.235874127549646,0.558736004525626
COL,Colombia,2009,45.8116763260323,0.345337923116441,0.425998736374607,0.39576007453139,0.214254958443325,0.429104396595795
COM,Comoros,2009,37.9702968582445,0.290437216072415,0.402749112752729,0.306483083569778,0.162079451894738,0.531031278907526
CPV,Cape Verde,2009,46.9597783250735,0.416655547128488,0.399559335886805,0.631466488901,0.218940816597658,0.477459980627018
CRI,Costa Rica,2009,50.6716617577862,0.428703898130118,0.416278166356471,0.636479737928314,0.23335379010557,0.415270662974394
CUB,Cuba,2009,46.5688511050187,0.388157404532428,,0.445326141040016,0.330988668024841,0.456780382432055
CYP,Cyprus,2009,58.2297744281113,0.530398339112078,0.583677289639091,0.724806347695445,0.282711380001699,0.365802850549852
CZE,Czech Republic,2009,61.6397227447698,0.529529890561378,0.429463494004834,0.664351406425101,0.494774771254197,0.296735435665982
DEU,Germany,2009,70.7429378337384,0.725879865656329,0.72278089227486,0.791796267252955,0.663062437441173,0.311021108981561
DJI,Djibouti,2009,36.4623081492578,0.334372759058333,0.392249430569066,0.429144571071632,0.181724275534302,0.605126596073177
DMA,Dominica,2009,57.5688230350026,0.591073830195895,0.527663707950426,0.654483952441363,,0.439697369495842
DNK,Denmark,2009,73.4928634474695,0.796496031035512,0.807859940750428,0.878001427583222,0.703626724772886,0.326638762086121
DOM,Dominican Republic,2009,45.0627981676334,0.373391451041134,0.457726933562516,0.422453683216929,0.239993736343957,0.472135487688467
DZA,Algeria,2009,42.9621982486718,0.309765976471641,0.334567632243624,0.339454612709603,0.255275684461695,0.450522011498205
ECU,Ecuador,2009,41.2233319691638,0.312712099684327,0.396355809982667,0.322943340433743,0.21883714863657,0.488245460301051
EGY,Egypt,2009,43.4017772930613,0.359957272535991,0.335754632542868,0.437819752872439,0.306297432192667,0.491921726674765
ERI,Eritrea,2009,28.9724011355218,0.227721117192173,0.273624256519358,0.279869735439865,0.129669359617296,0.648273094481738
ESP,Spain,2009,60.6766572232206,0.54679047071763,0.529460248943877,0.66176805614773,0.449143107061282,0.333257326253217
EST,Estonia,2009,63.4904442774429,0.641597396620439,0.760636577494004,0.706219271290433,0.45793634107688,0.371788511071581
ETH,Ethiopia,2009,37.0825719281658,0.314043860436577,0.398826053848662,0.32237711534175,0.22092841211932,0.572392421873261
FIN,Finland,2009,73.8229034459515,0.790612208843345,0.775746770492492,0.881784997765785,0.714304858271757,0.314154139924314
FJI,Fiji,2009,46.2835051924091,0.428994866197485,0.546751956005842,0.39944312552333,0.340789517063284,0.503324762349303
FRA,France,2009,67.0944654970902,0.671407164000188,0.652106252836069,0.725115021487236,0.63700021767726,0.329517854058385
FSM,"Micronesia, Federated States of",2009,37.490610522407,0.384212678186247,0.424930894406561,0.563041475033386,0.164665665118796,0.634400467738107
GAB,Gabon,2009,42.475939853782,0.304313598459365,0.265176236371583,0.390586685762117,0.257177873244394,0.454794801383724
GBR,United Kingdom,2009,70.4225516547546,0.683343747117617,0.691277262711132,0.749256270137954,0.609497708503765,0.274892714022526
GEO,Georgia,2009,52.6154909540022,0.481923854192398,0.641262844697026,0.495657757194648,0.308850960685519,0.429614035112353
GHA,Ghana,2009,42.6954614223198,0.37480988403758,0.435206008966043,0.510885333770111,0.178338309376586,0.520900655591185
GIN,Guinea,2009,38.2692591345034,0.250689326419745,0.26578577706579,0.2133376187234,0.272944583470044,0.485304143729677
GMB,Gambia,2009,37.3508668240756,0.328588059956104,0.353848366834053,0.415754113216436,0.216161699817822,0.581570723474592
GNB,Guinea-Bissau,2009,30.4840355750764,0.260139889894739,0.209859272619154,0.299086401412642,0.271473995652423,0.650459178393211
GNQ,Equatorial Guinea,2009,40.8024592983408,0.270933290605399,0.376497615787201,0.307888660143277,0.128413595885719,0.454884104638582
GRC,Greece,2009,57.8100688380865,0.519975466835208,0.518488516448159,0.569821894152843,0.471615989904623,0.363774090073479
GRD,Grenada,2009,51.7297055877925,0.465124757671178,0.451329047779716,0.575003873090309,0.36904135214351,0.430530645915329
GTM,Guatemala,2009,40.8050832529931,0.30241981820185,0.367867802800803,0.374712858111466,0.164678793693281,0.486318153141988
GUY,Guyana,2009,39.3930200787543,0.320865029285203,0.365846694183171,0.409355661664809,0.18739273200763,0.533004627710117
HND,Honduras,2009,41.2115554536716,0.30647185707591,0.39680494523103,0.357591449114797,0.165019176881903,0.482240748002479
HRV,Croatia,2009,53.868312811455,0.490178049288452,0.483680534700048,0.562560170515484,0.424293442649825,0.412811793059352
HTI,Haiti,2009,35.0981109208914,0.251337479608053,0.322491393677953,0.281378026068699,0.150143019077507,0.549375261190225
HUN,Hungary,2009,57.818722284649,0.560856827709473,0.564428636137831,0.6413016304718,0.476840216518788,0.404482382016494
IDN,Indonesia,2009,43.9314990836755,0.330329214561579,0.328215576588209,0.405921649753153,0.256850417343374,0.451699232888068
IND,India,2009,39.5943507893231,0.313875330832657,0.244772663660249,0.43868338205154,0.25816994678618,0.521988315046195
IRL,Ireland,2009,64.6540355491202,0.619952281944381,0.676808691496019,0.788304284492468,0.394743869844656,0.326871570961977
IRN,"Iran, Islamic Republic of",2009,46.8603586566952,0.36042337680256,0.370498452112642,0.259853207081477,0.45091847121356,0.423216203668655
IRQ,Iraq,2009,38.650230061527,0.281043765906221,0.375910990156686,0.198617788189006,0.268602519372972,0.508039164675681
ISL,Iceland,2009,73.2267957129565,0.787857074609457,0.821462322557983,0.839097280507272,0.703011620763116,0.323321160350327
ISR,Israel,2009,59.050843529187,0.556711395620374,0.547521902145892,0.579141595048352,0.543470689666878,0.375694525036635
ITA,Italy,2009,58.5545442005781,0.5358546018626,0.487209454508613,0.597117221264789,0.5232371298144,0.364763717851037
JAM,Jamaica,2009,45.6270807528213,0.364231042850865,0.39603499909098,0.467645240519388,0.229012888942227,0.45168942779444
JOR,Jordan,2009,48.986203867902,0.42177518481013,0.444862416805842,0.504975314204224,0.315487823420322,0.44205110745209
JPN,Japan,2009,66.628302299737,0.688852993393764,0.685534747749923,0.742673387394941,0.638350845036428,0.356286947399023
KAZ,Kazakhstan,2009,54.1366098997193,0.44404008223993,0.463244880899544,0.422777382126347,0.446097983693898,0.361307884245543
KEN,Kenya,2009,37.8703883775984,0.27977858410114,0.37107591171768,0.303789852255839,0.1644699883299,0.522370816549172
KGZ,Kyrgyzstan,2009,46.9041225470558,0.329933688073245,0.370723019736823,0.312749082429097,0.306328962053815,0.391851237132128
KHM,Cambodia,2009,38.2971062080686,0.29181645567358,0.319297033799292,0.327447995095366,0.228704338126083,0.525874331512209
KIR,Kiribati,2009,38.0546239311377,0.386146015028394,0.468451183370361,0.53949553276758,0.150491328947242,0.62505353640564
KNA,Saint Kitts and Nevis,2009,54.0032247941426,0.562438324168006,0.593512434975687,0.715470089984982,0.37833244754335,0.482373828285155
KOR,"Korea, Republic of",2009,67.3951635066084,0.716428843948487,0.748862817769066,0.637888317838945,0.762535396237452,0.368525573816319
KWT,Kuwait,2009,48.6946265910267,0.425791797818108,0.491347915011383,0.566078096009312,0.21994938243363,0.451899265997575
LAO,Lao People's Democratic Republic,2009,38.3618513638401,0.29759198096014,0.323737973142796,0.330331547745733,0.238706421991892,0.530354953683337
LBN,Lebanon,2009,43.1885054620652,0.338235288135353,0.429944710342365,0.34978956207756,0.234971591986133,0.474465178894048
LBR,Liberia,2009,33.7102671994849,0.278506896010182,0.24133998711919,0.332136421210035,0.262044279701321,0.604301552020485
LBY,Libyan Arab Jamahiriya,2009,40.2376915680386,0.290422548137384,0.301042894062264,0.345416425863735,0.224808324486153,0.485668716776612
LCA,Saint Lucia,2009,57.1954127999417,0.501435886820836,0.558942769889972,0.685543675001267,0.25982121557127,0.357527630822003
LIE,Liechtenstein,2009,,0.634513495581844,0.609306024758481,0.841874891372153,0.452359570614898,
LKA,Sri Lanka,2009,45.0154505479609,0.358593997591891,0.394623431167553,0.427610686851445,0.253547874756675,0.458284986632674
LSO,Lesotho,2009,39.0186122947235,0.310788511273047,0.296904433559493,0.505766125852277,0.129694974407372,0.530416265378577
LTU,Lithuania,2009,59.7389835282027,0.581060175756149,0.707606537098034,0.613861002839958,0.421712987330456,0.386280505192095
LUX,Luxembourg,2009,65.6685789651514,0.653529712662408,0.6622438770134,0.851968379651887,0.446376881321938,0.34015813335938
LVA,Latvia,2009,58.989279212503,0.579034590644124,0.615501730094507,0.620235647393815,0.501366394444052,0.399249006394064
MAR,Morocco,2009,45.1838608904524,0.390491307427002,0.487434022132794,0.442663432048298,0.241376468099913,0.486814089617955
MCO,Monaco,2009,61.651630260929,0.644484154066093,,0.774369162677722,0.514599145454464,0.411451548847513
MDA,"Moldova, Republic of",2009,45.7758467381657,0.389955975078349,0.40046218939627,0.417364535408486,0.352041200430292,0.474439040315034
MDG,Madagascar,2009,36.4862832360289,0.288628156346987,0.280126023924228,0.39501507639859,0.190743368718142,0.558902491626408
MDV,Maldives,2009,44.6917694635032,0.450543414154211,0.603150510764532,0.446869355322088,0.301610376376014,0.556708024884147
MEX,Mexico,2009,47.7435921984065,0.363600759812124,0.416342328534808,0.441398567473832,0.233061383427731,0.408728915843993
MHL,Marshall Islands,2009,44.6530388575564,0.418896517957644,0.537416359057731,0.550305786106613,0.16896740870859,0.525835740806517
MKD,Macedonia,2009,50.5752183330643,0.418061299960324,0.475082802802818,0.479353620573804,0.299747476504351,0.406556933299039
MLI,Mali,2009,36.210076033408,0.326913858427016,0.248846961984682,0.44841695910269,0.283477654193675,0.602712337758855
MLT,Malta,2009,57.4167831915885,0.526764656866351,0.536806818363525,0.743722797371939,0.29976435486359,0.378428993034581
MMR,Myanmar,2009,32.2613653132338,0.179659652285677,0.205729978141861,0.178122072356557,0.155126906358611,0.534432346021
MNE,Montenegro,2009,49.6383950706319,0.443639711471898,0.445407795321711,0.521090510456262,0.36442082863772,0.45087181005926
MNG,Mongolia,2009,48.3177941457111,0.399978399958881,0.404440244453196,0.474515974386643,0.320978981036804,0.43362251704466
MOZ,Mozambique,2009,39.1532325018065,0.295501984949864,0.283815349178637,0.436923819856604,0.165766785814351,0.512437334913734
MRT,Mauritania,2009,34.3902601005209,0.325835325342203,0.370264718462983,0.36066530314959,0.246575954414036,0.638030123331784
MUS,Mauritius,2009,51.5231313993045,0.520327037566122,0.634429572704079,0.643938392232841,0.282613147761447,0.489864409580033
MWI,Malawi,2009,35.235332649064,0.301247031883352,0.295139973655211,0.440628130620382,0.167972991374462,0.596540378902071
MYS,Malaysia,2009,53.4753182605813,0.4665654973517,0.569882421296522,0.53008065557971,0.299733415178868,0.397059132140073
NAM,Namibia,2009,42.0718766242499,0.397829759229913,0.429335169648159,0.606218538109695,0.157935569931886,0.556392226744915
NER,Niger,2009,35.2699564088606,0.294250005204469,0.217792467669316,0.369362496578409,0.295595051365683,0.588850877027258
NGA,Nigeria,2009,36.9039100731894,0.237349781462182,0.236784472457226,0.290286561429902,0.184978310499419,0.499271579998394
NIC,Nicaragua,2009,42.3866347317995,0.303396755388706,0.335241335116168,0.383191385771252,0.191757545278699,0.455664060752717
NLD,Netherlands,2009,66.6471043435492,0.704400001496597,0.6760066642668,0.828773891470176,0.608419448752816,0.371457914625613
NOR,Norway,2009,76.2180127350169,0.78710954538401,0.819216646316171,0.843682677960244,0.698429311875615,0.262749290683672
NPL,Nepal,2009,39.184539274162,0.332469679957594,0.45686074415496,0.312065170289985,0.228483125427837,0.548778894474354
NRU,Nauru,2009,52.0760377364028,0.581698153710196,,0.581698153710196,,0.54017739898214
NZL,New Zealand,2009,75.1410939184103,0.799440253056605,0.83612338030811,0.864451507136245,0.69774587172546,0.2966183746884
OMN,Oman,2009,50.5649997752716,0.480972943016459,0.66455371543355,0.617692843872997,0.160672269742831,0.469672947511028
PAK,Pakistan,2009,37.5729807056339,0.297548702695669,0.373449912316169,0.261142416260962,0.258053779509875,0.546089088582992
PAN,Panama,2009,49.0680057046522,0.407333217725612,0.478643803700552,0.504969357191402,0.238386492284881,0.425973103632568
PER,Peru,2009,46.3894468469698,0.371611132180775,0.444220795022466,0.42727619447079,0.243336407049068,0.443822195241379
PHL,Philippines,2009,42.4890520225197,0.314975799172207,0.365878775272339,0.351603271977056,0.227445350267226,0.465194758721814
PLW,Palau,2009,48.352324913452,0.480116653536512,0.473607072701056,0.589638772735801,0.37710411517268,0.513070155267472
PNG,Papua New Guinea,2009,37.2834447356434,0.304038236891086,0.420448707948411,0.343193440510901,0.148472562213946,0.558369342178218
POL,Poland,2009,59.2675350337559,0.501792854349183,0.387373105015413,0.648203337812051,0.469802120220084,0.316442153674066
PRK,"Korea, Democratic People's Repub",2009,42.4591613640512,0.370225914017893,,0.244784398924983,0.495667429110803,0.521042686736868
PRT,Portugal,2009,58.4011573312248,0.550528479947815,0.572801800410879,0.699791295452341,0.378992343980226,0.382505333323319
PRY,Paraguay,2009,46.7057083848158,0.336995201528044,0.425613763304582,0.371628559255141,0.213743282024409,0.402881033831728
QAT,Qatar,2009,54.7589093445973,0.516841755979851,0.655731415912139,0.721304873097908,0.173488978929505,0.421663569087905
ROU,Romania,2009,53.7737766080698,0.486181175975478,0.478868371324733,0.523794985730409,0.455880170871291,0.410705643814082
RUS,Russian Federation,2009,55.8883494384734,0.437506518679555,0.406910488319191,0.340841940375595,0.564767127343879,0.319739529910086
RWA,Rwanda,2009,35.3865311603441,0.339441410647574,0.402194568211382,0.446074250228139,0.170055413503201,0.631710787440692
SAU,Saudi Arabia,2009,48.2018049518541,0.429374965850285,0.635602823965107,0.453343504576978,0.199178569008771,0.465338866813203
SDN,Sudan,2009,31.7253312815556,0.264932961478411,0.380347346487453,0.184967866332982,0.229483671614799,0.6304263358473
SEN,Senegal,2009,39.913107681721,0.327852136678365,0.27826532075244,0.445333955231488,0.259957134051168,0.529589983043946
SGP,Singapore,2009,68.6441889480792,0.772192816840079,0.852933871032544,0.841351554951529,0.622293024536164,0.399309037878496
SLB,Solomon Islands,2009,37.3132962462434,0.396157690342816,0.378967859653196,0.413347521032435,,0.649891765417947
SLE,Sierra Leone,2009,32.7149071034478,0.265558972756428,0.164313292024984,0.360157157915489,0.27220646832881,0.611260830687471
SLV,El Salvador,2009,45.8320067819735,0.380870299069077,0.458464798613398,0.472163670139453,0.21198242845438,0.464230163429606
SMR,San Marino,2009,,0.656837857766948,0.568053799213903,0.751278634207211,0.651181139879731,
SOM,Somalia,2009,28.557445319908,0.231731722521924,0.394377476150593,0.069085968893255,,0.660582816123763
SRB,Serbia,2009,46.2925317180099,0.397453465128319,0.352500961088964,0.43793488040775,0.401924553888243,0.471602830768121
STP,Sao Tome and Principe,2009,39.6738953964037,0.334616132371766,0.267971874142004,0.447481104031904,0.288395418941392,0.541138224443693
SUR,Suriname,2009,45.4082287678138,0.344000411381005,0.332674847982667,0.481085230399191,0.218241155761156,0.435835836024729
SVK,Slovakia,2009,58.1709983966849,0.533541412610885,0.535491493707605,0.621874906894191,0.44325783723086,0.370121444677187
SVN,Slovenia,2009,63.5580304522663,0.627794832525652,0.506361864742366,0.69700876844322,0.68001386439137,0.356634223480326
SWE,Sweden,2009,72.235827484897,0.767204432637672,0.741869140330276,0.85439135033609,0.70535280724665,0.322487882939733
SWZ,Swaziland,2009,40.5989751851593,0.338204873743098,0.338064470963019,0.46710327954152,0.209446870724755,0.526225370039911
SYC,Seychelles,2009,48.4878234503568,0.438830955192524,0.531962573899041,0.57050933082126,0.21402096085727,0.469074486185388
SYR,Syrian Arab Republic,2009,42.58933088494,0.341258047399525,0.415989436553952,0.340912876713775,0.266871828930847,0.489471429700724
TCD,Chad,2009,27.6082965238687,0.193281305427595,0.126842579875865,0.237904003768493,0.215097332638426,0.641115374950222
TGO,Togo,2009,37.4642865289417,0.275799586854217,0.255006531105084,0.338959561403528,0.233432668054039,0.526513856275383
THA,Thailand,2009,50.4293001355643,0.452603069843118,0.619608109508109,0.441258461044691,0.296942638976553,0.444017067131831
TJK,Tajikistan,2009,43.4146588277155,0.270327330539245,0.261486911117176,0.284849569784589,0.26464551071597,0.402034153984935
TKM,Turkmenistan,2009,39.4834231647226,0.238134695285294,,0.273796452623424,0.202472937947164,0.448466231990843
TLS,Timor-Leste,2009,38.0080225610276,0.354908465133346,0.394847998791736,0.326553749339631,0.343323647268672,0.594748013912793
TON,Tonga,2009,41.0512576020068,0.411111849265359,0.57097317832826,0.466562912871265,0.195799456596552,0.590086697225223
TTO,Trinidad and Tobago,2009,48.3432877038415,0.371795164901745,0.413455030509619,0.525594948810744,0.17633551538487,0.404929410824914
TUN,Tunisia,2009,51.6310730433578,0.452964930292936,0.588874426084431,0.48612298099459,0.283897383799785,0.42034346942578
TUR,Turkey,2009,51.9948635953909,0.440603467062165,0.493529429074859,0.501266633289091,0.327014338822543,0.400706195154347
TUV,Tuvalu,2009,41.3737248899793,0.393514247517406,,0.588016445913947,0.199012049120866,0.56603974971782
TZA,"Tanzania, United Republic of",2009,39.5251648533798,0.320492835800032,0.318077952410879,0.4452846413134,0.198115913675818,0.529989538732436
UGA,Uganda,2009,36.8733865016415,0.293453411101276,0.304347246246647,0.397282011632947,0.178730975424234,0.555985681068446
UKR,Ukraine,2009,45.8771921987125,0.326963157836709,0.159629453006344,0.36421764075523,0.457042379748552,0.409419313862458
URY,Uruguay,2009,52.6932160515676,0.465730378768204,0.434371900647655,0.677939710246309,0.28487952541065,0.411866057736852
USA,United States,2009,70.1273656242834,0.722279194551456,0.818318375819445,0.732862805580257,0.615656402254667,0.319731882065789
UZB,Uzbekistan,2009,43.0819795084764,0.262875215753468,0.294979568209367,0.25635171700374,0.237294362047297,0.40123562558394
VCT,Saint Vincent and the Grenadines,2009,54.9438314212923,0.522665346054144,0.648508587836428,0.676811090871713,0.242676359454291,0.423788717628297
VEN,"Venezuela, Bolivarian Republic o",2009,42.5724319481168,0.239183812283181,0.19976289555647,0.221411385156444,0.296377156136629,0.387735173320845
VNM,Viet Nam,2009,44.0845070696116,0.384735951522375,0.456315365639091,0.440931851191666,0.256960637736366,0.503045810130143
VUT,Vanuatu,2009,41.3506236831921,0.399057927701888,0.461833312976119,0.580741984968087,0.154598485161458,0.572045454038046
WSM,Samoa,2009,44.6585854165225,0.417269217511445,0.535427331529267,0.596105544129879,0.120274776875188,0.524097509180995
YEM,Yemen,2009,37.1196310690072,0.335450885214222,0.496737537991736,0.279666294430792,0.229948823220138,0.593058263834078
ZAF,South Africa,2009,46.0600591792908,0.380933605254779,0.432126224405841,0.539484677825275,0.17118991353322,0.459732421668962
ZMB,Zambia,2009,41.4916478532566,0.342017622052995,0.423143519438587,0.466057035723904,0.136852310996495,0.512184664987864
ZWE,Zimbabwe,2009,33.4424052553516,0.177150910796506,0.263379695378132,0.165520284366329,0.102552752645059,0.508302805689475
AFG,Afghanistan,2010,31.4221710286022,0.247012193127962,0.27771994223657,0.136059182730686,0.327257454416631,0.618568772555918
AGO,Angola,2010,34.5855695515272,0.216240691433006,0.171801934839521,0.30295040951212,0.173969729947376,0.524529300402461
ALB,Albania,2010,45.8381276216383,0.392029675083781,0.388078888977125,0.455655841883865,0.332354294390352,0.475267122651015
AND,Andorra,2010,56.5542355635054,0.520504886705294,,0.780940271310441,0.260069502100147,0.389420175435185
ARE,United Arab Emirates,2010,54.3110938562851,0.542793225658937,0.71812913434539,0.630599291982226,0.279651250649194,0.456571348533235
ARG,Argentina,2010,48.3654475458542,0.374824252309775,0.387758078085438,0.41726713375857,0.319447545085317,0.40751530139269
ARM,Armenia,2010,53.0181186346702,0.456961056154737,0.523974382696018,0.461078008073857,0.385830777694336,0.396598683461332
ATG,Antigua and Barbuda,2010,51.0857595659334,0.514746360180506,0.567412177430528,0.700130808524949,0.276696094586041,0.493031168861838
AUS,Australia,2010,69.8140071611425,0.723316703951027,0.754059954214408,0.820838747042044,0.59505141059663,0.327036560728177
AUT,Austria,2010,68.8797010155852,0.707630211675475,0.632633031710628,0.819408728230358,0.670848875085439,0.330036191363771
AZE,Azerbaijan,2010,47.4402581518733,0.388934960295979,0.49166872590307,0.357460549489418,0.31767560549545,0.440129797258514
BDI,Burundi,2010,30.3409923665105,0.226945616244686,0.201591517639089,0.245897598474907,0.233347732620063,0.620125768914477
BEL,Belgium,2010,60.4543912646201,0.606232687640549,0.590446399453701,0.744539531736296,0.48371213173165,0.397144862348147
BEN,Benin,2010,35.091190508838,0.302378049357208,0.188021216920701,0.449828445846265,0.269284485304657,0.600554239180448
BFA,Burkina Faso,2010,38.1270064890563,0.305870600611098,0.275089292924733,0.448750042690961,0.193772466217601,0.543330470829973
BGD,Bangladesh,2010,34.2305921418864,0.257484110312261,0.223727469165538,0.298698566325866,0.250026295445379,0.572872267474532
BGR,Bulgaria,2010,53.9497198990438,0.456454898019556,0.499304025125237,0.508961695434372,0.36109897349906,0.37746050003868
BHR,Bahrain,2010,48.9577634948442,0.472625630246465,0.653581982937832,0.524565596962431,0.239729310839132,0.493470360349581
BHS,Bahamas,2010,50.2411819429464,0.479239141352411,0.54550079352826,0.703476040661726,0.188740589867248,0.474415502493484
BIH,Bosnia and Herzegovina,2010,47.8480299585526,0.35159205053632,0.310603058634556,0.418540358523908,0.325632734450495,0.394631451365268
BLR,Belarus,2010,53.5802680195302,0.458114829545091,0.380475670844128,0.365727936815082,0.628140880976064,0.386509469154487
BLZ,Belize,2010,43.587882402533,0.370402038573727,0.425581682215413,0.501364876806245,0.184259556699524,0.498644390523068
BOL,"Bolivia, Plurinational State of",2010,41.7966530638681,0.306095863874231,0.347015094841105,0.37752211852245,0.193750378259137,0.470162802596868
BRA,Brazil,2010,49.8926320752342,0.377323789119756,0.372294993106092,0.502528765348965,0.257147608904211,0.379471147615072
BRB,Barbados,2010,54.2208550506807,0.528213576643147,0.522723220218436,0.722477484286314,0.33944002542469,0.443796475629533
BRN,Brunei Darussalam,2010,53.7174637331544,0.496500690809101,0.541105684312139,0.692055369042572,0.256341019072592,0.422151416146014
BTN,Bhutan,2010,43.442224834743,0.424749043334885,0.508635039060609,0.550347309827484,0.215264781116562,0.555904546640025
BWA,Botswana,2010,45.9475605691676,0.425617393272013,0.430842980839091,0.692831259593741,0.153177939383207,0.506666181888661
CAF,Central African Republic,2010,28.9164351485918,0.164468833056559,0.0684870786778795,0.25321627958768,0.171703140904118,0.586140130084722
CAN,Canada,2010,68.7782972382412,0.684767800712529,0.687202964386698,0.816290621342585,0.550809816408306,0.309201855947706
CHE,Switzerland,2010,71.9184877844032,0.744544161226603,0.736383274082417,0.851430985537213,0.64581822406018,0.306174405538539
CHL,Chile,2010,58.8304544863131,0.54694679367886,0.566417663666295,0.759918673762465,0.31450404360782,0.370337703952598
CHN,China,2010,51.0313344877374,0.425440085191476,0.397382404836067,0.400805659409823,0.478132191328538,0.404813395436727
CIV,Cote d'Ivoire,2010,35.4052320051366,0.20217743735709,0.176311619374102,0.255450357976845,0.174770334720321,0.494072797254358
CMR,Cameroon,2010,39.2986395133181,0.269587078481002,0.202746436849165,0.335222708928903,0.270792089664937,0.48361428821464
COD,"Congo, the Democratic Republic o",2010,29.5084087792644,0.170461283900963,0.155009776166042,0.182565170722275,0.173808904814572,0.580293108315676
COG,Congo,2010,34.4746200420703,0.236498679956113,0.169542509559493,0.299073420434141,0.240880109874705,0.547006279114707
COL,Colombia,2010,46.8512725863291,0.363982390592334,0.461384177727755,0.406387643597893,0.224175350451353,0.426956938865752
COM,Comoros,2010,39.3204693291574,0.290821120371244,0.3892933873528,0.316067008679886,0.167102965081046,0.504411733788095
CPV,Cape Verde,2010,47.3440905819809,0.422658289452244,0.417414753515593,0.620756802427023,0.229803312414116,0.475776477812626
CRI,Costa Rica,2010,51.9993712361413,0.435924448266222,0.414192895560502,0.64075783065954,0.252822618578623,0.395937023543395
CUB,Cuba,2010,45.3574394013601,0.36127765519164,,0.430061866129898,0.292493444253382,0.454128867164439
CYP,Cyprus,2010,58.1821108093505,0.529404875756708,0.575464530811887,0.727531320515402,0.285218775942834,0.365762659569698
CZE,Czech Republic,2010,61.9122724006686,0.534415013083349,0.430875061928259,0.662918110507522,0.509451866814265,0.296169565069976
DEU,Germany,2010,70.6545762270846,0.721142712458584,0.710525916212392,0.786734069578191,0.666168151585169,0.308051187916892
DJI,Djibouti,2010,36.2462626519122,0.324650892034576,0.374829399150425,0.415126232142012,0.183997044811291,0.599725638996331
DMA,Dominica,2010,57.7065912416375,0.593382237786731,0.513548028716169,0.673216446857293,,0.439250412953982
DNK,Denmark,2010,73.1662160645137,0.789553663622013,0.79842810053481,0.867787790057625,0.702445100273605,0.326229342331739
DOM,Dominican Republic,2010,45.0614643520292,0.371495688064768,0.444349119379141,0.421043324376038,0.249094620439126,0.470266401024184
DZA,Algeria,2010,42.9802762794925,0.308922876452212,0.331487847683423,0.338552165127023,0.256728616546189,0.449317350862362
ECU,Ecuador,2010,41.3438690518146,0.309799709480138,0.384678293525236,0.321092645611526,0.223628189303653,0.482922328443846
EGY,Egypt,2010,43.3522892702631,0.35584349236821,0.352372636732289,0.40515851169536,0.309999328676981,0.488797706962949
ERI,Eritrea,2010,28.5559978244922,0.219546626446636,0.266480867331114,0.259947612079759,0.132211399929035,0.648426669956791
ESP,Spain,2010,60.639858006938,0.542725579417329,0.515152083174608,0.66259130394831,0.450433351129069,0.32992841927857
EST,Estonia,2010,63.7583487835027,0.644869966266355,0.759192928481409,0.714712082159621,0.460704888158035,0.3697029905963
ETH,Ethiopia,2010,37.1581168346048,0.313590531787425,0.404247757918184,0.31721657034814,0.219307267095952,0.57042819509533
FIN,Finland,2010,73.832771792944,0.788968907616422,0.773276526626497,0.876208149518883,0.717422046703885,0.312313471757543
FJI,Fiji,2010,46.4687116085303,0.428309575851909,0.529941465281408,0.398275747301862,0.356711514972455,0.498935343681303
FRA,France,2010,67.4352170010624,0.676745994048046,0.646556224409873,0.738015843837569,0.645665913896698,0.328041654026799
FSM,"Micronesia, Federated States of",2010,37.1402495517868,0.375140167952126,0.405095615274787,0.551487276837479,0.168837611744113,0.632335176916389
GAB,Gabon,2010,43.0771584526028,0.313116563152142,0.270694183708611,0.408728749484182,0.259926756263633,0.451573394100086
GBR,United Kingdom,2010,71.1686287921872,0.699357851949472,0.722107189402316,0.762212121121494,0.613754245324608,0.275985276105729
GEO,Georgia,2010,53.9899063950616,0.506255196926982,0.706162888085439,0.516548115743079,0.296054586952427,0.42645706902575
GHA,Ghana,2010,42.6811706156731,0.371205277041785,0.425998736374607,0.505463040755235,0.182154053995514,0.517581864728322
GIN,Guinea,2010,38.4647004440132,0.255934148011158,0.253659125359997,0.232208254430302,0.281935064243175,0.486640139130893
GMB,Gambia,2010,37.1418968949987,0.325773539883009,0.351217717522214,0.408413121683194,0.21768978044362,0.582935601983035
GNB,Guinea-Bissau,2010,30.3075447923039,0.258193171699669,0.204286329129266,0.29788774464041,0.27240544132933,0.65204227585359
GNQ,Equatorial Guinea,2010,40.7636437774066,0.268179430396949,0.365755033928403,0.301717312170385,0.137065945092058,0.452906554848817
GRC,Greece,2010,57.5594775156787,0.510044294180362,0.502030917704582,0.545054736024149,0.483047228812354,0.358854743866788
GRD,Grenada,2010,52.4252551621041,0.476647094561755,0.446709370939415,0.586850090416942,0.396381822328907,0.428141991319673
GTM,Guatemala,2010,41.2724407100512,0.306448389132097,0.379673643614909,0.369462368102818,0.170209155678565,0.480999574931073
GUY,Guyana,2010,39.9508147588589,0.32684626766097,0.374059453010375,0.413286549048759,0.193192800923777,0.527829972483792
HND,Honduras,2010,41.0905440415693,0.300346293189753,0.386763564321207,0.351201442305693,0.163073872942358,0.478535412358366
HRV,Croatia,2010,54.0882515180775,0.49485604338688,0.477200154687957,0.566601185076341,0.440766790396342,0.413091013025331
HTI,Haiti,2010,34.6167041108143,0.240407924086609,0.316735129678529,0.253926413828092,0.150562228753208,0.548073841870324
HUN,Hungary,2010,57.3985284134192,0.543087403613336,0.543768414713146,0.624491417992218,0.461002378134644,0.395116835344953
IDN,Indonesia,2010,43.9395933382002,0.32815527167575,0.336492497593749,0.39085211336273,0.25712120407077,0.449363404911747
IND,India,2010,39.5674031093913,0.310592384592249,0.235052093642112,0.430537144017895,0.266187916116741,0.519244322404424
IRL,Ireland,2010,64.5869860259107,0.616387842214073,0.666542742962014,0.780358456324483,0.402262327355723,0.32464812169586
IRN,"Iran, Islamic Republic of",2010,47.1356997690948,0.366380366955994,0.408578704955966,0.247716376218147,0.442846019693869,0.423666371574098
IRQ,Iraq,2010,38.9207758579001,0.285969790525927,0.382987161824769,0.206893458463734,0.268028751289278,0.507554273367924
ISL,Iceland,2010,71.7896634817765,0.75710285906287,0.796471154095516,0.784451453699862,0.690385969393231,0.321309589427339
ISR,Israel,2010,59.3438709225069,0.561756091600428,0.533309979644129,0.597542435149924,0.55441586000723,0.37487867315029
ITA,Italy,2010,58.2078229607545,0.529180018959825,0.467319179223978,0.597142018375493,0.523078859280003,0.365023559744735
JAM,Jamaica,2010,45.5781096020939,0.362099770228834,0.388239294422969,0.463896324223349,0.234163692040186,0.450537578186956
JOR,Jordan,2010,48.8083527437258,0.416392961423144,0.449931228894506,0.4944065996826,0.304841055692326,0.440225906548628
JPN,Japan,2010,66.6133858250624,0.686204704619071,0.669141311184684,0.750319286259672,0.639153516412857,0.353936988117822
KAZ,Kazakhstan,2010,54.5066853017315,0.447555038688935,0.466228422192239,0.410648316227025,0.465788377647541,0.357421332654306
KEN,Kenya,2010,37.7256486048468,0.274871018166941,0.324397926977125,0.331892999796241,0.168322127727457,0.520358046070005
KGZ,Kyrgyzstan,2010,48.1212523306657,0.348158531417799,0.425613763304582,0.31542218204372,0.303439648905095,0.385733484804485
KHM,Cambodia,2010,38.7847135961593,0.297654882663437,0.313522437748913,0.33659414096843,0.24284806927297,0.52196061074025
KIR,Kiribati,2010,39.6666370016042,0.382720803973605,0.456132045129555,0.54124291756802,0.150787449223241,0.589388063941521
KNA,Saint Kitts and Nevis,2010,55.1720157883539,0.582310677375035,0.582916509524517,0.73491080913414,0.42910471346645,0.478870361607958
KOR,"Korea, Republic of",2010,68.0038311631957,0.727856914940108,0.781874258523727,0.635898017621454,0.765798468675143,0.367780291676194
KWT,Kuwait,2010,49.2797524004834,0.432564864563403,0.488877671145388,0.573444198288646,0.235372724256174,0.446969816553735
LAO,Lao People's Democratic Republic,2010,39.0159337591565,0.298423747960825,0.321794775741717,0.334040008024631,0.239436460116125,0.518105072777695
LBN,Lebanon,2010,43.6375296781936,0.338380824442968,0.41188305714035,0.351404227778673,0.251855188409881,0.465630230879096
LBR,Liberia,2010,34.3846044406892,0.290776044072913,0.241532473654202,0.368748754163289,0.262046904401249,0.603083955259129
LBY,Libyan Arab Jamahiriya,2010,39.400881772617,0.274607780505285,0.301042894062264,0.294164070826282,0.228616376627308,0.486590145052944
LCA,Saint Lucia,2010,57.3741198051555,0.499912816155638,0.548837226801812,0.696872268379197,0.254028953285905,0.352430420052529
LIE,Liechtenstein,2010,,0.636365534783003,0.609306024758481,0.841667458008143,0.458123121582385,
LKA,Sri Lanka,2010,44.6691552444644,0.358144611074211,0.380186941041609,0.438318134590814,0.255928757590208,0.464761506184923
LSO,Lesotho,2010,39.5869134213618,0.311495850504459,0.301074975151433,0.500500322382775,0.132912253979169,0.519757582077223
LTU,Lithuania,2010,59.7757209356441,0.585436195613686,0.694677858163021,0.636727213915804,0.424903514762234,0.389921776900804
LUX,Luxembourg,2010,66.8787874140358,0.676535789795035,0.657014659478891,0.856395619495902,0.516197090410312,0.338960041514318
LVA,Latvia,2010,58.4510613921391,0.559983608009393,0.597889212140854,0.627679100552044,0.45438251133528,0.390962380166611
MAR,Morocco,2010,45.5897571539258,0.391691910880949,0.476751019439595,0.448113032318552,0.250211680884701,0.479896767802433
MCO,Monaco,2010,65.1444806743809,0.716356062799459,,0.773793144797163,0.658918980801755,0.41346644931184
MDA,"Moldova, Republic of",2010,47.259577979623,0.4134829365346,0.438061225902063,0.434426581499838,0.3679610022019,0.46829137694214
MDG,Madagascar,2010,36.1973730797659,0.273804048254258,0.279420239962515,0.351855513191949,0.190136391608309,0.549856586658939
MDV,Maldives,2010,44.594199366304,0.44678576714823,0.590157669651182,0.446912621582708,0.303287010210801,0.554901779822151
MEX,Mexico,2010,47.8637944195293,0.363842182589819,0.426030817463776,0.424198037906473,0.24129769239921,0.406566294199234
MHL,Marshall Islands,2010,44.4016393032779,0.411274336610785,0.518167705556472,0.5426268822751,0.173028422000782,0.523241550545227
MKD,Macedonia,2010,50.4600921456935,0.411407378941802,0.504212431768058,0.439033387117271,0.290976317940076,0.402205536027931
MLI,Mali,2010,36.3651519884771,0.331043041342387,0.277687861147403,0.419399788537879,0.296041474341879,0.603740001572845
MLT,Malta,2010,57.8437456691493,0.53566360118999,0.536806818363525,0.745839933454121,0.324344051752323,0.378788687807003
MMR,Myanmar,2010,33.4569203268071,0.199683771174514,0.205729978141861,0.235595744520479,0.157725590861201,0.530545364638371
MNE,Montenegro,2010,50.012979704099,0.444095818444758,0.448455498792743,0.486610404867666,0.397221551673866,0.443836224362778
MNG,Mongolia,2010,48.6962549659998,0.404601127720407,0.404215676829015,0.46839383054974,0.341193875782467,0.43067602840041
MOZ,Mozambique,2010,39.0978202321498,0.291036213746256,0.295139973655211,0.409150501303398,0.168818166280158,0.50907980910326
MRT,Mauritania,2010,34.6967827280626,0.320170390161484,0.348596234235851,0.362930729097375,0.248984207151225,0.626234735600231
MUS,Mauritius,2010,51.8231964256646,0.524815236377723,0.660832309089973,0.623856108743406,0.289757291299791,0.488351307864431
MWI,Malawi,2010,35.5522705609647,0.308605539000366,0.309063166354455,0.451807833971867,0.164945616674776,0.597560127781073
MYS,Malaysia,2010,53.8933937149955,0.472580043645657,0.564845690297026,0.549778279221535,0.30311616141841,0.394712169345747
NAM,Namibia,2010,41.794918619557,0.388173804196478,0.41942211309501,0.580668063830687,0.164431235663737,0.552275431805338
NER,Niger,2010,34.9982004565253,0.291573794039442,0.206724491906092,0.365789551334208,0.302207338878024,0.591609784908936
NGA,Nigeria,2010,35.9995610720259,0.217460244064405,0.216862116083422,0.249441247619441,0.186077368490351,0.497469022623886
NIC,Nicaragua,2010,41.8554028982251,0.293780359770081,0.319457439245136,0.367837231185888,0.19404640887922,0.45667230180558
NLD,Netherlands,2010,66.5912447123891,0.69905867974056,0.665195337216925,0.823009980393899,0.608970721610855,0.367233785492779
NOR,Norway,2010,76.3046521052588,0.786996536459667,0.816393510469319,0.848921009345433,0.695675089564251,0.260903494354492
NPL,Nepal,2010,39.6854748970824,0.334437665142164,0.45660409544161,0.303758191273866,0.242950708711015,0.540728167200516
NRU,Nauru,2010,52.8668014182824,0.599276593916024,,0.599276593916024,,0.541940565550377
NZL,New Zealand,2010,75.2163203052224,0.798894387336999,0.832081163072845,0.864484246399658,0.700117752538494,0.294567981232552
OMN,Oman,2010,50.895755801452,0.486967894159435,0.675365042483424,0.6053580902441,0.180180549750781,0.469052778130396
PAK,Pakistan,2010,36.9944396963123,0.285265802015369,0.344609013153447,0.251127482211825,0.260060910680836,0.545377008089123
PAN,Panama,2010,48.7977249043739,0.403340966482556,0.477424722312138,0.496910384686291,0.235687792449238,0.427386468395078
PER,Peru,2010,47.6435907665143,0.38802805376982,0.465875530211383,0.44317149307425,0.255037138023826,0.435156238439534
PHL,Philippines,2010,42.2915230754067,0.313363668156067,0.348779554745387,0.3531194668345,0.238191982888314,0.467533206647933
PLW,Palau,2010,48.1058796256917,0.479369073148121,0.458368555345891,0.589363108827898,0.390375555270575,0.517251480634287
PNG,Papua New Guinea,2010,37.0003086785659,0.302007970273103,0.407006731586698,0.349978865296134,0.149038313936477,0.562001796701784
POL,Poland,2010,60.2297651065688,0.520020882383316,0.40617262326831,0.664481492974199,0.489408530907438,0.315425580251939
PRK,"Korea, Democratic People's Repub",2010,43.8916304089527,0.395711424785067,,0.29579509421237,0.495627755357765,0.517878816606013
PRT,Portugal,2010,58.2514925927433,0.543889796334455,0.587655344696018,0.668442657550627,0.37557138675672,0.378859944479589
PRY,Paraguay,2010,46.6013083037233,0.333331283657042,0.411626408427,0.380412233771698,0.207955208772428,0.401305117582575
QAT,Qatar,2010,54.7789269791763,0.514682045057834,0.651272144517682,0.708918382090302,0.183855608565517,0.419103505474307
ROU,Romania,2010,53.7044999038629,0.484979588154995,0.466035935657227,0.519832763412612,0.469070065395148,0.410889590077738
RUS,Russian Federation,2010,56.665466162764,0.45131136878892,0.409124083471836,0.346196835890627,0.598613187004296,0.318002045533641
RWA,Rwanda,2010,36.7737770805239,0.364085086035212,0.443867903041609,0.473701685370697,0.174685669693329,0.628609544424733
SAU,Saudi Arabia,2010,49.1986068044649,0.446674775303434,0.635346175251758,0.490159068245467,0.214519082413076,0.462702639214135
SDN,Sudan,2010,31.3145489467572,0.259526033741044,0.372038344392742,0.178664107198041,0.227875649632351,0.6332350548059
SEN,Senegal,2010,39.2619819715939,0.31646384301106,0.272201994899544,0.417236080422762,0.259953453710873,0.531224203579181
SGP,Singapore,2010,69.2888729882563,0.784832055399411,0.84834627528141,0.838297088997829,0.667852801918994,0.399054595634286
SLB,Solomon Islands,2010,37.64753031218,0.392982745574253,0.368766073297528,0.417199417850977,,0.640032139330652
SLE,Sierra Leone,2010,32.6106556041984,0.266532899603537,0.151673342892489,0.370597044482685,0.277328311435438,0.614319787519568
SLV,El Salvador,2010,46.0301323928364,0.379329952407758,0.454133851575615,0.472739446967349,0.21111655868031,0.45872730455103
SMR,San Marino,2010,,0.656213989019436,0.568053799213903,0.750702615837646,0.649885552006758,
SOM,Somalia,2010,28.8088638948501,0.225120577806013,0.394377476150593,0.0558636794614336,,0.648943299909012
SRB,Serbia,2010,46.3634990597457,0.398310637047846,0.36196488239375,0.43865138365262,0.394315645097168,0.471040655852931
STP,Sao Tome and Principe,2010,39.9391316324229,0.334382571615776,0.258365879442328,0.446420991437252,0.298360843967747,0.535599938967318
SUR,Suriname,2010,44.6704667178526,0.334124282945814,0.308838598730274,0.47433688251546,0.219197367591707,0.440714948588762
SVK,Slovakia,2010,58.0044601818066,0.526839590145432,0.520862517046648,0.626706177483414,0.432950075906234,0.366750386509301
SVN,Slovenia,2010,64.1033276637122,0.639020351915738,0.531577600829016,0.672807618209788,0.71267583670841,0.356953798641493
SWE,Sweden,2010,72.1921128972095,0.766195647511945,0.742671167559495,0.849336495809485,0.706579279166854,0.322353389567755
SWZ,Swaziland,2010,40.2821026678324,0.327600421745511,0.320516115187705,0.449559888315778,0.212725261733048,0.521958368388862
SYC,Seychelles,2010,49.470788013974,0.443110140738098,0.531545519739847,0.58281612167075,0.214968780803697,0.453694380458618
SYR,Syrian Arab Republic,2010,42.2655716325277,0.332249135967653,0.405595163663271,0.317869125443535,0.273283118796153,0.486937703317098
TCD,Chad,2010,27.5711549926482,0.189246562979769,0.114363036189215,0.241248836343422,0.21212781640667,0.637823463126805
TGO,Togo,2010,38.1788508163131,0.284782130798894,0.264919587658233,0.35947708989968,0.22994971483877,0.521205114472632
THA,Thailand,2010,50.1057393496063,0.445822376888745,0.602573051159494,0.430491640779673,0.304402438727068,0.44370758989662
TJK,Tajikistan,2010,43.5662377691239,0.271509303248701,0.27072626479778,0.278378268876154,0.265423376072168,0.400184547866222
TKM,Turkmenistan,2010,39.7065830837976,0.241359398808337,,0.277497056362599,0.205221741254074,0.447227737132384
TLS,Timor-Leste,2010,39.3145363294083,0.376240021976199,0.445578894463944,0.335083961496548,0.348057209968105,0.589949295388033
TON,Tonga,2010,40.9739898645756,0.430053575020463,0.564589041583675,0.519321472569697,0.206250210908016,0.610573777728951
TTO,Trinidad and Tobago,2010,48.2239306107156,0.36866465708078,0.402290811478889,0.519635536852752,0.1840676229107,0.404186044866469
TUN,Tunisia,2010,51.3400249775881,0.446040260233419,0.577549801607857,0.471001361343459,0.28956961774894,0.419239760681656
TUR,Turkey,2010,52.0348794195479,0.44555888135377,0.481338615190729,0.501237443988831,0.35410058488175,0.404861292962813
TUV,Tuvalu,2010,41.8475566196831,0.3966498600863,,0.585807702143998,0.207492018028602,0.559698727692637
TZA,"Tanzania, United Republic of",2010,39.1137090381649,0.313270745510242,0.304026435354959,0.434035498778126,0.201750302397641,0.530996564746944
UGA,Uganda,2010,36.9815067431268,0.294323913125908,0.308357382392743,0.394980796669563,0.179633560315417,0.554693778263371
UKR,Ukraine,2010,46.3282589067072,0.33186745462978,0.151705423981658,0.369351679994564,0.474545259913118,0.405302276495636
URY,Uruguay,2010,52.995915745694,0.466303637071369,0.416342328534808,0.690195169196695,0.292373413482605,0.40638532215749
USA,United States,2010,70.1696082870588,0.721982977386824,0.811549266004835,0.735460570828159,0.618939095327479,0.318590811645649
UZB,Uzbekistan,2010,43.262934735598,0.263641140209983,0.287151782452188,0.25973975852329,0.244031879654472,0.398382445498024
VCT,Saint Vincent and the Grenadines,2010,54.8482738873573,0.524845981777534,0.641579072575975,0.685703945878789,0.247254926877838,0.427880504030389
VEN,"Venezuela, Bolivarian Republic o",2010,42.3150812888261,0.233706892667178,0.189914001181659,0.210499910232157,0.300706766587719,0.387405266890656
VNM,Viet Nam,2010,43.9016627053543,0.375873899799556,0.444734092449167,0.428235890037473,0.254651716912028,0.49784064569247
VUT,Vanuatu,2010,41.1726130787545,0.396013226665046,0.45451882464564,0.577640130304079,0.155880725045419,0.572560965089956
WSM,Samoa,2010,45.0998467503293,0.42657033404324,0.568053799213903,0.59033350230337,0.121323700612446,0.524573399036654
YEM,Yemen,2010,36.8008468388168,0.328093214680817,0.492599077488964,0.259628062154289,0.2320525043992,0.592076277904482
ZAF,South Africa,2010,46.0380814322584,0.379313858280349,0.417625572101559,0.542038854135779,0.178277148603708,0.45855222963518
ZMB,Zambia,2010,41.028683508194,0.333540460972767,0.406108461089972,0.456776320589215,0.137736601239112,0.512966790808886
ZWE,Zimbabwe,2010,33.475074515323,0.182342427115774,0.256835153187704,0.182028797871868,0.108163330287751,0.512840936809314
AFG,Afghanistan,2011,30.527264338627,0.23452839268993,0.239671770482415,0.134498968871727,0.329414438715648,0.62398310591739
AGO,Angola,2011,34.6159121939626,0.211289066579262,0.170775339986121,0.285914093313528,0.177177766438137,0.518970822700011
ALB,Albania,2011,45.9144189953705,0.389263650337949,0.388656348582163,0.435504916261237,0.343629686170447,0.470975270430539
AND,Andorra,2011,57.1740298946635,0.531022412495413,,0.796421638843317,0.265623186147509,0.387541814602142
ARE,United Arab Emirates,2011,55.1417362374789,0.559201898489044,0.717679999097026,0.667616247834123,0.292309448535984,0.456367173739466
ARG,Argentina,2011,48.466899026511,0.378714596002521,0.366231667253196,0.433433337632635,0.336478783121733,0.409376615472302
ARM,Armenia,2011,52.9697873939974,0.456542992603653,0.527984518842113,0.455634564313182,0.386009894655663,0.397147244723703
ATG,Antigua and Barbuda,2011,50.6574731947004,0.508673595130089,0.550633767795262,0.700223566833576,0.275163450761428,0.495524131236082
AUS,Australia,2011,69.8425194967628,0.72325184354955,0.752969197182669,0.823276925566848,0.593509407899132,0.326401453614294
AUT,Austria,2011,68.7583610500389,0.705899978884642,0.636803573302567,0.804073676921842,0.676822686429516,0.330732757883863
AZE,Azerbaijan,2011,47.8197549617386,0.392966948000367,0.51223270406025,0.348443212447577,0.318224927493273,0.436571848765595
BDI,Burundi,2011,29.6384032250708,0.220877967493278,0.188759081971584,0.240377426295738,0.233497394212513,0.628109902991862
BEL,Belgium,2011,60.7229259630343,0.605724341672192,0.579699234582164,0.74802716227701,0.489446628157402,0.391265822411507
BEN,Benin,2011,35.330193473247,0.303163456537219,0.196939759709619,0.4466245770273,0.265926032874738,0.596559587072278
BFA,Burkina Faso,2011,37.9213896369589,0.298452582938103,0.276212131045639,0.422976943771407,0.196168673997262,0.540024790198924
BGD,Bangladesh,2011,34.518848692754,0.262600721417725,0.230047443731784,0.304288273572979,0.253466446948413,0.572223747562645
BGR,Bulgaria,2011,54.2976636441065,0.459514016764158,0.509441649302567,0.495120570556836,0.373979830433071,0.373560743882027
BHR,Bahrain,2011,49.2457220850731,0.479190048944364,0.649058549365036,0.501842763921694,0.286668833546361,0.494275607242901
BHS,Bahamas,2011,50.3660409065449,0.478960416535375,0.53382327707083,0.699146391040277,0.203911581495017,0.471639598404477
BIH,Bosnia and Herzegovina,2011,48.3143638381031,0.358638200266126,0.336171686702063,0.41104299498357,0.328699919112745,0.392350923504065
BLR,Belarus,2011,54.2569112028598,0.469910216667447,0.395008404237579,0.362278662694868,0.652443583069894,0.384771992610251
BLZ,Belize,2011,43.1540991732878,0.35826316343701,0.413872084668813,0.475156533214163,0.185760872428055,0.495181179971254
BOL,"Bolivia, Plurinational State of",2011,41.9057298672827,0.308286760467536,0.345796013452692,0.369396402661428,0.209667865288489,0.470172163121883
BRA,Brazil,2011,50.0688543250628,0.379675304089512,0.360424990113649,0.512751042655948,0.265849879498939,0.378298217588255
BRB,Barbados,2011,54.8935438945803,0.534300150987651,0.522723220218436,0.739119567706992,0.341057665037524,0.436429273096044
BRN,Brunei Darussalam,2011,53.554658076783,0.494542578659745,0.538924170248663,0.681464867508017,0.263238698222556,0.423449417124086
BTN,Bhutan,2011,43.4791804288702,0.422192240168406,0.49855241103614,0.548728850872762,0.219295458596315,0.552608631591002
BWA,Botswana,2011,46.0731281442885,0.42285184928732,0.425549601126245,0.690517353098558,0.152488593637156,0.50138928640155
CAF,Central African Republic,2011,28.4530265601522,0.163615080885855,0.0597289413348063,0.25842085768848,0.17269544363428,0.59455454968281
CAN,Canada,2011,69.1812273195481,0.692797633852401,0.704494671448664,0.81316615533541,0.560732074773129,0.309173087461438
CHE,Switzerland,2011,71.8339709907662,0.742534672290204,0.73031994822952,0.855322223995332,0.64196184464576,0.30585525247488
CHL,Chile,2011,59.0265499813269,0.549144200754384,0.575111638831031,0.74319546216464,0.32912550126748,0.368613201127846
CHN,China,2011,51.5626383126021,0.434188221035743,0.402579541281408,0.415200757865106,0.484784363960715,0.4029354547837
CIV,Cote d'Ivoire,2011,35.2816579418685,0.201972308903741,0.169414185202818,0.267006289447298,0.169496452061107,0.496339150066371
CMR,Cameroon,2011,39.2207227666433,0.273805215158179,0.227320551152439,0.319416001028887,0.274679093293211,0.489390759825312
COD,"Congo, the Democratic Republic o",2011,30.0702297226064,0.182566425786565,0.194093708799075,0.17798728431212,0.1756182842485,0.581161831334436
COG,Congo,2011,33.8792690851728,0.232038056621672,0.153469883885941,0.296657335077099,0.245986950901976,0.554452674918216
COL,Colombia,2011,47.6409409464233,0.377305215872261,0.463694016147907,0.429559911820915,0.23866171964796,0.424486396943795
COM,Comoros,2011,38.9925950726702,0.290984886478342,0.386433587404042,0.314768867126475,0.171752204904508,0.511132985024937
CPV,Cape Verde,2011,48.5311925115791,0.442865858446615,0.460935042479393,0.631560390878335,0.236102141982116,0.472242008215032
CRI,Costa Rica,2011,51.6601240850512,0.428046296088795,0.408674948223473,0.619224689027746,0.256239251015166,0.394843814387772
CUB,Cuba,2011,44.5265813210741,0.342722906005933,,0.422340608040461,0.263105203971404,0.45219127958445
CYP,Cyprus,2011,57.703701335971,0.518291726789965,0.568246285748915,0.700851819148797,0.285777075472185,0.364217700070546
CZE,Czech Republic,2011,62.4667988042595,0.547175267534836,0.467287098134809,0.67099375381733,0.503244950652369,0.297839291449646
DEU,Germany,2011,70.498376450755,0.718790541526845,0.702890616990225,0.787036731005971,0.666444276584339,0.308823012511744
DJI,Djibouti,2011,35.9485377311086,0.314266689274283,0.35493912386579,0.400641769806205,0.187219174150854,0.595295934652111
DMA,Dominica,2011,57.281943477591,0.585279088774905,0.505656080780652,0.664902096769159,,0.439640219223085
DNK,Denmark,2011,73.7600370284876,0.800257850477162,0.816778483539344,0.876148068767613,0.707846999124529,0.32505710990741
DOM,Dominican Republic,2011,44.8582704958017,0.366490222590463,0.420224140324229,0.421153159580796,0.258093367866364,0.469324812674429
DZA,Algeria,2011,42.4079424692432,0.30004490693144,0.317179681914153,0.3214606490524,0.261494389827767,0.451886057546577
ECU,Ecuador,2011,41.6940115234735,0.314431144421486,0.384421644811887,0.324675703932193,0.234196084520377,0.480550913952016
EGY,Egypt,2011,42.850505178037,0.343853513728997,0.366424153788208,0.359379037213869,0.305757350184915,0.486843410168257
ERI,Eritrea,2011,28.6202263288577,0.217543843960185,0.261989514847486,0.258028451086709,0.132613565946359,0.645139317383031
ESP,Spain,2011,61.0581716533497,0.548774706196223,0.519322624766547,0.672290444992582,0.454711048829539,0.32761127312923
EST,Estonia,2011,63.7572615514792,0.642497068647505,0.752840872825994,0.726892064490577,0.447758268625943,0.36735183761792
ETH,Ethiopia,2011,37.2773925175138,0.314627587671991,0.405306433860753,0.317821639397645,0.220754689757576,0.569079737321716
FIN,Finland,2011,73.7873305363535,0.78933811939375,0.77661295990005,0.873028270694185,0.718373127587014,0.31359150866668
FJI,Fiji,2011,47.3123569414694,0.442807907821632,0.529043194784683,0.423776717335076,0.375603811345139,0.496560768992245
FRA,France,2011,67.3095268379177,0.674388062901857,0.647582819263273,0.726635524727673,0.648945844714624,0.328197526143502
FSM,"Micronesia, Federated States of",2011,36.7485049820416,0.363874508982235,0.403995692217572,0.516040367440709,0.171587467288423,0.628904409341404
GAB,Gabon,2011,42.8781615241476,0.310233736920732,0.256353936850173,0.410454511632732,0.263892762279289,0.45267050643778
GBR,United Kingdom,2011,70.9689926425188,0.696263967848314,0.723197946434054,0.750547831334406,0.615046125776483,0.276884114997938
GEO,Georgia,2011,54.2454718800756,0.511149960324037,0.712354538295011,0.525701543205802,0.295393799471297,0.426240522722525
GHA,Ghana,2011,43.6769347779003,0.377882090530704,0.430105115788209,0.518346572799158,0.185194583004746,0.504343394972699
GIN,Guinea,2011,38.3087403609889,0.26003190902343,0.243104447023472,0.24706863279314,0.28992264725368,0.493857101803653
GMB,Gambia,2011,37.4359427766551,0.325226974791292,0.347496311178637,0.40708890367433,0.221095709520909,0.57650811925819
GNB,Guinea-Bissau,2011,30.441597751918,0.255273796594255,0.201353200976693,0.291526893882731,0.27294129492334,0.646441841555894
GNQ,Equatorial Guinea,2011,40.3895703995605,0.260972311272614,0.3437199086822,0.294134001740192,0.145063023395449,0.453180903281404
GRC,Greece,2011,57.0688769834604,0.498913494959991,0.469917747446647,0.532068225888461,0.494754511544864,0.357535955290783
GRD,Grenada,2011,53.10392331037,0.489562251305473,0.469991075650462,0.578473734063992,0.420221944201964,0.427483785098074
GTM,Guatemala,2011,41.3575354860948,0.305522084593375,0.373097020335312,0.368126826055875,0.175342407388938,0.478371374871478
GUY,Guyana,2011,40.0871383255926,0.319101648585503,0.371204236074355,0.390968834561409,0.195131875120744,0.517358882073651
HND,Honduras,2011,40.54909057776,0.287249644617269,0.3469188515736,0.359917001979428,0.154913080298778,0.476267833062069
HRV,Croatia,2011,54.1187669396261,0.491570716022994,0.470687693586698,0.56510214755802,0.438922306924264,0.409195377230471
HTI,Haiti,2011,34.4929164012138,0.23671565547114,0.312592086163019,0.246246980575192,0.151307899675209,0.546857327446863
HUN,Hungary,2011,57.9289633054646,0.550283066772032,0.560226013456723,0.625559836468462,0.465063350390912,0.39170380066274
IDN,Indonesia,2011,44.3740133477552,0.337307238886948,0.340438471561508,0.411201007482398,0.260282237616938,0.449826971931845
IND,India,2011,39.4454936206369,0.305090573579425,0.233415958094506,0.40637519965699,0.275480562986778,0.516180701166686
IRL,Ireland,2011,64.3483866334374,0.610452142191273,0.653838631651183,0.764355629864332,0.413162165058306,0.323484409522526
IRN,"Iran, Islamic Republic of",2011,47.9554367731666,0.383395327003416,0.40822581297511,0.282418131977967,0.459542036057172,0.424286591540084
IRQ,Iraq,2011,39.1144043413615,0.289707442989625,0.366964949291339,0.232490636678928,0.269666742998607,0.507419356162394
ISL,Iceland,2011,71.8916134186454,0.756503507424392,0.798556424891485,0.804315115212792,0.666638982168899,0.318671239051485
ISR,Israel,2011,59.5015469605221,0.55894680206195,0.529235681319696,0.608266915551888,0.539337809314267,0.368915862851508
ITA,Italy,2011,57.9417486318003,0.522863655572734,0.462474934759494,0.58622676553747,0.519889266421238,0.364028682936727
JAM,Jamaica,2011,46.3762638634315,0.375115890628163,0.393596836314153,0.489696189084034,0.242054646486303,0.447590613359534
JOR,Jordan,2011,49.0613344621285,0.419927973274076,0.45192025642297,0.499900118444841,0.307963544954416,0.438701284031506
JPN,Japan,2011,67.1440478231738,0.700064046430312,0.691950965583676,0.767523461925594,0.640717711781665,0.357183089966835
KAZ,Kazakhstan,2011,54.5967879115819,0.44806192709493,0.490770455406345,0.389156053459655,0.46425927241879,0.356126168863292
KEN,Kenya,2011,37.4584836596566,0.262942849578541,0.301010812973095,0.315575179320929,0.1722425564416,0.51377317638541
KGZ,Kyrgyzstan,2011,49.6105220581853,0.367087145690743,0.467960801007353,0.319880735911362,0.313419900153514,0.374876704527037
KHM,Cambodia,2011,38.9548070171604,0.293698440468915,0.302197813272339,0.325952761808705,0.2529447463257,0.514602300125706
KIR,Kiribati,2011,40.1797383917018,0.383232809961652,0.446306065818436,0.550922796456111,0.152469567610409,0.579638042127617
KNA,Saint Kitts and Nevis,2011,55.3187377158877,0.586665556572528,0.574153789168706,0.729493802686641,0.456349077862236,0.480290802254774
KOR,"Korea, Republic of",2011,68.2771211767107,0.732119996947901,0.78049477168947,0.649621460206611,0.766243758947622,0.366577573413687
KWT,Kuwait,2011,49.1737358345142,0.421173114191968,0.475884830032038,0.542034129616372,0.245600382927494,0.437698397501683
LAO,Lao People's Democratic Republic,2011,39.4041135620619,0.306038543249803,0.334260570390151,0.343388227435822,0.240466831923437,0.517956272008565
LBN,Lebanon,2011,43.9929639368975,0.343403632205738,0.411177273178638,0.351200737281582,0.267832886156994,0.463544353467787
LBR,Liberia,2011,34.1394163917858,0.285311765941892,0.239928419195765,0.350598359439534,0.265408519190376,0.602523438106176
LBY,Libyan Arab Jamahiriya,2011,38.0982255807897,0.253316423123699,0.301042894062264,0.23168898835813,0.227217386950704,0.491351911507904
LCA,Saint Lucia,2011,57.3465963757923,0.498579886503266,0.53924498114035,0.695709892069357,0.260784786300092,0.351647958987421
LIE,Liechtenstein,2011,,0.642268356687103,0.609306024758481,0.840159708709727,0.4773393365931,
LKA,Sri Lanka,2011,44.581165046626,0.356930490831376,0.375952237271332,0.441248002443244,0.253591232779553,0.465307189898856
LSO,Lesotho,2011,39.5313453180251,0.314316100006773,0.301107056240601,0.503907020058782,0.137934223720937,0.523689193646272
LTU,Lithuania,2011,59.6475826569541,0.583560959963979,0.692175533207857,0.628415973839763,0.430091372844316,0.390609306824897
LUX,Luxembourg,2011,67.3163730532598,0.68357802089267,0.655057713039595,0.866499670809677,0.529176678828737,0.337250559827474
LVA,Latvia,2011,58.1283250824945,0.559593816477234,0.603214672942869,0.617934470616404,0.45763230587243,0.397027314827344
MAR,Morocco,2011,45.1661635842628,0.380337085236687,0.462186204956975,0.428924443928673,0.249900606824414,0.477013813551431
MCO,Monaco,2011,65.4771179570657,0.719275877591355,,0.774101201725291,0.66445055345742,0.409733518450042
MDA,"Moldova, Republic of",2011,47.890744323687,0.416444375985412,0.435655144214405,0.449485865708157,0.364192118033673,0.458629489511671
MDG,Madagascar,2011,35.837772917486,0.276391325853087,0.271464129848661,0.366853259395363,0.190856588315238,0.559635867503366
MDV,Maldives,2011,44.2882075024196,0.439158652253493,0.583228154390728,0.424044006505031,0.31020379586472,0.553394502205101
MEX,Mexico,2011,48.3202245524145,0.36883056975927,0.434981441341861,0.423359255119736,0.248151012816214,0.40242607871098
MHL,Marshall Islands,2011,44.7924552482331,0.416552980308391,0.52399729775971,0.547238874618322,0.178422768547141,0.520703875343728
MKD,Macedonia,2011,50.6214563097808,0.414248551643771,0.509954946729267,0.429906560989135,0.302884147212911,0.401819425448155
MLI,Mali,2011,35.9840186095472,0.328210385465587,0.294530432961005,0.393068345401882,0.297032378033874,0.608530013274643
MLT,Malta,2011,57.5392061889136,0.525915622588948,0.536806818363525,0.719961702629574,0.320978346773746,0.375131498810675
MMR,Myanmar,2011,33.7859159339093,0.203716388154196,0.205729978141861,0.244004146640506,0.16141503968022,0.52799806947601
MNE,Montenegro,2011,49.8800813224983,0.444036089753947,0.460678393766043,0.483149399550713,0.388280475945085,0.446434463303981
MNG,Mongolia,2011,48.6462532100516,0.403927807436705,0.396099161269317,0.469267958707681,0.346416302333118,0.431002743235673
MOZ,Mozambique,2011,39.0914627830345,0.290878392106243,0.306047543972592,0.39718836216301,0.169399270183129,0.509049136445553
MRT,Mauritania,2011,34.1267787962946,0.317323885713744,0.344563183026064,0.357223666213287,0.250184807901882,0.634788309787852
MUS,Mauritius,2011,52.3873467772839,0.527856568333598,0.664072499096019,0.623308408102891,0.296188797801882,0.480109632787919
MWI,Malawi,2011,35.7841284367295,0.309731214231065,0.319553682512641,0.443013532264663,0.16662642791589,0.594048645496475
MYS,Malaysia,2011,53.9571461264978,0.472833694865336,0.579410504779646,0.540919386501268,0.298171193315094,0.39369077233538
NAM,Namibia,2011,41.9213952152852,0.383288939679227,0.419742923986697,0.562291411210982,0.167832483840004,0.544861035373523
NER,Niger,2011,35.7469961509718,0.302376855484458,0.208906005969568,0.389476785257735,0.308747775226072,0.587436932465023
NGA,Nigeria,2011,35.5589047205287,0.216507261057302,0.204158004772591,0.256804886571881,0.188558891827433,0.505329166646728
NIC,Nicaragua,2011,42.386340138457,0.294853319428721,0.314837762404833,0.374349488630631,0.195372707250699,0.447126516659582
NLD,Netherlands,2011,67.2316345278603,0.710343831065387,0.663623363847656,0.836326550139418,0.631081579209087,0.36571114050818
NOR,Norway,2011,76.3814750422857,0.789084897462741,0.808597805801309,0.864673828258038,0.693983058328878,0.261455396617028
NPL,Nepal,2011,39.7043747138071,0.328196450545895,0.433152819259241,0.306103547345421,0.245332985033022,0.534108956269752
NRU,Nauru,2011,52.8271437711684,0.598995932503341,,0.598995932503341,,0.542453057079974
NZL,New Zealand,2011,75.4134718334013,0.803095496372461,0.82572910741743,0.880588889749572,0.702968491950382,0.294826059704435
OMN,Oman,2011,50.4350704786202,0.476576817571593,0.669879176235565,0.561672935465205,0.198178341014008,0.467875407999189
PAK,Pakistan,2011,36.5608154290355,0.27672190539324,0.350672339006345,0.218654093142485,0.260839284030891,0.54550559681253
PAN,Panama,2011,49.273962794696,0.407375009499801,0.482172723509116,0.504755908092406,0.235196396897882,0.421895753605882
PER,Peru,2011,48.2730943355116,0.400561572978851,0.492278266597277,0.452282042478124,0.257124409861152,0.43509968626862
PHL,Philippines,2011,43.2299700348905,0.327726274347967,0.357826421890979,0.383097006790733,0.242255394362189,0.463126873650156
PLW,Palau,2011,48.9595009234895,0.486600337691386,0.448006363544381,0.60571705013033,0.406077599399447,0.507410319221596
PNG,Papua New Guinea,2011,37.0338476838945,0.299196847048542,0.39369307958166,0.353774158988675,0.150123302575291,0.558519893370653
POL,Poland,2011,61.0261951497515,0.536327103013621,0.421667789336823,0.675769396209729,0.51154412349431,0.31580320001859
PRK,"Korea, Democratic People's Repub",2011,44.0749104605886,0.395985924497411,,0.296227929590574,0.495743919404248,0.51448771528564
PRT,Portugal,2011,58.6963141897259,0.552514731387924,0.605299943738839,0.662178190152244,0.390066060272688,0.378588447593406
PRY,Paraguay,2011,46.9346614239959,0.33874848103295,0.424555087362012,0.383525917817058,0.208164437919779,0.400055252553031
QAT,Qatar,2011,54.2786293893922,0.50300968924201,0.627820868335313,0.690113802563471,0.191094396827246,0.417437101454167
ROU,Romania,2011,53.4912192313134,0.4768921866826,0.442328010761509,0.523426300223697,0.464922249062594,0.407067802056331
RUS,Russian Federation,2011,56.5063588838196,0.447786934754095,0.400430108307101,0.35485310055138,0.588077595403803,0.317659757077703
RWA,Rwanda,2011,37.1975677967974,0.371350194083767,0.457694852473348,0.477583978463807,0.178771751314146,0.627398838147819
SAU,Saudi Arabia,2011,49.2281761775865,0.445800110835816,0.635602823965109,0.478287152265015,0.223510356277323,0.461236587284087
SDN,Sudan,2011,31.2507190985679,0.258218021053586,0.364788018240602,0.181526206009574,0.228339838910582,0.633203639082229
SEN,Senegal,2011,39.4351197370914,0.317125412155101,0.250900151691483,0.434744247119268,0.265731837654553,0.528423017413274
SGP,Singapore,2011,70.002454645357,0.800044056423386,0.848121707657228,0.83374720621867,0.71826325539426,0.399994963516246
SLB,Solomon Islands,2011,38.0186371211451,0.396592470412162,0.367835721711634,0.42534921911269,,0.63621972798926
SLE,Sierra Leone,2011,33.4072406878393,0.275782039338229,0.175605835412389,0.370833515219478,0.280906767382819,0.607637225581443
SLV,El Salvador,2011,46.4562689673489,0.38047465268249,0.427795277368057,0.481657574098183,0.231971106581229,0.451349273335512
SMR,San Marino,2011,,0.653758796950064,0.568053799213903,0.751010668262805,0.642211923373484,
SOM,Somalia,2011,28.7520514958306,0.223149252103569,0.394377476150593,0.0519210280565445,,0.648108222186957
SRB,Serbia,2011,46.4633287536587,0.398823198265938,0.362959396157982,0.451125488178625,0.382384710461208,0.469556623192765
STP,Sao Tome and Principe,2011,39.973646896537,0.334911883650276,0.250556425736103,0.450419521820788,0.303759703393936,0.535438945719536
SUR,Suriname,2011,44.8514685136692,0.335285459792765,0.309704788137831,0.47558563708409,0.220565954156376,0.438256089519381
SVK,Slovakia,2011,57.9469889865001,0.526134002436787,0.526925842899544,0.619965181180651,0.431510983230166,0.367194222706784
SVN,Slovenia,2011,64.4995434671881,0.643896811468684,0.557563283055716,0.667104683562989,0.707022467787348,0.353905942124922
SWE,Sweden,2011,72.6486206205707,0.774879140551938,0.750691439851686,0.868333427557884,0.705612554246243,0.321906728140523
SWZ,Swaziland,2011,39.9001053792879,0.323027927060215,0.331616172040098,0.416455461423023,0.221012147717525,0.525025819474456
SYC,Seychelles,2011,49.2471246551027,0.442336842815566,0.530133951816421,0.576168063511866,0.22070851311841,0.457394349713511
SYR,Syrian Arab Republic,2011,41.1222207769649,0.309275611674408,0.39629164780433,0.256001159569705,0.275534027649188,0.486831196135109
TCD,Chad,2011,27.0754061507074,0.185680250684446,0.106823980234555,0.240686325537668,0.209530446281113,0.644172127670297
TGO,Togo,2011,38.236463838217,0.282600013491322,0.271079156778636,0.351136951947629,0.225583931747701,0.517870736726982
THA,Thailand,2011,50.2828739903587,0.44989540997657,0.593526184013903,0.445742869671511,0.310417176244294,0.444237930169395
TJK,Tajikistan,2011,43.5770339307114,0.280722311333267,0.297129001183675,0.279924822490548,0.265113110325579,0.40918163271904
TKM,Turkmenistan,2011,39.6036145359313,0.239712896530191,,0.272579980314975,0.206845812745406,0.447640605811565
TLS,Timor-Leste,2011,39.8221033040348,0.381556615269044,0.464613674037412,0.327412695165856,0.352643476603866,0.585114549188348
TON,Tonga,2011,40.8752505522456,0.432658222883075,0.561445094845136,0.516618155536873,0.219911418267216,0.615153211838163
TTO,Trinidad and Tobago,2011,48.4757414941176,0.372047903173152,0.400943405733801,0.523329750527295,0.191870553258358,0.4025330732908
TUN,Tunisia,2011,51.6703444012101,0.454304971750536,0.609855458400805,0.459283863953938,0.293775592896866,0.420898083726334
TUR,Turkey,2011,52.069542842228,0.444040624368714,0.472067180420954,0.487912275266051,0.372142417419137,0.402649767524154
TUV,Tuvalu,2011,42.1377662577349,0.401014361649887,,0.585886651521727,0.216142071778047,0.55825903649519
TZA,"Tanzania, United Republic of",2011,39.2698024824371,0.316098582836396,0.314869843494002,0.42687809083724,0.206547814177945,0.530702533187653
UGA,Uganda,2011,37.0227763456063,0.294074902657473,0.320804844990224,0.379562819272867,0.181857043709328,0.553619375745346
UKR,Ukraine,2011,46.5641216995178,0.334207890740144,0.161361831821457,0.355997708506197,0.485264131892778,0.402925456749789
URY,Uruguay,2011,52.9986614527275,0.465471805835604,0.408931596936824,0.687548507533203,0.299935313036787,0.405498576781055
USA,United States,2011,70.0358598103434,0.718379428648811,0.798588505980654,0.737181557598112,0.619368222367665,0.317662232441943
UZB,Uzbekistan,2011,43.1094621100939,0.260423940772777,0.287761323146395,0.252011579173018,0.241498919998917,0.398234698570899
VCT,Saint Vincent and the Grenadines,2011,55.126658660629,0.533988953469904,0.641689064881696,0.685582952081207,0.274694843446809,0.431455780257324
VEN,"Venezuela, Bolivarian Republic o",2011,42.4425052158005,0.237352732263372,0.178846025418434,0.230538500413239,0.302673670958445,0.388502627947362
VNM,Viet Nam,2011,44.4624054241415,0.384983022555873,0.452080661868813,0.439477818874256,0.26339058692455,0.495734914073043
VUT,Vanuatu,2011,41.5560873808927,0.396435392738121,0.452080661868813,0.581181274275657,0.156044242069894,0.565313645120268
WSM,Samoa,2011,45.265639661249,0.437559246518241,0.592050453912139,0.594619034685706,0.126008250956879,0.532246453293261
YEM,Yemen,2011,36.2376639144656,0.316043041055156,0.48570164331768,0.229885088475641,0.232542391372148,0.591289762765844
ZAF,South Africa,2011,46.0339265507447,0.376450130323826,0.412011381497025,0.538427887720768,0.178911121753685,0.455771599308931
ZMB,Zambia,2011,41.458315527703,0.33936814017547,0.411530165159494,0.466637643696897,0.139936611670018,0.51020182962141
ZWE,Zimbabwe,2011,33.7465527926201,0.181104628691988,0.238035634934807,0.195026570283021,0.110251680858135,0.506173572839586
AFG,Afghanistan,2012,30.8710928279203,0.235409050331703,0.228058416203322,0.14465532457966,0.333513410212126,0.617987193773297
AGO,Angola,2012,35.1043011203551,0.21816011699894,0.187420842251971,0.285740209255923,0.181319299488928,0.516074094591838
ALB,Albania,2012,46.2448852290439,0.386913788678,0.384517888079393,0.415386321150633,0.360837156803974,0.462016084097123
AND,Andorra,2012,57.3546651436389,0.533075530549554,,0.795406366364204,0.270744694734903,0.385982227676776
ARE,United Arab Emirates,2012,55.0138467339427,0.556191213732817,0.711873321957479,0.65969918570192,0.297001133539051,0.455914279053963
ARG,Argentina,2012,48.0923204324757,0.36938336646418,0.351923501483926,0.412923655113401,0.343302942795214,0.407536957814668
ARM,Armenia,2012,53.069344758553,0.461666211332993,0.526444626562013,0.47118007346457,0.387373933972395,0.400279316161932
ATG,Antigua and Barbuda,2012,51.0359950969704,0.512685368709471,0.529203600230527,0.699218151265413,0.309634354632473,0.491965466770063
AUS,Australia,2012,69.9988686721407,0.725952266255521,0.742382437756976,0.831562983073179,0.603911377936408,0.325974892812707
AUT,Austria,2012,68.6705818563986,0.700658978661666,0.624195705259243,0.796533826852869,0.681247403872887,0.327247341533694
AZE,Azerbaijan,2012,47.5481025461388,0.38528028153536,0.49141207718972,0.344904829526144,0.319523937890216,0.434318230612584
BDI,Burundi,2012,29.2411907165681,0.217711004463112,0.182791999386193,0.236629379389104,0.23371163461404,0.63288719013175
BEL,Belgium,2012,60.9438222084518,0.609285080642388,0.574373773780149,0.747978548991358,0.505502919155656,0.390408636473352
BEN,Benin,2012,35.0672442274864,0.295995798136009,0.185615135233045,0.434006295315688,0.268365963859294,0.594650913586282
BFA,Burkina Faso,2012,37.9032129209068,0.295825735134142,0.265689533798284,0.423240331491738,0.198547340112404,0.537761476716005
BGD,Bangladesh,2012,34.0234436127667,0.244138374579991,0.199281679218938,0.278262292694678,0.254871151826356,0.563669502324657
BGR,Bulgaria,2012,54.6369707020636,0.461993952488771,0.50315375582549,0.504801786857179,0.378026314783644,0.369254538447499
BHR,Bahrain,2012,49.2113326447061,0.479942946256403,0.641230763607857,0.496447938525874,0.302150136635478,0.495716293362282
BHS,Bahamas,2012,51.7830434805985,0.47962495040809,0.513933001786194,0.693111771234136,0.23183007820394,0.44396408079612
BIH,Bosnia and Herzegovina,2012,48.7984806247158,0.363846950470862,0.332546523625992,0.437422292922406,0.321572034864189,0.387877337976546
BLR,Belarus,2012,55.612134850753,0.498025615479228,0.426223303998788,0.401573902184507,0.66627964025439,0.385782918464168
BLZ,Belize,2012,43.121648499037,0.355255808276009,0.405755569109115,0.471629927843023,0.18838192787589,0.49282283829527
BOL,"Bolivia, Plurinational State of",2012,41.3978816699492,0.296101373550694,0.332482361447654,0.351283007163072,0.204538752041356,0.468143740151709
BRA,Brazil,2012,49.8507599359309,0.374555713188191,0.348234176229519,0.504789957275612,0.270643006059442,0.377540514469573
BRB,Barbados,2012,55.5633994820197,0.53692584608474,0.522723220218436,0.73227428204203,0.355780035993753,0.425657856444345
BRN,Brunei Darussalam,2012,53.8665206985169,0.499671200817105,0.548195605018437,0.677009913742476,0.2738080836904,0.422340786846766
BTN,Bhutan,2012,43.605588755986,0.421343305291818,0.486746570222034,0.556199607450554,0.221083738202866,0.549231530172097
BWA,Botswana,2012,46.5775000616178,0.426944632600737,0.421411140623473,0.69377235553817,0.165650401640567,0.495394631368381
CAF,Central African Republic,2012,28.7017144028975,0.163558576139001,0.0771168916642776,0.24062061117215,0.172938225580576,0.589524288081051
CAN,Canada,2012,69.0428012339342,0.68945316875679,0.691886803405339,0.818303352272717,0.558169350592312,0.308597144078106
CHE,Switzerland,2012,71.6478576873751,0.73864412062466,0.722395919204835,0.868878541424434,0.62465790124471,0.305686966877157
CHL,Chile,2012,59.8212345324415,0.560685543833944,0.601289807592744,0.743352743770347,0.337414080138741,0.364260853185114
CHN,China,2012,51.2568862792494,0.427498291925491,0.389907511059746,0.400431545283241,0.492155819433487,0.402360566340503
CIV,Cote d'Ivoire,2012,35.606059869028,0.211978141550393,0.163799994598284,0.298323831463331,0.173810598589565,0.499856944169833
CMR,Cameroon,2012,39.328755579821,0.265990671385314,0.218273684006848,0.299569759807397,0.280128570341697,0.479415559788894
COD,"Congo, the Democratic Republic o",2012,29.8462056578982,0.178513807197846,0.182727837207855,0.176191022526814,0.17662256185887,0.581589694039883
COG,Congo,2012,33.0970293404031,0.223002523551058,0.12905617502851,0.291258110417375,0.248693285207288,0.561061936742995
COL,Colombia,2012,47.3895373441008,0.370602196316693,0.456796581976622,0.407671563963141,0.247338443010315,0.422811449434678
COM,Comoros,2012,38.9413568336261,0.289000280612724,0.367368254412318,0.323848515370036,0.175784072055819,0.510173143940203
CPV,Cape Verde,2012,48.0312558451731,0.442599692888283,0.469441114121855,0.621000816802582,0.237357147740413,0.481974575984822
CRI,Costa Rica,2012,52.0843466675687,0.435607436250431,0.419614599630022,0.62552127026319,0.26168643885808,0.393920502899057
CUB,Cuba,2012,44.1271524373078,0.331773381973277,,0.433322844234867,0.230223919711686,0.44923033322712
CYP,Cyprus,2012,57.4152442400524,0.512140945900976,0.55644044493481,0.692826692003169,0.28715570076495,0.363836061099928
CZE,Czech Republic,2012,62.5816715381741,0.5497933943913,0.471778450618436,0.661710236995896,0.515891495559567,0.298159963627817
DEU,Germany,2012,70.4622423893202,0.717310112973206,0.692015127762014,0.792495466074012,0.667419745083593,0.308065265186803
DJI,Djibouti,2012,35.2228956726558,0.312978749589824,0.34740006791113,0.402248491742019,0.189287689116323,0.608520836136708
DMA,Dominica,2012,56.8622267827239,0.57852517225708,0.490321320157983,0.666729024356177,,0.441280636602601
DNK,Denmark,2012,73.8187567587561,0.799875285059994,0.827621891678387,0.860513238318811,0.711490725182782,0.323500149884872
DOM,Dominican Republic,2012,44.845353179549,0.366594428419029,0.409733624166043,0.421976617229014,0.268073043862031,0.469687364828049
DZA,Algeria,2012,42.415612566776,0.299111951338054,0.302261975450676,0.328457792065852,0.266616086497633,0.450799700002535
ECU,Ecuador,2012,41.7520630126425,0.31639986657636,0.374123615188712,0.338662377269692,0.236413607270675,0.48135860632351
EGY,Egypt,2012,42.9327220455558,0.340953696465202,0.363119801603826,0.351558659491542,0.308182628300237,0.482299255554085
ERI,Eritrea,2012,28.4655540239109,0.208395756681535,0.242826410917343,0.249339243875562,0.133021615251701,0.639084676203318
ESP,Spain,2012,61.2010883642432,0.551706032020145,0.53119262775899,0.668008482269974,0.45591698603147,0.32768426473528
EST,Estonia,2012,62.9062193380052,0.625953907082021,0.740425491317682,0.724081459171424,0.413354770756957,0.367829520321917
ETH,Ethiopia,2012,37.1574401874554,0.30420051958036,0.373514074494506,0.316038788616494,0.22304869563008,0.561051715831252
FIN,Finland,2012,74.1614492682586,0.794902961163344,0.791594828541863,0.877179056957621,0.715934997990548,0.311673975798172
FJI,Fiji,2012,47.22192865422,0.441235914735512,0.509954946729267,0.42454218432527,0.389210613151998,0.496797341651112
FRA,France,2012,67.3449582369684,0.674495785841881,0.635039113398286,0.732500721719805,0.655947522407552,0.327596621102513
FSM,"Micronesia, Federated States of",2012,36.8150455951302,0.363600586365356,0.389256723250893,0.526401332501277,0.175143703343899,0.627299674462752
GAB,Gabon,2012,43.2365960965548,0.311836871947162,0.247403312972087,0.419206965892531,0.268900336976869,0.447104950016066
GBR,United Kingdom,2012,70.8414193532022,0.696948006544907,0.712899916810881,0.760526845239164,0.617417257584677,0.280119619480863
GEO,Georgia,2012,55.241856531783,0.530025345843367,0.733078921898034,0.552103068124749,0.304894047507319,0.425188215207707
GHA,Ghana,2012,43.499862521692,0.371956128135072,0.417914301904078,0.511444454706267,0.186509627794872,0.501958877701232
GIN,Guinea,2012,38.4183021164627,0.259766580876531,0.233191390470324,0.249793466041947,0.296314886117321,0.491400538547277
GMB,Gambia,2012,36.9433677058685,0.31514880526129,0.334086415906093,0.391923866943578,0.219436132934199,0.57628145114392
GNB,Guinea-Bissau,2012,30.576740070749,0.250710613021788,0.236917379826639,0.23997799284238,0.275236466396346,0.639175811606809
GNQ,Equatorial Guinea,2012,40.2510888784091,0.256880075399326,0.33363728065773,0.288848085928494,0.148154859611753,0.451858297831144
GRC,Greece,2012,56.5646327480101,0.488960437551387,0.453203499989721,0.5187120684444,0.49496574422004,0.357667782591186
GRD,Grenada,2012,53.2660957375041,0.491270405085431,0.449129201665287,0.580035484495713,0.444646529095295,0.425948490335349
GTM,Guatemala,2012,41.1410587919358,0.298009128065812,0.35779434080181,0.357461018276941,0.178772025118685,0.475187952227096
GUY,Guyana,2012,39.824864851713,0.310946371835497,0.349870311777125,0.385518168177323,0.197450635552041,0.514449074801237
HND,Honduras,2012,39.9353175384385,0.273764716849854,0.324365845887956,0.340082441639556,0.15684586302205,0.475058366081084
HRV,Croatia,2012,54.1081440161863,0.488085345286894,0.460357582874355,0.56171520725655,0.442183245729777,0.405922464963168
HTI,Haiti,2012,34.427921015538,0.234909610893568,0.300199619718399,0.249840794221258,0.154688418741047,0.546351190582808
HUN,Hungary,2012,57.9253616102461,0.548633994629091,0.551949092451182,0.621182217208575,0.472770674227516,0.390126762424168
IDN,Indonesia,2012,44.4838636932872,0.33881186570393,0.344095715726747,0.404407103031175,0.267932778353869,0.449134591838186
IND,India,2012,39.4704865829706,0.304074187315332,0.235212499087956,0.398599813106591,0.27841024975145,0.51466445565592
IRL,Ireland,2012,63.840321031383,0.603971911539144,0.62320119149501,0.773229863161188,0.415484679961234,0.327165490911485
IRN,"Iran, Islamic Republic of",2012,47.5020197890989,0.376443924828854,0.388880916206344,0.283397693289563,0.457053164990655,0.426403529046876
IRQ,Iraq,2012,38.7718694364849,0.280884963297432,0.349476172681624,0.222141963178903,0.271036754031769,0.505447574567734
ISL,Iceland,2012,70.9420601619726,0.735783402641147,0.787937584376624,0.803102413018693,0.616310210528124,0.316942199401695
ISR,Israel,2012,58.8956731657248,0.552575804388935,0.51819978664564,0.606429622653658,0.533098003867507,0.374662341074439
ITA,Italy,2012,57.3256540590039,0.511046677997577,0.43940863164715,0.583275849964007,0.510455552381573,0.364533596817499
JAM,Jamaica,2012,46.1030343156831,0.365252260265509,0.376593859054707,0.473853215546178,0.245309706195643,0.443191573951846
JOR,Jordan,2012,49.0339912959001,0.424471014332695,0.454069689397277,0.499287563792697,0.320055789808111,0.443791188414693
JPN,Japan,2012,67.0314953637387,0.698876635551887,0.689384478450175,0.765964115170751,0.641281313034735,0.358246728277113
KAZ,Kazakhstan,2012,55.1806046890893,0.45768631278352,0.498373673539343,0.385579890971148,0.489105373840069,0.354074219001735
KEN,Kenya,2012,37.3603149013697,0.256354706360587,0.277752023325739,0.317147673772274,0.174164421983748,0.509148408333194
KGZ,Kyrgyzstan,2012,48.7931942695005,0.353587902593032,0.41759349101239,0.327460672718323,0.315709544048385,0.377724017203023
KHM,Cambodia,2012,39.0156777544729,0.296650146870648,0.291771459292491,0.343132927342354,0.255046053977097,0.51633659178119
KIR,Kiribati,2012,39.9715625143843,0.376645302408603,0.431090463526964,0.545120670172021,0.153724773526824,0.577214052120918
KNA,Saint Kitts and Nevis,2012,55.519087583089,0.58790282692144,0.540496143617933,0.728488391708467,0.494723945437919,0.47752107525966
KOR,"Korea, Republic of",2012,68.3520499509092,0.73405025403273,0.790022855172593,0.649799586222736,0.762328320702861,0.367009255014547
KWT,Kuwait,2012,49.0729505005305,0.421102890057195,0.483969264502566,0.523259166131006,0.256080239538013,0.439643880046586
LAO,Lao People's Democratic Republic,2012,39.8255512107634,0.306771179908472,0.328394314085007,0.350368960420959,0.241550265219449,0.510260155693205
LBN,Lebanon,2012,43.8277078099546,0.338322986292659,0.403541973956471,0.335583094066797,0.27584389085471,0.461768830093566
LBR,Liberia,2012,34.7954482864151,0.294892758840192,0.247916610398788,0.368427063732793,0.268334602388996,0.59898379311189
LBY,Libyan Arab Jamahiriya,2012,38.2371342880823,0.260895354120809,0.301042894062264,0.25458192875661,0.227061239543553,0.496152668359163
LCA,Saint Lucia,2012,57.0854894234673,0.487875241278662,0.526476707651182,0.675996351031384,0.261152665153421,0.346165452809316
LIE,Liechtenstein,2012,,0.642808797977203,0.609306024758481,0.838328597220963,0.480791771952163,
LKA,Sri Lanka,2012,44.3576844938715,0.354043913209171,0.366039180718183,0.435657327361286,0.260435231548045,0.466890223331742
LSO,Lesotho,2012,39.2569382705843,0.305775428521562,0.285194836012893,0.490245248482748,0.141886201069044,0.520636663109874
LTU,Lithuania,2012,59.9633211982097,0.589390592072616,0.690603559838588,0.643365188852789,0.43420302752647,0.390124168108421
LUX,Luxembourg,2012,68.022508830692,0.700183047960721,0.645690035002316,0.859416509568197,0.595442599311649,0.33973287134688
LVA,Latvia,2012,59.222584933459,0.581623386047805,0.654640658880402,0.618700322668168,0.471529176594845,0.397171687378626
MAR,Morocco,2012,45.6122208858194,0.388638928555157,0.472869207650173,0.431666379890713,0.261381198124585,0.476394510838768
MCO,Monaco,2012,63.1313646033381,0.672610647929938,,0.773768064183594,0.571453231676281,0.409983355863176
MDA,"Moldova, Republic of",2012,47.6327425234439,0.40812710403312,0.419807086165036,0.436967791713845,0.367606434220477,0.455472253564241
MDG,Madagascar,2012,36.1922016943967,0.277124692655773,0.278971104714153,0.361126234646278,0.191276738606889,0.55328065876784
MDV,Maldives,2012,44.3468990850437,0.431582363560321,0.570395718723223,0.409545151242626,0.314806220715115,0.544644381859448
MEX,Mexico,2012,48.3754671479728,0.371463110283986,0.434788954806849,0.424400080374739,0.255200295670371,0.403953767324531
MHL,Marshall Islands,2012,44.5730462114605,0.411914573019351,0.505885231417573,0.546458039213646,0.183400448426833,0.520453648790141
MKD,Macedonia,2012,52.1203933748869,0.445925266590777,0.545308306993248,0.478235882217686,0.314231610561397,0.40351739909304
MLI,Mali,2012,34.4504040835391,0.297833032683552,0.278072834217428,0.315010143575034,0.300416120258193,0.60882495101277
MLT,Malta,2012,58.129793160982,0.531247296938359,0.536806818363525,0.72058396121086,0.336351111240693,0.36865143371872
MMR,Myanmar,2012,33.70948305997,0.197990701747255,0.205729978141861,0.226981798332622,0.161260328767283,0.523801040547856
MNE,Montenegro,2012,51.2341879993761,0.470460477241252,0.462507015848663,0.50890865038557,0.439965765489523,0.44577671725373
MNG,Mongolia,2012,49.0798985941392,0.404902773150746,0.389907511059745,0.46644664075068,0.358354167641813,0.423304801267962
MOZ,Mozambique,2012,38.778481287684,0.283225362226706,0.264342128053196,0.414634254293,0.17069970433392,0.507655736473025
MRT,Mauritania,2012,34.6111361978512,0.318542570903043,0.373271174819371,0.331001595958295,0.251354941931463,0.626319846946018
MUS,Mauritius,2012,53.7072369430757,0.545933991994156,0.655795578090477,0.672955565912483,0.309050831979508,0.471789253132641
MWI,Malawi,2012,35.4274929628414,0.295941333024925,0.298348082572087,0.422776647790079,0.166699268712608,0.587391473768097
MYS,Malaysia,2012,55.5442134100776,0.503004457412055,0.645882521537329,0.558028207222779,0.305102643476056,0.392120189210503
NAM,Namibia,2012,42.6634923447049,0.3889997934456,0.404536487720703,0.5908489030404,0.171613989575696,0.535729946551502
NER,Niger,2012,35.2712109487418,0.293536618692651,0.200051625358989,0.37087195717182,0.309686273547145,0.588112399717816
NGA,Nigeria,2012,35.6243679094921,0.214635218436112,0.1992175170406,0.254453721368467,0.190234416899268,0.502147860246269
NIC,Nicaragua,2012,43.7566979068988,0.30595532079087,0.345250634936823,0.373842311828697,0.198773015607089,0.430821362652893
NLD,Netherlands,2012,66.9172035545836,0.704397556508189,0.653325334224482,0.842408058300363,0.617459276999721,0.366053485416517
NOR,Norway,2012,76.2387364298211,0.787594045750726,0.805742588865289,0.869150669134726,0.687888879252161,0.262819317154304
NPL,Nepal,2012,39.8988431299027,0.331229483153066,0.429238926380652,0.314591092638666,0.249858430439879,0.533252620555011
NRU,Nauru,2012,53.0741068920149,0.603087733317706,,0.603087733317706,,0.541605595477408
NZL,New Zealand,2012,75.28951372827,0.80165969972878,0.823162620283929,0.876008657006242,0.705807821896169,0.295869425163381
OMN,Oman,2012,50.9122533786812,0.485237719484152,0.669558365343878,0.573313512895445,0.212841280213134,0.466992651910527
PAK,Pakistan,2012,36.6831075398983,0.269579167956172,0.3250395487605,0.220611640070731,0.263086315037286,0.535917017158206
PAN,Panama,2012,48.7145356838497,0.394455996549186,0.468634503879897,0.482055317278757,0.232678168488904,0.420165282872192
PER,Peru,2012,48.283408025522,0.398597550845705,0.493304861450678,0.438445240578216,0.264042550508222,0.432929390335266
PHL,Philippines,2012,43.6684778598575,0.335412932822081,0.366841207947402,0.39585280017928,0.243544790339562,0.462043375624932
PLW,Palau,2012,49.0555158008813,0.487584904803596,0.435558900946899,0.602426134587497,0.42476967887639,0.50647458878597
PNG,Papua New Guinea,2012,36.798624042064,0.292419662063999,0.378999940742365,0.34683744741734,0.151421598032291,0.556447181222718
POL,Poland,2012,61.5259331180447,0.542810021460757,0.421026167553448,0.680999147307977,0.526404749520845,0.312291359099863
PRK,"Korea, Democratic People's Repub",2012,42.3736454359303,0.362955884710756,,0.230588543835406,0.495323225586106,0.515482975992149
PRT,Portugal,2012,59.5775323903197,0.568478529900811,0.636675248945892,0.664316695492362,0.404443645264178,0.376927882094418
PRY,Paraguay,2012,46.9626348969606,0.339235366925961,0.417144355764028,0.375702724081298,0.224859020932558,0.399982668986749
QAT,Qatar,2012,54.471219461049,0.505488183694893,0.621019677431535,0.702316105162391,0.193128768490754,0.416063794473913
ROU,Romania,2012,52.2688853241225,0.451073353768494,0.418459680419947,0.506352185132779,0.428408195752754,0.405695647286043
RUS,Russian Federation,2012,56.4700896470989,0.449768710343975,0.40277202781642,0.333126730243211,0.613407372972295,0.320366917401998
RWA,Rwanda,2012,37.1732883209245,0.368882931189921,0.433056575991735,0.493247574552876,0.180344643025153,0.625417164771431
SAU,Saudi Arabia,2012,49.2292816881039,0.444144548758342,0.616537490973384,0.466996120107962,0.24890003519368,0.459558914996264
SDN,Sudan,2012,30.9717568238352,0.251726022127494,0.352950096337327,0.173071514267825,0.229156455777331,0.632290885650789
SEN,Senegal,2012,39.633551915698,0.320975226210393,0.23617493176302,0.45994852302082,0.266802223847338,0.528304187896433
SGP,Singapore,2012,70.521472197528,0.809728593817373,0.843373706460251,0.855774152245052,0.730037922746817,0.399299149866814
SLB,Solomon Islands,2012,37.872478990606,0.393478875299633,0.358788854566043,0.428168896033223,,0.636029295487512
SLE,Sierra Leone,2012,34.6126514232653,0.281809881403116,0.196266056837074,0.366872549581874,0.2822910377904,0.58955685293781
SLV,El Salvador,2012,45.8995892911243,0.369450340221687,0.413134219617932,0.45857624179685,0.236640559250278,0.4514585543992
SMR,San Marino,2012,,0.654787855722693,0.568053799213903,0.750677535713083,0.645632232241093,
SOM,Somalia,2012,29.0765706817239,0.228777558047329,0.394377476150593,0.0631776399440646,,0.647246144412851
SRB,Serbia,2012,46.692337204596,0.396032360099642,0.343422012854203,0.452385168787825,0.392289898656899,0.462185616007723
STP,Sao Tome and Principe,2012,41.4535285503497,0.364751732550391,0.341153421548698,0.444550746265504,0.30855102983697,0.535681161543398
SUR,Suriname,2012,44.8918377466289,0.332840210015001,0.297610217521206,0.477309398314645,0.223601014209153,0.435003455082423
SVK,Slovakia,2012,57.6565845894132,0.519016327890935,0.514767110104583,0.620892258075844,0.421389615492378,0.365884636102671
SVN,Slovenia,2012,64.4831344015814,0.642634308925828,0.560963878507605,0.656617031988082,0.710322016281797,0.3529716208942
SWE,Sweden,2012,72.4389051265373,0.768972102905654,0.736447436260754,0.870330302555233,0.700138569900976,0.320194000374908
SWZ,Swaziland,2012,39.8917618851037,0.322336095797527,0.322312656181155,0.423818016501093,0.220877614710334,0.524500858095453
SYC,Seychelles,2012,49.3532681865027,0.439889066254848,0.525097220816925,0.575076566214058,0.219493411733559,0.452823702524794
SYR,Syrian Arab Republic,2012,39.6888221190805,0.287672893625111,0.386186104716168,0.192594011715761,0.284238564443402,0.4938964512435
TCD,Chad,2012,27.0846508024116,0.182227719852627,0.097873356356469,0.237647108035781,0.211162695165632,0.640534703804396
TGO,Togo,2012,37.8976425229889,0.275281445962695,0.255744396155967,0.34078087777731,0.229319063954807,0.517328595502917
THA,Thailand,2012,50.0661993781916,0.447627945012192,0.606519025127253,0.424974826870577,0.311389983038746,0.44630395744836
TJK,Tajikistan,2012,43.4998042694569,0.273749791812549,0.280222267191734,0.27457473860255,0.266452369643363,0.40375370642341
TKM,Turkmenistan,2012,39.7234344393767,0.241530676373971,,0.274748028567159,0.208313324180783,0.447061987586438
TLS,Timor-Leste,2012,40.1198794844098,0.382487617035107,0.455502644713482,0.334858282066134,0.357101924325704,0.580090027346911
TON,Tonga,2012,40.7837998061157,0.430182269385535,0.548099361750929,0.513118597309934,0.229328849095742,0.614506273263221
TTO,Trinidad and Tobago,2012,48.8756605693181,0.370081819550826,0.393115619976622,0.519398216427942,0.197731622247915,0.392568608164464
TUN,Tunisia,2012,51.3997583531375,0.446650963670439,0.58733453380433,0.456683574191361,0.295934783015627,0.418655796607689
TUR,Turkey,2012,52.6032287373313,0.448320191731086,0.463501529612894,0.487549567871185,0.39390947770918,0.396255616984461
TUV,Tuvalu,2012,41.6457238533402,0.38595998202398,,0.551997174199095,0.219922789848865,0.553045504957176
TZA,"Tanzania, United Republic of",2012,39.3493787928937,0.313688538112699,0.312078788736319,0.418140547466243,0.210846278135534,0.526700962254824
UGA,Uganda,2012,36.4262159834657,0.277248716738627,0.280286429370073,0.370819598681201,0.180640122164607,0.548724397069312
UKR,Ukraine,2012,46.6724467799316,0.33154030745666,0.153020748637578,0.356819282682557,0.484780891049844,0.398091371858028
URY,Uruguay,2012,54.0090016920249,0.485534736592046,0.45660409544161,0.686847951172657,0.313152163161872,0.405354702751548
USA,United States,2012,70.0606804977204,0.718129832924373,0.790279503885943,0.739684638083262,0.624425356803913,0.316916222969964
UZB,Uzbekistan,2012,43.541682488434,0.268603715233072,0.290552377904077,0.272679144058576,0.242579623736563,0.397770065464391
VCT,Saint Vincent and the Grenadines,2012,55.3115442143044,0.530595828602746,0.629369926640891,0.687135663243511,0.275281895923835,0.424364944316657
VEN,"Venezuela, Bolivarian Republic o",2012,42.043448150724,0.229919138019118,0.163864156776621,0.216646603061708,0.309246654219026,0.389050175004638
VNM,Viet Nam,2012,44.0849897678494,0.375104414836409,0.430907143017428,0.42366305165868,0.270743049833118,0.493404619479422
VUT,Vanuatu,2012,40.8721520289283,0.39049212319731,0.42747446647637,0.586011113980299,0.157990789135262,0.573049082618745
WSM,Samoa,2012,45.8484409188205,0.43744635208311,0.589195236976119,0.594182268255232,0.128961551017978,0.520477533706701
YEM,Yemen,2012,36.0995189666004,0.316372607004768,0.494171050858234,0.21869034309084,0.236256427065229,0.594382227672759
ZAF,South Africa,2012,46.1276956313855,0.375618767375764,0.418267193884934,0.526277368224035,0.182311740018323,0.453064854748053
ZMB,Zambia,2012,41.2305862971647,0.333666647110885,0.399339351275362,0.460728377539157,0.140932212518137,0.509054921167592
ZWE,Zimbabwe,2012,34.2386544538348,0.18666563438202,0.236624067011382,0.210074286104571,0.113298550030107,0.501892545305324
AFG,Afghanistan,2013,30.477056801955,0.231720840103344,0.211247925478888,0.146448289999648,0.337466304831494,0.622179704064244
AGO,Angola,2013,34.9349405526455,0.216697541847312,0.190170649895009,0.273195538110849,0.186726437536079,0.517998730794403
ALB,Albania,2013,46.438230429355,0.390359865460829,0.378711210939846,0.420705839046902,0.371662546395738,0.461595256873728
AND,Andorra,2013,58.5973490042038,0.536760438356013,,0.794885372815951,0.278635503896074,0.364813458271936
ARE,United Arab Emirates,2013,55.917348106039,0.573649366631121,0.750178142424986,0.67095273895956,0.299817218508816,0.455302404510342
ARG,Argentina,2013,47.0759537789822,0.350768497797175,0.298091433858737,0.407958437613383,0.346255621919406,0.409249422217532
ARM,Armenia,2013,53.588928763609,0.471325652317001,0.554996795922215,0.472069902577408,0.386910258451378,0.39954707704482
ATG,Antigua and Barbuda,2013,50.6161305955626,0.500882639239542,0.48621494074438,0.698727296574102,0.317705680400144,0.48856002732829
AUS,Australia,2013,70.1424461793766,0.726033813774379,0.736511598439092,0.814436644495397,0.627153198388648,0.323184890186846
AUT,Austria,2013,68.962831521347,0.707444699594006,0.641006195983676,0.796777752695836,0.684550150102507,0.328188069167067
AZE,Azerbaijan,2013,48.3571361270141,0.397739456579928,0.483038912916672,0.372644217737997,0.337535239085115,0.430596734039646
BDI,Burundi,2013,31.0049280697415,0.236291035154727,0.226646848279895,0.247069395953376,0.235156861230909,0.616192473759896
BEL,Belgium,2013,60.920505696494,0.607662837014088,0.566449744755464,0.750903957780663,0.505634808506136,0.389252723084207
BEN,Benin,2013,35.3968493029448,0.300570695497618,0.19456575911113,0.434621167088807,0.272525160292916,0.592633709438722
BFA,Burkina Faso,2013,37.5194073527486,0.283257223745878,0.24602382613783,0.403867510444856,0.199880334654948,0.532869076690907
BGD,Bangladesh,2013,33.5740597253141,0.235075216744513,0.182663675029517,0.266013765605935,0.256548209598086,0.563594022238231
BGR,Bulgaria,2013,54.6341985147874,0.4624725897551,0.498854889876874,0.49309538409202,0.395467495296406,0.369788619459352
BHR,Bahrain,2013,48.8880574835175,0.473641161195962,0.637413113996775,0.488150668004787,0.295359701586324,0.495880011525612
BHS,Bahamas,2013,51.095222874921,0.464414302410937,0.485829967674355,0.686176285888765,0.221236653669692,0.442509844912518
BIH,Bosnia and Herzegovina,2013,49.3184992452991,0.37237385874735,0.331487847683423,0.448902797000511,0.336730931558117,0.386003873841369
BLR,Belarus,2013,55.3330256264789,0.493424077425139,0.428340655883927,0.399577225799005,0.652354350592485,0.386763564895561
BLZ,Belize,2013,43.329299692367,0.350400942975576,0.390099997594758,0.471447441930208,0.18965538940176,0.483814949128235
BOL,"Bolivia, Plurinational State of",2013,41.4229166361772,0.295584327673424,0.32141438568443,0.359173543121994,0.206165054213847,0.467125994949879
BRA,Brazil,2013,49.4654756465562,0.364005516043749,0.333476875211887,0.482740728931938,0.275798943987421,0.374696003112625
BRB,Barbados,2013,55.3952017931262,0.533739076900665,0.506746837812391,0.728429165877236,0.366041227012368,0.425835041038141
BRN,Brunei Darussalam,2013,53.6907390900902,0.500706183555557,0.54341552273229,0.677313498619532,0.281389529314848,0.426891401753752
BTN,Bhutan,2013,43.6210788885385,0.421759514554307,0.477360560133801,0.558043906916173,0.229874076612947,0.549337936783538
BWA,Botswana,2013,46.1887979353543,0.423319288208591,0.40771251554841,0.679046290878168,0.183199058199195,0.499543329501504
CAF,Central African Republic,2013,26.7850630044361,0.133763031479486,0.044618748336318,0.182982452386986,0.173687893715155,0.598061771390765
CAN,Canada,2013,68.9767738167412,0.685302651445724,0.684796882699042,0.81468223999507,0.556428831643059,0.3057671751109
CHE,Switzerland,2013,71.6493172486829,0.737232386787993,0.719444459001309,0.859107421074706,0.633145280287965,0.304246041814336
CHL,Chile,2013,59.8001026933421,0.55838806996194,0.593494102924734,0.734491210699261,0.347178896261825,0.362386016095097
CHN,China,2013,51.4198284595844,0.429030681325365,0.387084375212894,0.399933821393703,0.500073847369499,0.400634112133677
CIV,Cote d'Ivoire,2013,36.4654798711871,0.21789867271874,0.149171017937327,0.325979313020622,0.17854568719827,0.488589075294998
CMR,Cameroon,2013,39.0384241388379,0.261238152117632,0.198992949416419,0.297926842742538,0.286794664193938,0.480469669340873
COD,"Congo, the Democratic Republic o",2013,29.681819900407,0.175734619491131,0.164982411884789,0.186137295940331,0.176084150648273,0.58209822148299
COG,Congo,2013,33.4064844861275,0.220568026385042,0.113881819851684,0.299803076286348,0.248019183017094,0.552438336662492
COL,Colombia,2013,47.0802174743294,0.364642785862718,0.431612926979141,0.406175151251215,0.256140279357797,0.42303843637613
COM,Comoros,2013,39.2083489715891,0.29028071690748,0.363408531406344,0.332907400103891,0.174526219212204,0.506113737475697
CPV,Cape Verde,2013,47.5853190124002,0.436689001163584,0.458661868161149,0.608784631743985,0.242620503585616,0.484982620915579
CRI,Costa Rica,2013,52.4383471602858,0.442189790487037,0.433858603220954,0.628081618015208,0.264629150224949,0.393422847281322
CUB,Cuba,2013,43.3148994941952,0.318888409107284,,0.429809434808426,0.207967383406141,0.45259041922338
CYP,Cyprus,2013,57.1566684042552,0.508549803851871,0.560386418902567,0.673419508360421,0.291843484292626,0.365416435766767
CZE,Czech Republic,2013,62.969437310955,0.557482092488508,0.479798722910627,0.662339434792016,0.53030811976288,0.298093346269407
DEU,Germany,2013,70.4321571107241,0.715054705290545,0.686882153495011,0.789528610520869,0.668753351855755,0.306411563076063
DJI,Djibouti,2013,34.862611064861,0.298408156774407,0.329370495798284,0.373928870691122,0.191925103833816,0.601155935477187
DMA,Dominica,2013,56.889699568982,0.573567976399586,0.480664912318184,0.666471040480987,,0.435773985019945
DNK,Denmark,2013,73.4882116033875,0.801987036034634,0.831279135843626,0.857448202350083,0.717233769910192,0.332222803966884
DOM,Dominican Republic,2013,44.5121653544315,0.358108377884864,0.38044358975496,0.423449234483245,0.270432309416386,0.467865070796234
DZA,Algeria,2013,42.738455406175,0.303854996197801,0.29206018909501,0.347403710900257,0.272101088598136,0.4490858880743
ECU,Ecuador,2013,41.7187119102731,0.317596551434706,0.340759282453196,0.370156158183735,0.241874213667188,0.483222313229245
EGY,Egypt,2013,42.2530797762988,0.325895679388306,0.349677825242112,0.315809058686079,0.312200154236727,0.48083408386233
ERI,Eritrea,2013,27.8555485016802,0.197691743551567,0.22601592019291,0.233737696978858,0.133321613482934,0.640580773517963
ESP,Spain,2013,60.6937736287503,0.538398999696294,0.517846894664784,0.641190734910765,0.456159369513332,0.324523527121287
EST,Estonia,2013,63.2497812181754,0.630172969347694,0.730448272586195,0.736822547257077,0.42324808819981,0.365177344984186
ETH,Ethiopia,2013,36.8506845598857,0.292897720408811,0.338545687300551,0.316619881989044,0.223527591936838,0.555884029211096
FIN,Finland,2013,73.743460526571,0.789824216904312,0.786686421899042,0.865961771407664,0.71682445740623,0.314955006372892
FJI,Fiji,2013,47.2271652102234,0.436805022286951,0.480696993407353,0.428298824941148,0.401419248512351,0.492261718082484
FRA,France,2013,66.7888699116325,0.663721758946449,0.614314729795262,0.716805650676687,0.660044896367399,0.327944360713799
FSM,"Micronesia, Federated States of",2013,36.7715652477126,0.360841074816734,0.377487546538694,0.527257071650906,0.177778606260603,0.625409769862483
GAB,Gabon,2013,42.5321528566889,0.297887535755287,0.217728305490979,0.401420694100653,0.274513607674228,0.44724447862151
GBR,United Kingdom,2013,70.6815890441331,0.695524092291973,0.703660563130275,0.765721118379558,0.617190595366087,0.281892311409312
GEO,Georgia,2013,55.7962944653703,0.540471898010481,0.745173492514659,0.563902215540109,0.312339985976676,0.424546008703076
GHA,Ghana,2013,43.5198921687713,0.371224087816715,0.409444894363524,0.512098797904479,0.192128571182142,0.500826244441289
GIN,Guinea,2013,38.8001709250943,0.266857456805204,0.251349286939845,0.249595626893623,0.299627456582145,0.490854038303319
GMB,Gambia,2013,36.382838851772,0.30579044623917,0.32141438568443,0.373217873479473,0.222739079553608,0.57813366920373
GNB,Guinea-Bissau,2013,30.3854098964351,0.24186873118433,0.216128834045279,0.234716865995558,0.274760493512152,0.634160533255627
GNQ,Equatorial Guinea,2013,40.0149125535141,0.249749854548158,0.324544583384754,0.273386753217234,0.151318227042487,0.449451603477877
GRC,Greece,2013,57.2286275991772,0.498902581638366,0.449257526021962,0.535268184072377,0.512182034820759,0.354330029654822
GRD,Grenada,2013,53.2664609967922,0.497300436766556,0.439999840290404,0.57971955246213,0.472181917547134,0.431971216830712
GTM,Guatemala,2013,41.2433735228672,0.297310386910184,0.352565123267301,0.353849164764661,0.18551687269859,0.472442916452839
GUY,Guyana,2013,39.8154858788366,0.310045231520839,0.338224876408863,0.391321547636504,0.200589270517149,0.513735513944107
HND,Honduras,2013,39.9419613124038,0.271104949691293,0.322858034697025,0.333286426923962,0.157170387452893,0.472265723443217
HRV,Croatia,2013,54.8614756389841,0.487455073210057,0.44072395630307,0.564925746009873,0.456715517317228,0.390225560430375
HTI,Haiti,2013,34.3785646018787,0.234334776948185,0.28197756107054,0.265718216675491,0.155308553098525,0.546763484910612
HUN,Hungary,2013,57.4626263162534,0.539161095990521,0.534144087962517,0.617525268153097,0.46581393185595,0.389908569665453
IDN,Indonesia,2013,44.9017841499884,0.346385568513261,0.359911692686949,0.410397510324347,0.268847502528487,0.448349885513493
IND,India,2013,39.504314398775,0.301319958868925,0.224112442235563,0.400674338396652,0.27917309597456,0.511233670893426
IRL,Ireland,2013,64.3424623703382,0.613135469811662,0.635744897359998,0.780417806905624,0.423243705169364,0.326286222404897
IRN,"Iran, Islamic Republic of",2013,47.2569041512757,0.37427119768008,0.373225344691987,0.274168796822461,0.475419451525791,0.429133114654567
IRQ,Iraq,2013,38.7226194065826,0.277348765683547,0.34229000870782,0.215534990307093,0.274221298035729,0.502896377551896
ISL,Iceland,2013,70.547507833236,0.728345647805736,0.785050286351434,0.801947562526239,0.598039094539534,0.317395491141015
ISR,Israel,2013,58.4648393859289,0.540053356098244,0.510436163066799,0.601427467497348,0.508296437730585,0.370756568379666
ITA,Italy,2013,56.9272317166003,0.502450900035011,0.42827649370559,0.57214527985672,0.506930926542722,0.363906265703004
JAM,Jamaica,2013,46.6112141426679,0.372081909616632,0.389137564919694,0.482671548779741,0.244436615150462,0.439857626763274
JOR,Jordan,2013,48.7162184490402,0.414625257940295,0.438029144812894,0.48921525563995,0.316631373368043,0.440300888959491
JPN,Japan,2013,67.0201368659759,0.698958643600966,0.681364206157983,0.768141244061082,0.647370480583832,0.358555906281447
KAZ,Kazakhstan,2013,55.2363527814747,0.45931279508773,0.503057512557982,0.380077212531895,0.494803660173314,0.354585739458235
KEN,Kenya,2013,37.6878418822962,0.258861094582842,0.262770154683926,0.336740414167486,0.177072714897115,0.505104256936919
KGZ,Kyrgyzstan,2013,49.1362846837221,0.358341323745584,0.419871248343373,0.331526501621818,0.323626221271562,0.375615630071142
KHM,Cambodia,2013,38.7218465317609,0.281695399723828,0.248044934755463,0.340890787617445,0.256150476798576,0.50725846908861
KIR,Kiribati,2013,39.3359801850922,0.371213016038287,0.414151648445855,0.54590214121939,0.153585258449616,0.584493412336442
KNA,Saint Kitts and Nevis,2013,55.746420417918,0.590382221006989,0.508598374958702,0.731333858280188,0.531214429782077,0.475453812648628
KOR,"Korea, Republic of",2013,68.5990785827309,0.737765560389895,0.797176938057228,0.656331476336908,0.759788266775548,0.365783988735277
KWT,Kuwait,2013,49.2041674249127,0.422254958010257,0.47845131716554,0.521296637545576,0.267016919319654,0.438171609512002
LAO,Lao People's Democratic Republic,2013,40.0736073565218,0.303427694982184,0.304745968354887,0.359258891693056,0.246278224898611,0.501955547851748
LBN,Lebanon,2013,43.853328980912,0.337963480911784,0.394302620275866,0.330870001821105,0.288717820638383,0.460896901293544
LBR,Liberia,2013,34.80433641031,0.294817426285971,0.257123882990223,0.358004388630537,0.269324007237154,0.598730698079772
LBY,Libyan Arab Jamahiriya,2013,37.3262701820195,0.243349756078739,0.301042894062264,0.201234776646713,0.227771597527239,0.496824352438349
LCA,Saint Lucia,2013,57.2357102457677,0.487041313107359,0.517044867435564,0.675744366428448,0.268334705458064,0.342327108192005
LIE,Liechtenstein,2013,,0.644200664878354,0.609306024758481,0.842540512606764,0.480755457269817,
LKA,Sri Lanka,2013,44.671653010483,0.360213605755827,0.388624267492994,0.425597882309012,0.266418667465475,0.466780545546166
LSO,Lesotho,2013,40.0423632452044,0.320486855433517,0.312495842895513,0.504463501920031,0.144501221485007,0.519639590529429
LTU,Lithuania,2013,60.2102270751066,0.591780050801165,0.685502666660754,0.657183013236206,0.432654472506535,0.387575509299033
LUX,Luxembourg,2013,67.9817021767982,0.697661138156588,0.634718302506598,0.856663061685127,0.601602050278038,0.338027094620624
LVA,Latvia,2013,59.6314785590122,0.588374173545104,0.639722952416925,0.628045427527569,0.497354140690819,0.395744602364861
MAR,Morocco,2013,45.5876993196296,0.386845709933924,0.462218286046144,0.427320122257481,0.270998721498148,0.475091723541333
MCO,Monaco,2013,64.3043713919541,0.695135843025123,,0.772985036291197,0.61728664975905,0.409048415186042
MDA,"Moldova, Republic of",2013,47.418061832252,0.402950438433575,0.414898679522214,0.431629159753406,0.362323476025105,0.454589201788535
MDG,Madagascar,2013,35.4828168285565,0.266538419651114,0.263764668448157,0.344165305312064,0.19168528519312,0.556882083079983
MDV,Maldives,2013,43.3165264385524,0.411290768948707,0.50729221632826,0.40629005899641,0.32029003152145,0.544960240177658
MEX,Mexico,2013,48.4924287535495,0.372545696326415,0.443354605614909,0.417369106146564,0.256913377217772,0.402697121255425
MHL,Marshall Islands,2013,44.4989001701757,0.40943407951274,0.485719975368634,0.554396209383161,0.188186053786425,0.519456076109227
MKD,Macedonia,2013,52.3613512479525,0.448007602326256,0.553264417107102,0.476559213846311,0.314199176025357,0.400780577367206
MLI,Mali,2013,34.3475777129333,0.296370919517465,0.264342128053196,0.324712751723085,0.300057878776115,0.609419365258799
MLT,Malta,2013,57.9522156130711,0.528990001376221,0.521022922492492,0.715887265786327,0.350059815849843,0.369945689114798
MMR,Myanmar,2013,34.158408417472,0.207285682678285,0.205729978141861,0.249691422934333,0.16643564695866,0.524117514328844
MNE,Montenegro,2013,51.5754117747349,0.463195429251121,0.462891988918688,0.510361572678632,0.416332726156042,0.431687193756423
MNG,Mongolia,2013,49.6906870362702,0.415651849240328,0.413615435955463,0.465688397537794,0.367651714227726,0.421838108514923
MOZ,Mozambique,2013,37.7951666648041,0.260670717147432,0.244323528411886,0.364724223852491,0.172964399177919,0.50476738385135
MRT,Mauritania,2013,33.9907894899233,0.309195924107093,0.360658723763308,0.314099140276414,0.252829908281555,0.629380134308627
MUS,Mauritius,2013,53.7892301157515,0.545883830469742,0.658137497599797,0.665898083692884,0.313615910116544,0.470099228154712
MWI,Malawi,2013,34.720823565778,0.281331274799021,0.266555723205841,0.410320991546407,0.167117109644816,0.586914803483462
MYS,Malaysia,2013,55.9888351814279,0.508993504212679,0.660736065822467,0.562358902668384,0.303885544147187,0.389216800584121
NAM,Namibia,2013,42.4492652131795,0.385115535515669,0.388656348582163,0.593034997785078,0.173655260179765,0.536130231252078
NER,Niger,2013,35.4373180802574,0.29631802188704,0.206147032301054,0.370791005942262,0.312016027417802,0.587571660281892
NGA,Nigeria,2013,35.3003596222945,0.206560940041767,0.17531710560987,0.252223109557663,0.192142604957766,0.500553747595877
NIC,Nicaragua,2013,43.8445215577075,0.308118840501364,0.341721715128258,0.381330982278495,0.201303824097338,0.431228409347214
NLD,Netherlands,2013,66.9158475274668,0.704401961380153,0.667344770191233,0.829797416869268,0.616063697079956,0.366085010830818
NOR,Norway,2013,76.9505511475897,0.801958217451035,0.830637514060251,0.873588184294394,0.70164895399846,0.262947194499241
NPL,Nepal,2013,40.1747153773117,0.332700353533768,0.416502733980652,0.327853452991295,0.253744873629357,0.529206045987535
NRU,Nauru,2013,51.7999308559888,0.572573058008373,,0.572573058008373,,0.536574440888597
NZL,New Zealand,2013,74.8787730059391,0.79407852094556,0.805614264508614,0.869382065955351,0.707239232372716,0.296503060826778
OMN,Oman,2013,50.9588280106092,0.485360803567279,0.667922229796271,0.564914702706356,0.22324547819921,0.466184243355095
PAK,Pakistan,2013,36.6204368590393,0.267633690293675,0.309255652889468,0.228773326026443,0.264872091965115,0.535224953112889
PAN,Panama,2013,48.7278492281493,0.393614954974246,0.468409936255716,0.47854191931975,0.233893009347273,0.41905797041126
PER,Peru,2013,48.2503169143964,0.396222013752967,0.48544499460433,0.431629241133771,0.271591805520801,0.43121567546504
PHL,Philippines,2013,43.7067970158724,0.336945454761968,0.358435962585185,0.403402191944628,0.248998209756091,0.462809514444521
PLW,Palau,2013,49.617901773344,0.487978016763309,0.414930760611383,0.601556790593614,0.44744649908493,0.495619981296428
PNG,Papua New Guinea,2013,36.3488010611957,0.287345645774118,0.360938287540349,0.348385822199744,0.152712827582261,0.560369624550203
POL,Poland,2013,62.0326613470102,0.553788602267765,0.465105584071333,0.675149502282976,0.521110720448985,0.31313537532756
PRK,"Korea, Democratic People's Repub",2013,42.0511065763975,0.356528887808855,,0.218145347917459,0.494912427700252,0.515506756280906
PRT,Portugal,2013,59.7521446823717,0.570965095850686,0.641102439251182,0.659019174904993,0.412773673395883,0.375922202203252
PRY,Paraguay,2013,46.6712545945327,0.331853374129619,0.402354973657226,0.362873261418085,0.230331887313547,0.398428282238966
QAT,Qatar,2013,54.8374286004682,0.516184769823692,0.628141679227001,0.702991685383177,0.217420944860899,0.419436197814328
ROU,Romania,2013,52.7518599898796,0.456107634324971,0.421122410820954,0.521775049098395,0.425425443055564,0.401070434527378
RUS,Russian Federation,2013,57.1005701171134,0.462218773991522,0.423271843795262,0.343990666791019,0.619393811388285,0.320207371649254
RWA,Rwanda,2013,36.8891755803043,0.360698004096977,0.406493434159997,0.496539404688959,0.179061173441973,0.62291449249089
SAU,Saudi Arabia,2013,49.9406945518588,0.457174891557916,0.628709972806562,0.465855356070367,0.276959345796818,0.45836100052074
SDN,Sudan,2013,30.9446758098867,0.250125544538313,0.34820209514035,0.169852217068928,0.23232232140566,0.631232028340579
SEN,Senegal,2013,39.3694314266087,0.317343532131255,0.217279170242616,0.465352573609052,0.269398852542098,0.52995490359908
SGP,Singapore,2013,70.6578380671649,0.809546654498254,0.845779788147908,0.847531060308307,0.735329115038548,0.396389893154957
SLB,Solomon Islands,2013,38.4188578270692,0.400778805997216,0.373610317762012,0.42794729423242,,0.632401649455832
SLE,Sierra Leone,2013,34.1670662410281,0.279853658705165,0.185550973054706,0.366734258768595,0.287275744292195,0.596512333884602
SLV,El Salvador,2013,45.7863033044647,0.361096151879916,0.389490456900552,0.454988700297626,0.23880929844157,0.445370085790622
SMR,San Marino,2013,,0.653581280807502,0.568053799213903,0.749894507820686,0.642795535387918,
SOM,Somalia,2013,29.0382167836007,0.227458791454126,0.394377476150593,0.0605401067576599,,0.646694455782112
SRB,Serbia,2013,47.5418275438679,0.40847016240748,0.362285693285438,0.459555807073845,0.403568986863156,0.457633611530121
STP,Sao Tome and Principe,2013,41.2083090257052,0.355446136695313,0.317761724531929,0.437571638653659,0.311005046900351,0.531279956181209
SUR,Suriname,2013,44.5611567250432,0.328163632960199,0.28060724026176,0.477152111598717,0.226731547020119,0.436940498459334
SVK,Slovakia,2013,57.6164822971353,0.517250225511498,0.5140292450537,0.613655156289696,0.424066275191097,0.364920579568792
SVN,Slovenia,2013,64.1766353946257,0.634146600142362,0.558333229195766,0.643406727961658,0.700699843269662,0.350613892249848
SWE,Sweden,2013,71.8581924906736,0.759224267410136,0.725283217230024,0.856143533484454,0.696246051515929,0.322060417596665
SWZ,Swaziland,2013,40.0663523253675,0.322286125101967,0.315928519436571,0.427285335349894,0.223644520519437,0.520959078594618
SYC,Seychelles,2013,49.092596748995,0.438971428149993,0.516852380900552,0.573939854375389,0.226122049174039,0.457119493170094
SYR,Syrian Arab Republic,2013,38.6661564493502,0.278124813540393,0.370177641220955,0.173296614007497,0.290900185392725,0.504801684553389
TCD,Chad,2013,26.8776312405975,0.17219218877132,0.0707327549196932,0.233609119280307,0.21223469211396,0.63463956395937
TGO,Togo,2013,37.5556601108421,0.272903669278708,0.251766341099039,0.335881473696725,0.231063193040359,0.521790467061865
THA,Thailand,2013,50.1206846197524,0.450614818332362,0.60892510681491,0.421384136745184,0.321535211436991,0.448201125937314
TJK,Tajikistan,2013,43.4480943485818,0.269549330873292,0.269603426676874,0.271841354351439,0.267203211591562,0.400587443901656
TKM,Turkmenistan,2013,39.7610105797172,0.241867293872374,,0.273834577666499,0.209900010078248,0.44664708227803
TLS,Timor-Leste,2013,40.0292538438556,0.375301849136113,0.432233161369737,0.330983646171836,0.362688739866766,0.574716772259
TON,Tonga,2013,41.3221119360666,0.427834292049002,0.532925006574104,0.513837621727174,0.236740247845729,0.60139205332767
TTO,Trinidad and Tobago,2013,48.9305065377759,0.369666158777839,0.396837026320199,0.509019098590073,0.203142351423244,0.391056028022321
TUN,Tunisia,2013,50.6927634154808,0.436985007175969,0.580116288741358,0.440914413318622,0.289924319467928,0.423129738866353
TUR,Turkey,2013,52.6672532002884,0.454980871105588,0.475275289337831,0.481320773251061,0.408346550727872,0.40163580709982
TUV,Tuvalu,2013,40.6800089625109,0.38739023745502,,0.550682723440652,0.224097751469389,0.573790058204803
TZA,"Tanzania, United Republic of",2013,38.9463995816741,0.303290240853101,0.297193163362012,0.402106897488837,0.210570661708454,0.52436224921962
UGA,Uganda,2013,35.7344813626984,0.265037108930618,0.251926746544883,0.361348325067117,0.181836255179854,0.55034748167665
UKR,Ukraine,2013,47.0681496764436,0.338826897751646,0.197645543671332,0.323769233229672,0.495065916353935,0.397463904222774
URY,Uruguay,2013,54.5981527706519,0.494273491859357,0.459619717823474,0.692485119562068,0.330715638192528,0.402310436446319
USA,United States,2013,69.5762221767715,0.708026777303339,0.77346901316151,0.726582580240742,0.624028738507765,0.316502333767909
UZB,Uzbekistan,2013,44.0531079248045,0.27895285292006,0.308357382392743,0.281926952482573,0.246574223884863,0.39789069442397
VCT,Saint Vincent and the Grenadines,2013,54.7491796946319,0.5078824752478,0.558974850979141,0.683272363775584,0.281400210988676,0.412898881355162
VEN,"Venezuela, Bolivarian Republic o",2013,41.5394619811121,0.219212345479014,0.144005962581155,0.19978425667451,0.313846817181375,0.388423105856772
VNM,Viet Nam,2013,44.3842237540803,0.37685710313699,0.43267160292171,0.4262431081891,0.27165659830016,0.489172628055384
VUT,Vanuatu,2013,40.4270506374957,0.387585979882986,0.410696056841105,0.594952449894884,0.15710943291297,0.579044967133071
WSM,Samoa,2013,45.0326652098263,0.436766984932017,0.579859640028008,0.598772837247739,0.131668477520305,0.536113680735491
YEM,Yemen,2013,34.9124463431142,0.288790138589236,0.408322056242618,0.218725701367459,0.239322658157632,0.590541211726952
ZAF,South Africa,2013,46.2627578522558,0.378982591095244,0.429688061629015,0.519807199702745,0.187452511953971,0.453727434050128
ZMB,Zambia,2013,41.0608283398823,0.328157515960866,0.387308942837075,0.45529039436577,0.141873210679752,0.506940949163219
ZWE,Zimbabwe,2013,33.9344499886636,0.184399041015977,0.221096819853699,0.215372591115154,0.116727712079078,0.505710041242706
AFG,Afghanistan,2014,31.1743745717866,0.244201268670917,0.217792467669316,0.172842385854514,0.34196895248892,0.620713777235184
AGO,Angola,2014,34.5503328124816,0.213968348637904,0.167475570814477,0.282385768834074,0.192043706265161,0.522961692388272
ALB,Albania,2014,47.5897874234279,0.408234621647991,0.382528860550929,0.46497293773789,0.377202066655154,0.456438873179432
AND,Andorra,2014,57.9752994592964,0.520932620327096,,0.760716689874969,0.281148550779222,0.361426631141168
ARE,United Arab Emirates,2014,56.5140755495537,0.580329200988748,0.770677958403827,0.667647047229546,0.302662597332871,0.450047689997675
ARG,Argentina,2014,46.2936045241185,0.335807498110307,0.276340455402314,0.381476251166432,0.349605787762176,0.409935407627938
ARM,Armenia,2014,53.7264424467031,0.472266828168794,0.577196909627001,0.440909932950765,0.398693641928616,0.397737979234732
ATG,Antigua and Barbuda,2014,49.1305789741654,0.468725460483133,0.476911424885438,0.622142137101266,0.307122819462696,0.486113880999826
AUS,Australia,2014,69.358052661155,0.708905315361678,0.732854354273853,0.823662986026567,0.570198605784616,0.321744262138578
AUT,Austria,2014,68.7987761701852,0.706985252993306,0.639209654990225,0.794980763351874,0.686765340637818,0.331009729589601
AZE,Azerbaijan,2014,49.0877738046639,0.412858295027637,0.520092570906598,0.374092754885939,0.344389559290374,0.431102818934359
BDI,Burundi,2014,33.1020248503265,0.271397129280851,0.289493701961508,0.28794890000934,0.236748785871704,0.60935663227432
BEL,Belgium,2014,61.1470708279313,0.609077097089179,0.559616472762517,0.737196336092901,0.530418482412119,0.386135680530553
BEN,Benin,2014,35.1194176388359,0.298328884016383,0.196490624461255,0.425076627668081,0.273419399919813,0.595940531239665
BFA,Burkina Faso,2014,37.7717575531667,0.281524881427027,0.241051257316671,0.402608026278897,0.200915360685512,0.526089730363692
BGD,Bangladesh,2014,34.1604958269734,0.251414169534073,0.191165163659241,0.304045515691463,0.259031829251516,0.568204252994606
BGR,Bulgaria,2014,54.6578611426845,0.462114556489398,0.496833781259242,0.495237307263674,0.394272580945277,0.368957333635707
BHR,Bahrain,2014,48.5238577084067,0.467889219736467,0.628879544277883,0.477488053587262,0.297300061344255,0.497412065568332
BHS,Bahamas,2014,50.4744023474436,0.451948057899421,0.47402412686025,0.656429876318519,0.225390170519495,0.44246001095055
BIH,Bosnia and Herzegovina,2014,49.9561902223332,0.383566153164176,0.329434657976622,0.467278985178664,0.353984816337244,0.384442348717512
BLR,Belarus,2014,54.4366197972148,0.477578682015298,0.464528124466294,0.422386463241596,0.545821458338004,0.388846286071003
BLZ,Belize,2014,41.8358986598482,0.335783147126399,0.383844185206849,0.431071152039711,0.192434104132638,0.499065173929435
BOL,"Bolivia, Plurinational State of",2014,40.9975356239549,0.286640696354436,0.298219758215413,0.357486920761737,0.204215410086159,0.466689983875338
BRA,Brazil,2014,49.2718016729285,0.358539833030092,0.324173359352944,0.470250799560021,0.281195340177311,0.373103799571523
BRB,Barbados,2014,54.0327782089975,0.513023184209931,0.496384646010879,0.689360976621779,0.353323929997135,0.432367620029981
BRN,Brunei Darussalam,2014,54.6230662885388,0.519699479395554,0.539309143318688,0.698803261239848,0.320986033628126,0.427238153624778
BTN,Bhutan,2014,44.5807532774613,0.438391400793235,0.477323896031894,0.602581310637668,0.235268995710144,0.546776335244009
BWA,Botswana,2014,46.6294905845833,0.429340771734464,0.440082334519695,0.664654757674222,0.183285223009476,0.496750960042798
CAF,Central African Republic,2014,26.4280342830385,0.121505987208732,0.0320429613821613,0.159233229116865,0.173241771127171,0.592945301547961
CAN,Canada,2014,68.8444402954199,0.680025309440767,0.674338447630024,0.820078656750086,0.54565882394219,0.303136503532368
CHE,Switzerland,2014,71.5585421868688,0.733668053494621,0.696666885691485,0.879853690419826,0.62448358437255,0.302497209757245
CHL,Chile,2014,59.9226067975676,0.560775276372123,0.58967645331365,0.729446476165056,0.363202899637661,0.36232314042077
CHN,China,2014,51.764048722281,0.435247691278232,0.367290343195766,0.420238380767273,0.518214349871656,0.399966716832612
CIV,Cote d'Ivoire,2014,37.9994746723583,0.252939501103214,0.203227653186697,0.374106470353634,0.181484379769312,0.492950007656049
CMR,Cameroon,2014,39.0989321265803,0.262944811912459,0.190266893162515,0.303965605393337,0.294601937181524,0.480966169380854
COD,"Congo, the Democratic Republic o",2014,29.2778247945624,0.168740444808753,0.142947286638585,0.185830275693622,0.177443772094051,0.583183948917505
COG,Congo,2014,33.7824623861386,0.223730530808259,0.116544550252691,0.304404206638192,0.250242835533894,0.548081283085486
COL,Colombia,2014,47.7346633969954,0.37787784757371,0.443739578684934,0.428423796680101,0.261470167356096,0.423184579633803
COM,Comoros,2014,39.4110837329883,0.298216500987682,0.359815449419443,0.358368838634333,0.176465214909271,0.509994826327917
CPV,Cape Verde,2014,48.3923718358331,0.449348879146615,0.494886000845424,0.608114729955522,0.245045906638899,0.481501442429953
CRI,Costa Rica,2014,53.1477601750674,0.455929398219692,0.464848935357983,0.630583968251443,0.27235529104965,0.392974194718345
CUB,Cuba,2014,43.5862469745584,0.32431679217414,,0.453724991507685,0.194908592840595,0.452591852682971
CYP,Cyprus,2014,57.7204634838547,0.508079286085892,0.551082903043625,0.665036781666161,0.308118173547892,0.353670016408798
CZE,Czech Republic,2014,63.2085076675811,0.562217680764414,0.493369023629015,0.668568722992015,0.524715295672211,0.298047527412792
DEU,Germany,2014,70.690434058663,0.720847596287217,0.677482394368563,0.808351111184585,0.676709283308503,0.307038915113958
DJI,Djibouti,2014,35.2192792343662,0.30679936461453,0.365397558934808,0.359484254814101,0.195516280094681,0.602413779927206
DMA,Dominica,2014,56.009742060771,0.556556543544686,0.470912261210879,0.642200825878493,,0.436361702329267
DNK,Denmark,2014,72.8295594294484,0.792179678317722,0.807122075699545,0.850310466373823,0.719106492879799,0.335588489728754
DOM,Dominican Republic,2014,44.3063295559876,0.360063511694734,0.370883425182667,0.434821649321039,0.274485460580497,0.473936920574983
DZA,Algeria,2014,42.2988700665279,0.294268999067765,0.279965618478384,0.325599553672003,0.277241825052909,0.448291597737207
ECU,Ecuador,2014,42.227446690694,0.321168605531928,0.338353200765538,0.37353999745692,0.251612618373326,0.476619671718049
EGY,Egypt,2014,42.2250934943904,0.330888531616245,0.3489720412804,0.326227298081602,0.317466255486734,0.486386661728438
ERI,Eritrea,2014,27.9387855204017,0.199043490408958,0.225417073195093,0.237988073566926,0.133725324464854,0.640267780000924
ESP,Spain,2014,60.6193127896134,0.536664441872771,0.509987027818436,0.636876977764475,0.463129320035402,0.324278186080503
EST,Estonia,2014,63.9749600216317,0.64174088793847,0.720599378211384,0.759736598242546,0.44488668736148,0.362241687505835
ETH,Ethiopia,2014,36.7731388348988,0.292065202486365,0.311308842596269,0.340008627584246,0.224878137278579,0.556602425788389
FIN,Finland,2014,73.3166873862681,0.783385795739178,0.770677958403827,0.867768426255827,0.71171100255788,0.317052048013816
FJI,Fiji,2014,48.5387545994462,0.46301217839026,0.467607909026497,0.505446787067023,0.41598183907726,0.492237086401336
FRA,France,2014,66.7108412465435,0.65993880067228,0.607834349783172,0.707112010143908,0.664870042089761,0.325721975741411
FSM,"Micronesia, Federated States of",2014,37.0184254756759,0.365975639706105,0.347679631688172,0.571499907075191,0.178747380354952,0.625607130192587
GAB,Gabon,2014,42.701019986557,0.299291380592728,0.227737605311634,0.389268497483935,0.280868038982615,0.445270980861588
GBR,United Kingdom,2014,71.2930441464033,0.70555932217479,0.72329418970156,0.774866410014791,0.618517366808018,0.279698439246724
GEO,Georgia,2014,56.81355077673,0.561525335577628,0.755599846494508,0.60425240502601,0.324723755212366,0.425254320043028
GHA,Ghana,2014,42.7346385460005,0.350036144389464,0.364178477546396,0.488823792950322,0.197106162671675,0.495343373469454
GIN,Guinea,2014,39.3779137940818,0.275351275515427,0.266363236670827,0.257639776871849,0.302050813003604,0.487792999633791
GMB,Gambia,2014,36.3888041521257,0.301198202023345,0.314356546067302,0.363208672018026,0.226029387984706,0.573422118980832
GNB,Guinea-Bissau,2014,30.4753397740121,0.24704198851007,0.222215074961867,0.243309680831681,0.275601209736663,0.637535193029829
GNQ,Equatorial Guinea,2014,39.4559183150617,0.23790259994839,0.317798388633836,0.241727705079906,0.154181706131427,0.448784233647157
GRC,Greece,2014,57.5206649557187,0.507218223351715,0.474633667554456,0.525500237835196,0.521520764665492,0.35680492423734
GRD,Grenada,2014,53.635783166152,0.498968658470597,0.426324130279033,0.557221293727707,0.513360551405051,0.426252995147556
GTM,Guatemala,2014,41.6709415310015,0.309359390405507,0.391030349180652,0.350650144321759,0.186397677714111,0.475940559785478
GUY,Guyana,2014,40.2733507704578,0.315707680148818,0.340823444631533,0.40207553486103,0.204224060953892,0.510240664739662
HND,Honduras,2014,39.7472939679461,0.266853593214819,0.308100733679392,0.331176380503035,0.161283665462029,0.471907713855896
HRV,Croatia,2014,54.59517082742,0.48237734732442,0.440916442838083,0.562034406027615,0.444181193107563,0.39047393077602
HTI,Haiti,2014,34.0513861313553,0.224261211478003,0.260162420435779,0.25665322003497,0.155967993963259,0.543233488850896
HUN,Hungary,2014,56.533613092708,0.51736274572233,0.514735029015414,0.587227871981995,0.450125336169581,0.38669048386817
IDN,Indonesia,2014,45.1637040998785,0.349933203608996,0.351795177127251,0.428065646958655,0.269938786741083,0.446659121611426
IND,India,2014,39.2897633858261,0.295610653495391,0.186385081373095,0.416993150214945,0.283453728898132,0.509815385778869
IRL,Ireland,2014,64.9781559906246,0.621395698327944,0.632889680423978,0.800471260702738,0.430826153857117,0.321832578515451
IRN,"Iran, Islamic Republic of",2014,48.6679292026264,0.400429204865429,0.373000777067806,0.301170036369386,0.527116801159095,0.4270706208129
IRQ,Iraq,2014,38.8908816213384,0.277900633638555,0.354315834133369,0.201725623492308,0.277660443289987,0.500083001211786
ISL,Iceland,2014,71.8848102431692,0.752897743142117,0.788194233089974,0.803102321471222,0.667396674865155,0.315201538278734
ISR,Israel,2014,58.6584452392092,0.541003607226316,0.511334433563524,0.614013418419283,0.49766296969614,0.367834702442131
ITA,Italy,2014,57.4481629936261,0.511987455536205,0.453331824346396,0.571304088049377,0.511326454212841,0.363024195663683
JAM,Jamaica,2014,46.8503880450607,0.374825415679785,0.390645376110627,0.481754242359927,0.2520766285688,0.437817654778572
JOR,Jordan,2014,48.6736147917367,0.414196615865711,0.434821035896018,0.491847698140558,0.315921113560557,0.440724320030977
JPN,Japan,2014,67.740257929125,0.711814318020403,0.707317807295515,0.779261126886492,0.648864019879202,0.357009159437904
KAZ,Kazakhstan,2014,56.0269351131687,0.476556832190835,0.5124893527736,0.419496250991313,0.497684892807592,0.35601812992746
KEN,Kenya,2014,38.1553272100084,0.264994470240805,0.258375045467805,0.355941225667045,0.180667139587565,0.501887926040638
KGZ,Kyrgyzstan,2014,49.6099546970696,0.368671929767623,0.440018172341358,0.338206425997283,0.327791190964227,0.37647283582623
KHM,Cambodia,2014,38.7334254854837,0.278259825808441,0.24162871692171,0.331050145446608,0.262100615057004,0.503591316098766
KIR,Kiribati,2014,39.464660882986,0.370339763792175,0.394316369314082,0.563032691767324,0.15367023029512,0.581046546132454
KNA,Saint Kitts and Nevis,2014,53.2919133236024,0.538183572694371,0.499798990500984,0.543610636678674,0.571141090903456,0.472345306222323
KOR,"Korea, Republic of",2014,68.6092571902903,0.736678197191205,0.793423450624482,0.658528683756864,0.758082457192268,0.364493053385399
KWT,Kuwait,2014,48.8447147494593,0.412729115443904,0.472323829134304,0.489423999028355,0.276439518169053,0.435834820454719
LAO,Lao People's Democratic Republic,2014,40.1491211796239,0.301622404883976,0.268961804893497,0.388040426210698,0.247864983547731,0.498639981291497
LBN,Lebanon,2014,43.4352114551132,0.328091060825833,0.383330887780148,0.317311587682768,0.283630707014582,0.459386831723568
LBR,Liberia,2014,35.0506801306391,0.298806772369669,0.266716128651685,0.358099569545502,0.271604618911821,0.597793169756887
LBY,Libyan Arab Jamahiriya,2014,36.7883936080876,0.233764467101918,0.324500586462466,0.147285407320445,0.229507407522843,0.497996594940166
LCA,Saint Lucia,2014,56.1537641113521,0.464934085239851,0.506169378207352,0.611519664200156,0.277113213312044,0.341858803012809
LIE,Liechtenstein,2014,,0.64468888746871,0.609306024758481,0.847798750657402,0.476961886990246,
LKA,Sri Lanka,2014,45.1572659926065,0.365772295475312,0.398922297116169,0.434251112795529,0.264143476514238,0.462626975623183
LSO,Lesotho,2014,40.3202443999625,0.322707723779638,0.344191958994255,0.475098727075689,0.14883248526897,0.516302835780389
LTU,Lithuania,2014,60.8102155617889,0.600717991420204,0.70561750956957,0.663598633756961,0.432937830934082,0.384513680184426
LUX,Luxembourg,2014,67.8921335979034,0.693876434252096,0.62371448892171,0.853540535879622,0.604374277954958,0.336033762294029
LVA,Latvia,2014,59.5383327758012,0.57976694204183,0.66535574266277,0.645550984924603,0.428394098538117,0.389000286525806
MAR,Morocco,2014,46.424260991324,0.404964081300857,0.493176537094003,0.444673968794902,0.277041738013667,0.476478861474377
MCO,Monaco,2014,65.5121472988018,0.719158143520289,,0.773802269502467,0.664514017538111,0.408915197544253
MDA,"Moldova, Republic of",2014,47.5623544405862,0.405135112491094,0.397125756122717,0.41943305319551,0.398846528155053,0.453888023679369
MDG,Madagascar,2014,35.4277724369425,0.264897591514076,0.255199017640098,0.346186989301219,0.193306767600912,0.556342142775226
MDV,Maldives,2014,43.6330498003605,0.415157764422395,0.468826990414909,0.451743289625793,0.324903013226482,0.542496768415184
MEX,Mexico,2014,48.4842503603807,0.371710009555243,0.458849771683424,0.397220742120865,0.259059514861441,0.402025002347629
MHL,Marshall Islands,2014,44.5385683369029,0.409065678323036,0.482016901076011,0.550828122620189,0.194352011272907,0.518294311584977
MKD,Macedonia,2014,53.213451657193,0.467424748648718,0.575881584971081,0.508521859617744,0.317870801357329,0.403155715504858
MLI,Mali,2014,34.3193387869982,0.296403422294441,0.257123882990223,0.3298667381303,0.302219645762799,0.610016646554476
MLT,Malta,2014,57.1741966775446,0.510708407028281,0.516788218722214,0.688954247416693,0.326382754945937,0.367224473477389
MMR,Myanmar,2014,34.7598511614031,0.220492272172488,0.207879411116168,0.267330164302645,0.186267241098651,0.525295248944425
MNE,Montenegro,2014,51.7923946639348,0.468668994805782,0.485220426980149,0.516288153916963,0.404498403520235,0.432821101527086
MNG,Mongolia,2014,50.68895382405,0.433582376009897,0.440595631946395,0.484621221479359,0.375530274603939,0.419803299528897
MOZ,Mozambique,2014,38.2242786828101,0.26836855780628,0.275602590351433,0.354028898827468,0.175474184239938,0.503882984150078
MRT,Mauritania,2014,34.0371268802431,0.313767081489313,0.355415757190583,0.328340149520139,0.257545337757219,0.633024543884451
MUS,Mauritius,2014,53.9526285491883,0.543468430214018,0.646812873123223,0.666407087224266,0.317185330294565,0.464415859230253
MWI,Malawi,2014,34.1979262524096,0.267596783679407,0.228892524521709,0.406202481715457,0.167695344801056,0.583638258631216
MYS,Malaysia,2014,56.6277143062699,0.519883626275825,0.668820500292996,0.577085667085561,0.313744711448918,0.387329340150427
NAM,Namibia,2014,42.3611670280466,0.383132924635194,0.397767377906093,0.575762702368005,0.175868693631485,0.535909584074263
NER,Niger,2014,35.2258257769073,0.293266401132882,0.200725328231533,0.364944063038036,0.314129812129077,0.588749885594736
NGA,Nigeria,2014,35.3499147971212,0.204893486664966,0.184203567309618,0.237115955989821,0.193360936695459,0.497895190722542
NIC,Nicaragua,2014,43.6548457323128,0.303331812512475,0.331391604415916,0.375815517158072,0.202788315963437,0.43023489786622
NLD,Netherlands,2014,67.3653698774527,0.712423704771792,0.69108477617612,0.831669196560574,0.614517141578682,0.365116307222737
NOR,Norway,2014,76.756011306777,0.797063547251173,0.82649905355748,0.859093390922077,0.705598197273963,0.261943321115634
NPL,Nepal,2014,40.7695056772151,0.341656726168713,0.418684248044128,0.355132378062037,0.251153552399973,0.526266612624411
NRU,Nauru,2014,52.2083194267539,0.55291425978425,,0.55291425978425,,0.508747871249173
NZL,New Zealand,2014,75.0748672141048,0.796505915478329,0.799871749547405,0.878844921715714,0.710801075171867,0.295008571196233
OMN,Oman,2014,51.3475630975929,0.493066685155397,0.664682039790225,0.575639130516423,0.238878885159544,0.46611542320354
PAK,Pakistan,2014,36.9830036602235,0.275932364155122,0.310603058634556,0.251770806467895,0.265423227362915,0.536272290950652
PAN,Panama,2014,49.4201233101413,0.406781275820804,0.480055371623977,0.503978400877586,0.236310054960849,0.418378809617978
PER,Peru,2014,48.2087744093068,0.395746230666176,0.472484234580148,0.435989577465624,0.278764879952757,0.43157074248004
PHL,Philippines,2014,44.1066389399776,0.344217353010862,0.35962296288443,0.418243845243799,0.254785250904357,0.462084574211311
PLW,Palau,2014,49.6878762103807,0.484553457833617,0.415636544573096,0.600569963607716,0.43745386532004,0.490795933626004
PNG,Papua New Guinea,2014,36.6654852809396,0.295473220753766,0.356414853967554,0.376040586572345,0.1539642217214,0.562163515134975
POL,Poland,2014,62.8906887799811,0.571162584311128,0.522787382396773,0.679361932403542,0.51133843813307,0.313348808711506
PRK,"Korea, Democratic People's Repub",2014,41.5665152856307,0.348455596337509,,0.20267382127545,0.494237371399569,0.517125290624895
PRT,Portugal,2014,60.3191948765715,0.577514709211698,0.637669762710125,0.663603100750854,0.431271264174113,0.371130811680267
PRY,Paraguay,2014,47.5055832511463,0.346736436782394,0.401456703160501,0.404235663645772,0.23451694354091,0.396624771759469
QAT,Qatar,2014,53.921002127791,0.503431645216084,0.623008704959998,0.664864848089987,0.222421382598266,0.425011602660264
ROU,Romania,2014,53.2451970880356,0.463079406162724,0.427346142119695,0.535458662651361,0.426433413717117,0.398175464402012
RUS,Russian Federation,2014,58.4917148604859,0.489478537492572,0.52705416725622,0.357465743830156,0.583915701391341,0.319644240282854
RWA,Rwanda,2014,38.2111018206218,0.383528625976854,0.450187877607856,0.520591230239535,0.179806770083171,0.619306589564417
SAU,Saudi Arabia,2014,50.2389586965738,0.461233750167568,0.608251403942366,0.462320167441442,0.313129679118897,0.456454576236093
SDN,Sudan,2014,30.6910917868627,0.245452449866652,0.328536387479896,0.176599267932605,0.231221694187455,0.631630614129398
SEN,Senegal,2014,39.1804123390327,0.31846587770837,0.1992175170406,0.482530869803434,0.273649246281075,0.534857630927717
SGP,Singapore,2014,70.7777404889483,0.807337518385319,0.851939357268312,0.846300937162066,0.723772260725578,0.391782708606352
SLB,Solomon Islands,2014,38.5610850177917,0.401447840156546,0.354393745349921,0.448501934963171,,0.630226139800713
SLE,Sierra Leone,2014,34.5281476680382,0.285882998570744,0.205312923982667,0.363283728938655,0.28905234279091,0.595320045209979
SLV,El Salvador,2014,45.4876462072958,0.355314097501998,0.377427967373095,0.449244480124414,0.239269845008486,0.445561173356082
SMR,San Marino,2014,,0.598711251501545,0.53770508886025,0.750711736039981,0.507716929604404,
SOM,Somalia,2014,29.726564501328,0.240424141492226,0.394377476150593,0.0864708068338596,,0.645892851465666
SRB,Serbia,2014,48.4020254571021,0.419815431904807,0.352982177426496,0.495068967264247,0.411395151023678,0.451774922762765
STP,Sao Tome and Principe,2014,41.4560454888922,0.358041780438164,0.308485706749418,0.452044963904059,0.313594670661015,0.528920870660319
SUR,Suriname,2014,44.1335550244588,0.32294925036734,0.279837294121709,0.458758725437361,0.23025173154295,0.440278149878164
SVK,Slovakia,2014,57.2953144664516,0.510545136664478,0.491123347387202,0.610023252143941,0.430488810462291,0.364638847335446
SVN,Slovenia,2014,64.1593429009383,0.63011976591657,0.561733824647655,0.651054883050352,0.677570590051704,0.346932907897805
SWE,Sweden,2014,71.3982822758979,0.750607578378407,0.722973378809872,0.838344681148731,0.690504675176618,0.322641932860449
SWZ,Swaziland,2014,39.9909552683059,0.318537432869641,0.309031085265287,0.422655038458807,0.223926174884828,0.518718327503522
SYC,Seychelles,2014,49.2597591369884,0.434663284341084,0.518584759715665,0.554249669439327,0.231155423868259,0.449468101601317
SYR,Syrian Arab Republic,2014,37.5744610611554,0.261921627655785,0.32218433182448,0.150950932199159,0.312629618943716,0.510432406432676
TCD,Chad,2014,26.7686464760143,0.170638316184622,0.0618783743091142,0.23622181971619,0.213814754528561,0.635265386664336
TGO,Togo,2014,38.1471590096695,0.284500234781838,0.260909451512137,0.360881379944284,0.231709872889092,0.521557054588447
THA,Thailand,2014,50.1053568889989,0.448282558811082,0.615020513756976,0.413968492212988,0.315858670463282,0.446175421031105
TJK,Tajikistan,2014,44.0503866203009,0.277061779873357,0.256642666652692,0.303993644629743,0.270549028337635,0.39605404746734
TKM,Turkmenistan,2014,39.6429155421098,0.239470056206295,,0.267360836560336,0.211579275852254,0.4466117453641
TLS,Timor-Leste,2014,40.2445384433587,0.38409193442518,0.426159141820451,0.355345132351289,0.370771529103799,0.579201165558006
TON,Tonga,2014,40.3727393489148,0.418917453265369,0.527503302504582,0.49601711657629,0.233231940715236,0.611462666287072
TTO,Trinidad and Tobago,2014,48.7620326442671,0.365955293663873,0.392891052352441,0.494249816393203,0.210725012245975,0.390714640778532
TUN,Tunisia,2014,50.7330161963913,0.441199597701567,0.576459044576119,0.453290232530192,0.293849515998389,0.42653927377374
TUR,Turkey,2014,52.7876186997596,0.458323183528533,0.488428535897025,0.460070132572434,0.426470882116139,0.40257080953334
TUV,Tuvalu,2014,42.1446144164106,0.406579370427388,,0.584307122198704,0.228851618656072,0.563687082099176
TZA,"Tanzania, United Republic of",2014,39.0553674489373,0.302371831747297,0.292637648700047,0.401595636558322,0.212882209983523,0.521264482768552
UGA,Uganda,2014,35.8558608681485,0.264727117076106,0.256514342296017,0.354566067963222,0.183100940969081,0.547609899713135
UKR,Ukraine,2014,48.6834922304691,0.359791295989555,0.300818326438083,0.287065677407373,0.49148988412321,0.386121451380173
URY,Uruguay,2014,54.9395741188636,0.499831485285901,0.460004690893499,0.700616618967592,0.338873145996613,0.401040002908629
USA,United States,2014,68.2529865651352,0.681248041210182,0.688101234883424,0.731101025303192,0.62454186344393,0.316188309907478
UZB,Uzbekistan,2014,44.9753191982673,0.297701956129611,0.338353200765538,0.298876030266458,0.255876637356837,0.398195572164265
VCT,Saint Vincent and the Grenadines,2014,54.2291801742673,0.497104784420995,0.561578002214549,0.627516552968483,0.302219798079953,0.412521180935649
VEN,"Venezuela, Bolivarian Republic o",2014,40.9024275646475,0.204434788644348,0.113111873711634,0.185413663045858,0.314778829175553,0.386386237351398
VNM,Viet Nam,2014,44.7035108571311,0.378843326763942,0.418267193884934,0.435122301629073,0.28314048477782,0.48477310962132
VUT,Vanuatu,2014,40.9661581971057,0.389785958671434,0.403092838708109,0.594302089304608,0.171962948001586,0.57046279472932
WSM,Samoa,2014,45.6871576464313,0.436377876386398,0.56420406851365,0.605965957900028,0.138963602745516,0.522634723457773
YEM,Yemen,2014,33.986259733318,0.279678160870466,0.408546623866799,0.190040902296465,0.240446956448134,0.599952966204106
ZAF,South Africa,2014,46.3271640734511,0.377772228336131,0.427025331228007,0.514203389215826,0.192087964564559,0.451228946867109
ZMB,Zambia,2014,41.1841882684947,0.329664637249612,0.408995759115161,0.436986936733604,0.143011215900072,0.505980871879718
ZWE,Zimbabwe,2014,33.7574848415227,0.183183063946567,0.215739277962515,0.212272616578392,0.121537297298795,0.508033367116113
AFG,Afghanistan,2015,31.3447092634694,0.244558092810363,0.216541305191735,0.172976162140069,0.344156811099284,0.617663907540975
AGO,Angola,2015,34.2063125034115,0.209029557094137,0.157942904318614,0.277090910840667,0.192054856123129,0.524903307025906
ALB,Albania,2015,48.2003680411559,0.416189271047263,0.406236785446647,0.465947801769375,0.376383225925768,0.452181910224145
AND,Andorra,2015,58.3617773519898,0.52515248533258,,0.761525826357738,0.288779144307422,0.357916938292783
ARE,United Arab Emirates,2015,56.6381716530347,0.580331716970907,0.769908012263777,0.665982089437185,0.305105049211758,0.447568283910213
ARG,Argentina,2015,46.6608404394889,0.342510314382968,0.265304560728258,0.404887896051742,0.357338486368905,0.409293505593191
ARM,Armenia,2015,54.2597835405982,0.483794822255619,0.600006564025993,0.451188504243464,0.4001893984974,0.398599151443654
ATG,Antigua and Barbuda,2015,49.1034383239256,0.470930840223451,0.468730747147403,0.636364596410252,0.307697177112699,0.488862073744939
AUS,Australia,2015,69.2572459062908,0.706232290116801,0.722235513758991,0.812363876562968,0.584097480028445,0.321087371990985
AUT,Austria,2015,68.9375501357398,0.706269818305926,0.638632195385187,0.788702739452078,0.691474520080511,0.32751881559113
AZE,Azerbaijan,2015,49.7690325969932,0.425659042356009,0.54652738838166,0.379875894528698,0.350573844157669,0.430278390416145
BDI,Burundi,2015,32.3285705807555,0.256053770588257,0.295043730387705,0.23286283989548,0.240254741481586,0.609482358973147
BEL,Belgium,2015,61.3570262629441,0.613739712270842,0.554451417406346,0.746304549697007,0.540463169709175,0.38659918701196
BEN,Benin,2015,36.2264065903034,0.315101381659432,0.237650661864782,0.43399498138463,0.273658501728882,0.590573249853364
BFA,Burkina Faso,2015,37.6337342160641,0.281673219076411,0.235404985622968,0.408419028862328,0.201195642743936,0.528998534755129
BGD,Bangladesh,2015,34.6888691699308,0.251376997401917,0.18625675701642,0.302700086839856,0.265174148349474,0.557599614003301
BGR,Bulgaria,2015,54.7776253885827,0.467160743911007,0.490866698673852,0.495131285115902,0.415484247943267,0.371608236139352
BHR,Bahrain,2015,48.9049766731668,0.476097946780175,0.632921761513147,0.496961423319025,0.298410655508352,0.497998413316838
BHS,Bahamas,2015,50.0835904238861,0.445132107989513,0.471810531707604,0.632688723884921,0.230897068376015,0.443460299511792
BIH,Bosnia and Herzegovina,2015,49.3395738970115,0.373851601610415,0.317500492805841,0.440502148432711,0.363552163592692,0.387060123670184
BLR,Belarus,2015,54.3699262374745,0.478174747470688,0.486856562527756,0.412276925602831,0.535390754281478,0.390776222721198
BLZ,Belize,2015,42.4893822573752,0.336862889764505,0.378326237869821,0.435707775629294,0.196554655794399,0.487075244617002
BOL,"Bolivia, Plurinational State of",2015,40.8620482429301,0.283535527533697,0.29125816186579,0.352498602888994,0.206849817846308,0.466294562675096
BRA,Brazil,2015,49.1255126094908,0.352454134288803,0.326515278862264,0.445184862498843,0.285662261505303,0.369943882098988
BRB,Barbados,2015,54.0792350719512,0.516359102798244,0.489904265998789,0.704915536319201,0.354257506076741,0.43477440135922
BRN,Brunei Darussalam,2015,54.089684177932,0.507517772496264,0.531417195383172,0.689465641973034,0.301670480132586,0.425724088937624
BTN,Bhutan,2015,45.2112493637232,0.446125941512133,0.47879046010818,0.618119063645136,0.241468300783084,0.541900954237669
BWA,Botswana,2015,46.5445846658392,0.423167189695256,0.43292825163506,0.649490285002918,0.18708303244779,0.492275496378473
CAF,Central African Republic,2015,26.8717031129715,0.126340691739929,0.0207824990839255,0.184541282449687,0.173698293686176,0.588906629480499
CAN,Canada,2015,68.7819131058887,0.6760477043974,0.651945847390225,0.826657352964584,0.549539912837393,0.300409442279627
CHE,Switzerland,2015,71.4997451863424,0.732545707237039,0.700516616391736,0.868607341999996,0.628513163319386,0.302550803510192
CHL,Chile,2015,59.6092936804671,0.555867238043011,0.584062262709116,0.706297285333575,0.377242166086342,0.363681364433669
CHN,China,2015,52.5792100056927,0.450606043338015,0.394527187900047,0.427494170195778,0.529796771918221,0.399021843224162
CIV,Cote d'Ivoire,2015,39.2956331226709,0.27630622627509,0.24031339226579,0.388301957923188,0.200303328636292,0.490393563821672
CMR,Cameroon,2015,39.0193729524952,0.258772087714137,0.176953241157477,0.302190389017829,0.297172632967104,0.478384628664232
COD,"Congo, the Democratic Republic o",2015,29.9884208153876,0.180638588969836,0.168282181056434,0.196006164304808,0.177627421548266,0.580870172662085
COG,Congo,2015,33.8365360634816,0.219700350525349,0.110160413508106,0.29643113058427,0.252509507483672,0.542969629255718
COL,Colombia,2015,47.8590125239274,0.378785554519088,0.431612926979141,0.436373233370135,0.268370503207989,0.42160530404054
COM,Comoros,2015,39.8815904519814,0.295352917531103,0.347752959891987,0.355171535640656,0.183134257060668,0.497721108491476
CPV,Cape Verde,2015,48.9327843714593,0.448518372047269,0.483483465152297,0.616872491314561,0.245199159674948,0.469862684618082
CRI,Costa Rica,2015,53.5340944227473,0.46368609245689,0.476173559834557,0.635857983812431,0.279026733723681,0.393004204001943
CUB,Cuba,2015,43.7487350340529,0.326394489488291,,0.457409049373298,0.195379929603284,0.451419788807233
CYP,Cyprus,2015,57.8939312010968,0.510704949779113,0.540688630152945,0.66096594112138,0.330460278063014,0.352826325757178
CZE,Czech Republic,2015,63.5559700233832,0.569137701108303,0.501517620277882,0.68494445383262,0.520951029214407,0.298018300640639
DEU,Germany,2015,70.3020709708892,0.712457031875258,0.65233082046025,0.802627836186183,0.682412438979341,0.306415612457474
DJI,Djibouti,2015,34.9403740798358,0.312073594746387,0.380571914111634,0.355572725728368,0.200076144399159,0.61326611314967
DMA,Dominica,2015,55.9301509654096,0.551163194731417,0.465650962587202,0.636675426875632,,0.432560175423225
DNK,Denmark,2015,73.0237875263429,0.795324322774463,0.810939725310629,0.854021746868891,0.72101149614387,0.334848572247605
DOM,Dominican Republic,2015,44.3194556180892,0.362553024784408,0.372359155284431,0.432280858457953,0.283019060610839,0.476163912422625
DZA,Algeria,2015,42.6842143096396,0.302333945068512,0.285323160369568,0.334213062293601,0.287465612542367,0.44864965887572
ECU,Ecuador,2015,41.886381114222,0.316096519117749,0.334375145708612,0.355954411758126,0.257959999886509,0.478368896833309
EGY,Egypt,2015,42.2587549351014,0.330345788098302,0.338513606211382,0.326906419735726,0.325617338347798,0.485170689396275
ERI,Eritrea,2015,27.7191382922681,0.191693508003792,0.221823991208192,0.220807194336924,0.13244933846626,0.63731074215843
ESP,Spain,2015,61.105164782218,0.54391461738302,0.527086248345388,0.641715759560805,0.462941844242866,0.321811321738659
EST,Estonia,2015,63.909059333194,0.640827854416493,0.73057659694287,0.758723366076494,0.433183600230116,0.362646667752613
ETH,Ethiopia,2015,37.2685593673372,0.291009455670299,0.308036571501054,0.334920336364228,0.230071459145615,0.545638268323555
FIN,Finland,2015,72.8917948476801,0.770671761752372,0.733078921898034,0.869052635906502,0.709883727452579,0.31283586479877
FJI,Fiji,2015,48.7133607761435,0.463451646707373,0.461095447925236,0.511178728368759,0.418080763828123,0.489184431184503
FRA,France,2015,66.7491509743505,0.661035275115916,0.619351460794759,0.699310797459536,0.664443567093454,0.326052255628907
FSM,"Micronesia, Federated States of",2015,37.3273389664637,0.370803212406078,0.359632128909907,0.572971599566546,0.179805908741781,0.624256433076803
GAB,Gabon,2015,42.6411581636192,0.29828745981938,0.213910655879896,0.393666840685298,0.287284882892947,0.445464296546997
GBR,United Kingdom,2015,71.8592197661916,0.714297315331749,0.733880949127253,0.789371531458412,0.619639465409581,0.277112920007916
GEO,Georgia,2015,56.457755021139,0.558888428112354,0.750113980246649,0.598355883362939,0.328195420727475,0.429733327689573
GHA,Ghana,2015,42.5105184420947,0.352832061656343,0.367418667552441,0.490732778082508,0.200344739334079,0.502621692814449
GIN,Guinea,2015,40.1184564431118,0.294489856293582,0.271720778562011,0.307363768574746,0.30438502174399,0.492120727431346
GMB,Gambia,2015,36.6667416211678,0.303879261193087,0.31881581746176,0.363236575719483,0.229585390398019,0.570544428769731
GNB,Guinea-Bissau,2015,30.8509549612197,0.250905734026527,0.211875798224049,0.262952043285605,0.277889360569927,0.633886634802133
GNQ,Equatorial Guinea,2015,39.1339310148224,0.234803526596929,0.304012686316743,0.243417925705804,0.156979967768241,0.452124906300482
GRC,Greece,2015,57.7066582684115,0.513646097118584,0.488781427877881,0.527135850871323,0.525021012606549,0.359512931750354
GRD,Grenada,2015,54.8276737934508,0.52148247694164,0.432153722482272,0.596495447055674,0.535798261286972,0.424929001072623
GTM,Guatemala,2015,41.9091605511249,0.31435400074783,0.393917647205841,0.35398936367063,0.19515499136702,0.476170789725332
GUY,Guyana,2015,40.3449319198499,0.317554513742479,0.329178009263271,0.415385345879821,0.208100186084345,0.510655875345482
HND,Honduras,2015,40.0195367798859,0.26796364626283,0.294241703158486,0.344781877716531,0.164867357913472,0.467572910665112
HRV,Croatia,2015,54.9070917876002,0.49028039884733,0.461929556243625,0.564315258268299,0.444596382030065,0.392138563095326
HTI,Haiti,2015,33.9988305447224,0.224990248920023,0.261042358881551,0.255759533212576,0.158168854665942,0.545013638025575
HUN,Hungary,2015,56.5953615050277,0.515410648999446,0.503667053252189,0.593033880686329,0.449531013059821,0.383503418898893
IDN,Indonesia,2015,45.3340751296531,0.351295558390576,0.353816285744884,0.4235608204728,0.276509568954044,0.444614055797514
IND,India,2015,39.3613648917199,0.300332385962595,0.187122946423976,0.427210801782595,0.286663409681215,0.513105088128197
IRL,Ireland,2015,65.5088668401553,0.631702108624811,0.65935657898821,0.79971761573377,0.436032131152453,0.321524771821705
IRN,"Iran, Islamic Republic of",2015,49.4869164328797,0.41616751491688,0.376112642717176,0.325337902310192,0.547051999723272,0.426429186259287
IRQ,Iraq,2015,38.6076565982786,0.269677327461767,0.326377788480112,0.200837716781018,0.281816477124171,0.497524195496195
ISL,Iceland,2015,70.8518197503279,0.734093623621454,0.766988633149419,0.816467266479819,0.618824971235123,0.317057228614897
ISR,Israel,2015,59.0493413846348,0.548161608989287,0.499977727997781,0.627454623547609,0.517052475422473,0.367174781296592
ITA,Italy,2015,57.8647895277637,0.519191734575778,0.465971773478889,0.575148617804312,0.516454812444133,0.361895944020505
JAM,Jamaica,2015,46.5411551286758,0.368523855103252,0.369118965278385,0.491273886361058,0.245178713670314,0.437700752529736
JOR,Jordan,2015,49.1572743802637,0.419096843248215,0.436713820156975,0.504497012086541,0.316079697501128,0.435951355642941
JPN,Japan,2015,67.4327124286063,0.707151921055819,0.692207614297026,0.778771695094748,0.650476453775683,0.358497672483694
KAZ,Kazakhstan,2015,55.8485381982189,0.470432397535067,0.518648921894003,0.429013153386881,0.463635117324317,0.353461633570688
KEN,Kenya,2015,38.183326104757,0.260309993178746,0.25224755743657,0.346592133477093,0.182090288622574,0.496643471083605
KGZ,Kyrgyzstan,2015,49.0334845221071,0.362907164996208,0.42827649370559,0.333347278008805,0.327097723274228,0.382237474554067
KHM,Cambodia,2015,38.4485221320367,0.274432131787767,0.234891688196268,0.330324294596145,0.258080412570889,0.505461689147033
KIR,Kiribati,2015,40.2949952955903,0.364350349299688,0.386323595098321,0.548745745179439,0.157981707621304,0.558450443387882
KNA,Saint Kitts and Nevis,2015,54.7394516137526,0.56759515422582,0.487296531750641,0.623894232670343,0.591594698256475,0.472806121950767
KOR,"Korea, Republic of",2015,68.3971595055425,0.732502258788223,0.787809260019948,0.649630674600345,0.760066841744376,0.364559068677373
KWT,Kuwait,2015,48.3268018614823,0.403902763452377,0.444926578984178,0.481726462917151,0.285055248455802,0.437366726222732
LAO,Lao People's Democratic Republic,2015,40.1690830570616,0.30263684270555,0.265222066498968,0.393328572940218,0.249359888677463,0.499255181564317
LBN,Lebanon,2015,43.1918248407449,0.326079433482481,0.37107591171768,0.325603382339721,0.281559006390041,0.462242936667583
LBR,Liberia,2015,35.0021741689896,0.297127250672523,0.257059720811886,0.358879019868747,0.275443011336936,0.597083767292732
LBY,Libyan Arab Jamahiriya,2015,36.3043808469213,0.225834325624186,0.309717620573498,0.131403399526513,0.236381956772546,0.49974670868576
LCA,Saint Lucia,2015,56.3529221193261,0.469244302120597,0.503185836914657,0.624545554640925,0.280001514806208,0.342185859734075
LIE,Liechtenstein,2015,,0.638871377810312,0.609306024758481,0.841950773794192,0.465357334878264,
LKA,Sri Lanka,2015,46.2182063215667,0.386939122610164,0.419839167254203,0.475651789748898,0.265326410827391,0.462574996178829
LSO,Lesotho,2015,40.392301978284,0.319040630510677,0.337005795020451,0.470502875293691,0.149613221217888,0.511194590944997
LTU,Lithuania,2015,60.6607811152859,0.59591710551414,0.680337611304583,0.682349011311049,0.425064693926788,0.382701483208423
LUX,Luxembourg,2015,68.4855944206129,0.704889854296928,0.644342629257227,0.862845130432513,0.607481803201045,0.33517796588467
LVA,Latvia,2015,59.8052146570117,0.588421042951441,0.659869876414911,0.64970080551802,0.455692446921392,0.392316749811207
MAR,Morocco,2015,46.7229140844105,0.409754231361977,0.504789891373096,0.446937531802087,0.277535270910747,0.475295949673766
MCO,Monaco,2015,64.9426666535118,0.708982423257038,,0.802895403482019,0.615069443032057,0.410129090186801
MDA,"Moldova, Republic of",2015,47.3885551191285,0.399342829897516,0.392313592747403,0.405679670599893,0.400035226345252,0.451571727514946
MDG,Madagascar,2015,35.4053859327871,0.2654870123267,0.247884529309619,0.354818024214552,0.193758483455927,0.557379293670958
MDV,Maldives,2015,43.5907693669765,0.41145573349516,0.464688529912139,0.42664421237807,0.343034458195271,0.53964034615563
MEX,Mexico,2015,48.377685235646,0.3686660751565,0.445889011659242,0.389003593743174,0.271105620067083,0.401112370443579
MHL,Marshall Islands,2015,45.2474971907496,0.422022752445058,0.46834119106464,0.598840711791065,0.198886354479468,0.517072808630065
MKD,Macedonia,2015,53.1983089737514,0.468019504178401,0.605075376114658,0.474383574557313,0.324599561863232,0.404053324703373
MLI,Mali,2015,34.4510269495929,0.298864985040948,0.256321855761004,0.336071638163983,0.304201461197859,0.609844446049091
MLT,Malta,2015,57.7594285463157,0.519840158033978,0.514157569410375,0.69547746831211,0.349885436379448,0.364651587107663
MMR,Myanmar,2015,36.1946392882524,0.234821991887263,0.228282983827503,0.281631701810339,0.194551290023948,0.510929206122215
MNE,Montenegro,2015,52.1455441256386,0.474270806565504,0.478258830630526,0.5161219462167,0.428431642849285,0.431359924052733
MNG,Mongolia,2015,50.5236971555247,0.429764620367693,0.440178577787202,0.479115577115342,0.369999706200535,0.419290677257199
MOZ,Mozambique,2015,38.4766430743904,0.271551706282215,0.287183863541357,0.35050850310511,0.176962752200177,0.502018844794406
MRT,Mauritania,2015,34.0107559158253,0.316974587581098,0.361318677597636,0.327109727906988,0.262495357238669,0.636759469264592
MUS,Mauritius,2015,53.7845229819841,0.541254418096899,0.650213468575112,0.656976555303417,0.316573230412167,0.465563958457217
MWI,Malawi,2015,34.3340016062809,0.267032068132586,0.230015362642616,0.402831373179591,0.168249468575552,0.580352036006968
MYS,Malaysia,2015,56.8179067813807,0.522619070795017,0.684540233985692,0.560272813938069,0.32304416446129,0.386260935167402
NAM,Namibia,2015,42.5295512402918,0.384892124518796,0.382304292926748,0.586814230277281,0.18555785035236,0.534301099712961
NER,Niger,2015,34.9724944576818,0.297195467717814,0.194405353665286,0.380616136628274,0.316564912859882,0.597745578564179
NGA,Nigeria,2015,36.221859515139,0.219851015138925,0.185839702857226,0.279342670238874,0.194370672320674,0.495413824836144
NIC,Nicaragua,2015,44.1145640541094,0.308775475943883,0.348683311477881,0.372544162872259,0.205098953481509,0.426484194861696
NLD,Netherlands,2015,67.167665809272,0.707606701411162,0.68402693655899,0.828159602338047,0.610633565336447,0.364253385225721
NOR,Norway,2015,76.73810459855,0.79974508318328,0.82909762178015,0.862476149879498,0.707661477890193,0.26498299121228
NPL,Nepal,2015,40.8466914418081,0.342426887726677,0.428244412616421,0.347751012071295,0.251285238492314,0.525493058890515
NRU,Nauru,2015,52.044363081722,0.570032691784341,,0.570032691784341,,0.529145430149902
NZL,New Zealand,2015,75.1482530139908,0.797188379806923,0.795187910528765,0.881614471544932,0.714762757347073,0.294223319527108
OMN,Oman,2015,51.4273067313747,0.493645592056644,0.657977092153953,0.571467052961961,0.251492631054018,0.465099457429149
PAK,Pakistan,2015,37.2497710292164,0.276730650227517,0.304603894959997,0.26022182817529,0.265366227547262,0.531735229643188
PAN,Panama,2015,49.6306987944983,0.409896879118732,0.472997532006848,0.511575614140755,0.245117491208593,0.417282903228765
PER,Peru,2015,48.5122385849515,0.399589037705135,0.467030449421458,0.446816617123274,0.284920046570674,0.429344266006104
PHL,Philippines,2015,43.856344136325,0.339525210265896,0.348811635834556,0.410197086300644,0.259566908662488,0.462398327539396
PLW,Palau,2015,50.7832594976722,0.501819838140301,0.407038812675866,0.660923840781459,0.437496860963577,0.486154648186856
PNG,Papua New Guinea,2015,37.1744685474637,0.288491185889186,0.343165364140853,0.367309588923067,0.154998604603637,0.545001814939912
POL,Poland,2015,63.3347209546069,0.579718459977302,0.526701275275363,0.678651346171358,0.533802758485184,0.313024040885163
PRK,"Korea, Democratic People's Repub",2015,41.5556217455913,0.347168407934171,,0.200732098875091,0.49360471699325,0.516055973022346
PRT,Portugal,2015,60.9052903226818,0.593865774399873,0.625126056845137,0.685622072545266,0.470849193809214,0.375759967946238
PRY,Paraguay,2015,47.9602937705687,0.354555490634247,0.408065407529266,0.416295458730645,0.23930560564283,0.395349615222872
QAT,Qatar,2015,53.8333182436096,0.499896630889895,0.618164460495515,0.657812662234705,0.223712769939466,0.423230266017703
ROU,Romania,2015,54.0276099362496,0.478013625443597,0.453139337811382,0.553456231277466,0.427445307241941,0.397461426718605
RUS,Russian Federation,2015,59.9412033765339,0.51548612177224,0.573764233085943,0.346074767168758,0.626619365062019,0.316662054241561
RWA,Rwanda,2015,38.5806576929744,0.387362279615153,0.444060389576622,0.53675158072755,0.181274868541286,0.615749125755664
SAU,Saudi Arabia,2015,50.8140394723479,0.471850978656853,0.613091065394112,0.471759714334538,0.330702156241909,0.455570189209895
SDN,Sudan,2015,31.0189353918548,0.245663532735396,0.321318142416924,0.184838114583084,0.230834341206179,0.625284824898299
SEN,Senegal,2015,39.4879824098029,0.327329402819942,0.214488115484933,0.490712676028059,0.276787416946833,0.537569754623884
SGP,Singapore,2015,70.8256989580155,0.802581864554205,0.839973111008362,0.853255772927288,0.714516709726965,0.386067885393896
SLB,Solomon Islands,2015,40.3583742099489,0.422833799461269,0.391768214231533,0.453899384691005,,0.615666315262292
SLE,Sierra Leone,2015,34.5559339922376,0.292778207567332,0.214648520930777,0.374393804696827,0.289292297074391,0.601659527722579
SLV,El Salvador,2015,44.8625300320454,0.3478146412621,0.369279370724228,0.433341050396547,0.240823502665525,0.450564040621192
SMR,San Marino,2015,,0.645701842798474,0.545982009865792,0.753993309018706,0.637130209510922,
SOM,Somalia,2015,30.0452462389703,0.246050847365459,0.394377476150593,0.0977242185803255,,0.645145922586054
SRB,Serbia,2015,48.0575698861361,0.413749467421823,0.330846225900048,0.498934054098558,0.411468122266862,0.452598069699101
STP,Sao Tome and Principe,2015,41.6640456147959,0.363110480170053,0.315011916888892,0.452350020557968,0.321969503063299,0.529829567874136
SUR,Suriname,2015,44.7266067705729,0.329596468287901,0.28814629621642,0.467070260415467,0.233572848231815,0.435064332876443
SVK,Slovakia,2015,56.8625420538604,0.501192339719774,0.469564855465792,0.601821691259299,0.432190472434231,0.363941498642567
SVN,Slovenia,2015,63.7803028280962,0.623597572414381,0.558974850979141,0.654471320870792,0.657346545393209,0.347991515852456
SWE,Sweden,2015,71.7014294844756,0.756296242042492,0.727368488025994,0.845532617337144,0.695987620764339,0.32226765235298
SWZ,Swaziland,2015,40.0031629393108,0.317826690742197,0.306272111596773,0.422707392418336,0.224500568211482,0.517763431955982
SYC,Seychelles,2015,50.6164124914175,0.457271690537091,0.504982377908109,0.618849261529586,0.247983432173578,0.44494344070874
SYR,Syrian Arab Republic,2015,37.1417480796608,0.259667079668539,0.30633627377511,0.151863763756524,0.320801201473983,0.516832118075322
TCD,Chad,2015,26.522262781408,0.172509219674702,0.0589910762839251,0.244514069456107,0.214022513284075,0.642063964046542
TGO,Togo,2015,39.020137211242,0.296862361262473,0.285130673834556,0.371091788353829,0.234364621599034,0.516459617037633
THA,Thailand,2015,49.8757550996038,0.444682826873586,0.60998378275748,0.410538409119742,0.313526288743535,0.44716772488151
TJK,Tajikistan,2015,44.492537306795,0.286774916751362,0.283366213930274,0.303592155482471,0.273366380841341,0.396924170615463
TKM,Turkmenistan,2015,39.6696101019401,0.238305374440935,,0.261598747870918,0.215012001010952,0.444913172402133
TLS,Timor-Leste,2015,40.8669215102278,0.395701253168289,0.463244880899544,0.350160236056736,0.373698642548586,0.578362822963733
TON,Tonga,2015,40.5145655915518,0.418940535710304,0.517076948524734,0.498528442015337,0.24121621659084,0.608649223879269
TTO,Trinidad and Tobago,2015,48.904665552265,0.369615509075341,0.401392540982164,0.492364654958299,0.21508933128556,0.39152219803004
TUN,Tunisia,2015,50.3914908151846,0.437005196555694,0.564460717227,0.449224533705542,0.297330338734538,0.429175380252002
TUR,Turkey,2015,52.8371271648649,0.459734690989564,0.496641294724229,0.433509268830627,0.449053509413836,0.402992147692265
TUV,Tuvalu,2015,41.7875160983368,0.410273834166446,,0.579131739590331,0.241415928742561,0.57452351219971
TZA,"Tanzania, United Republic of",2015,39.2677162499853,0.302676705587623,0.284713619675362,0.408298536905868,0.215017960181638,0.517322380587916
UGA,Uganda,2015,35.9780876792732,0.268404788520473,0.260716964977126,0.361253509905474,0.18324389067882,0.548843034935009
UKR,Ukraine,2015,49.2204902526982,0.370704555025586,0.335337578383674,0.297428669716438,0.479347416976646,0.386294749971621
URY,Uruguay,2015,54.9551495100792,0.498321502330719,0.461223772281911,0.698054651300981,0.335686083409266,0.399218512129135
USA,United States,2015,68.210561709463,0.680606195918909,0.682390801011384,0.732933013391913,0.62649477335343,0.316394961729648
UZB,Uzbekistan,2015,45.5074192743292,0.305461224143263,0.356992313572592,0.297931874457421,0.261459484399775,0.395312838656678
VCT,Saint Vincent and the Grenadines,2015,54.234449970227,0.496777301911677,0.556665012558991,0.624882312988375,0.308784580187665,0.412088302507136
VEN,"Venezuela, Bolivarian Republic o",2015,40.7289751922271,0.201529741159575,0.114555522724228,0.174547739508783,0.315485961245713,0.386950237315033
VNM,Viet Nam,2015,44.9145828867545,0.386368290667024,0.421796113693498,0.451034384974783,0.286274373332791,0.488076632931935
VUT,Vanuatu,2015,39.9518258980819,0.368145899635873,0.393468511957478,0.535104090000654,0.175865096949486,0.569109381674236
WSM,Samoa,2015,45.2607771409399,0.435061684532244,0.554804309387202,0.60989331210379,0.140487432105741,0.529846141713446
YEM,Yemen,2015,33.3791310403319,0.269191077368216,0.392217349479897,0.175744661221381,0.23961122140337,0.601608456561578
ZAF,South Africa,2015,45.9870624984941,0.369334760258227,0.406236785446648,0.5058727522698,0.195894743058234,0.449593510288346
ZMB,Zambia,2015,40.8310833785329,0.322330661120821,0.373097020335312,0.449028246703954,0.144866716323198,0.505708993550164
ZWE,Zimbabwe,2015,34.3518847409973,0.199604721909045,0.213525682809871,0.254764781467005,0.13052370145026,0.5125670270891
AFG,Afghanistan,2016,30.9620002413938,0.238158307852406,0.207077383886948,0.159895069661596,0.347502470008672,0.61891830302453
AGO,Angola,2016,34.4319604963787,0.21517290018703,0.174551742482559,0.277422189330721,0.19354476874781,0.526533690259456
ALB,Albania,2016,48.0490094826908,0.41406221424639,0.391126592448158,0.474362728767431,0.37669732152358,0.453082024592574
AND,Andorra,2016,58.7063829661672,0.528962897809701,,0.761647531766179,0.296278263853222,0.354835238486357
ARE,United Arab Emirates,2016,56.9621351511563,0.584634192944905,0.776163824651686,0.669047327218892,0.308691426964137,0.445391489921778
ARG,Argentina,2016,48.09526856234,0.3708086891919,0.262898479040601,0.476091598390112,0.373435990144988,0.4089033179451
ARM,Armenia,2016,54.4868144489396,0.489418319164826,0.602958024229519,0.448136263401597,0.417160669863363,0.399682030186034
ATG,Antigua and Barbuda,2016,48.9367345642092,0.46390440182393,0.455352932964027,0.628470600022162,0.3078896724856,0.485169710539745
AUS,Australia,2016,69.617099644509,0.713528025948669,0.71941237791214,0.819649072799983,0.601522627133883,0.321186033058489
AUT,Austria,2016,68.8792380492816,0.703896038163301,0.634012518544885,0.784904081142902,0.692771514802116,0.326311277177668
AZE,Azerbaijan,2016,49.8669448069829,0.429150254364846,0.54652738838166,0.393749789062744,0.347173585650133,0.431811358225188
BDI,Burundi,2016,31.8506937362654,0.250692680782446,0.290327810279896,0.223028941807859,0.238721290259584,0.613678806057139
BEL,Belgium,2016,61.9176345032998,0.6172204948988,0.550537524527757,0.747132461852325,0.553991498316319,0.378867804832803
BEN,Benin,2016,36.0525379800137,0.320364236143516,0.238131878202314,0.44855743001768,0.274403400210554,0.599313476543242
BFA,Burkina Faso,2016,37.8912030051678,0.280194190024499,0.232228957795261,0.406019314805763,0.202334297472472,0.522370129921142
BGD,Bangladesh,2016,35.1337505127914,0.255104126215291,0.19196719088846,0.301315255174974,0.272029932582439,0.552429115959462
BGR,Bulgaria,2016,54.7836787291339,0.46953647326596,0.486599913814405,0.508559603473148,0.413449902510325,0.373862898683282
BHR,Bahrain,2016,48.5394814759209,0.468220673029404,0.625414786647656,0.48078881687142,0.298458415569135,0.497431043510987
BHS,Bahamas,2016,50.1028362783405,0.446047501212579,0.465779286943877,0.634573911585275,0.237789305108586,0.443990775645769
BIH,Bosnia and Herzegovina,2016,49.5514740166891,0.375152924776725,0.312335437449669,0.438055168539085,0.37506816834142,0.384123444442942
BLR,Belarus,2016,54.541179223522,0.482769244700221,0.493818158877378,0.426626105198916,0.527863470024369,0.391945660229781
BLZ,Belize,2016,42.8304320905337,0.339239869763692,0.37056261429098,0.447110565285164,0.200046429714931,0.482631227953018
BOL,"Bolivia, Plurinational State of",2016,41.0582831021278,0.279573141862894,0.282852916503573,0.345839986066859,0.210026523018251,0.458407479820338
BRA,Brazil,2016,49.1912658325519,0.351862529473277,0.318398763302566,0.44674404527807,0.290444779839194,0.368037212822239
BRB,Barbados,2016,53.9249941245178,0.513485016560022,0.483423885986698,0.684602715286785,0.372428448406581,0.434985134069665
BRN,Brunei Darussalam,2016,54.3759318648551,0.513805317260556,0.582233640626497,0.661784346336554,0.297397964818616,0.426286679963453
BTN,Bhutan,2016,45.6806784127742,0.454335542088505,0.48150360364931,0.630953647856323,0.250549374759883,0.540721973833022
BWA,Botswana,2016,46.8769566732917,0.424707654069074,0.446691038888461,0.64568932646278,0.181742596855981,0.48716852060324
CAF,Central African Republic,2016,27.0090319457523,0.13101976823669,0.0179272821479044,0.201351138933546,0.173780883628621,0.590839129321645
CAN,Canada,2016,68.8553304185306,0.67524410646432,0.645497548467304,0.835470587756854,0.544764183168802,0.298137498093707
CHE,Switzerland,2016,71.3672685635977,0.730231101360315,0.693811668755465,0.872465827097557,0.624415808227923,0.302885730088361
CHL,Chile,2016,59.510850970503,0.554986255235235,0.581303289040602,0.701911900426949,0.381743576238154,0.364769235825175
CHN,China,2016,52.7583233316147,0.453945799128058,0.3866673210537,0.437721447204053,0.537448629126421,0.398779332495763
CIV,Cote d'Ivoire,2016,39.1606989961519,0.276178198417799,0.242783636131785,0.38297367930636,0.202777279815251,0.492964218494761
CMR,Cameroon,2016,38.8282263449937,0.25373545052096,0.169799158272843,0.299624834085176,0.291782359204862,0.477170923621086
COD,"Congo, the Democratic Republic o",2016,30.359023826856,0.187320926250495,0.192040519092274,0.189919942129423,0.180002317529789,0.580140449713375
COG,Congo,2016,34.6373901004631,0.21536834575096,0.101530600521708,0.289804433430708,0.254770003300464,0.522620543741699
COL,Colombia,2016,47.772123616978,0.377830454760256,0.416021517643121,0.437906229727471,0.279563616910177,0.422387982420696
COM,Comoros,2016,39.6795336817828,0.292895207103525,0.339870177981947,0.348998276217506,0.189817167111122,0.49930453346787
CPV,Cape Verde,2016,49.0092143308113,0.450265477116469,0.483116824133226,0.616076640356259,0.251602966859923,0.470081190500244
CRI,Costa Rica,2016,53.8256340573494,0.469112034849642,0.485990373120199,0.638625478663999,0.282720252764729,0.392599353702653
CUB,Cuba,2016,43.2830064341228,0.317548958508353,,0.436798832220505,0.198299084796202,0.451888829825897
CYP,Cyprus,2016,58.5444325105357,0.520172569122672,0.544762928477378,0.666551815277795,0.349202963612842,0.349283918911958
CZE,Czech Republic,2016,63.4417444119275,0.56642946218474,0.502255485328763,0.684696424204039,0.512336477021417,0.29759457394619
DEU,Germany,2016,70.3140294386235,0.711635849047624,0.651400468874356,0.802744400469623,0.680762677798892,0.305355260275153
DJI,Djibouti,2016,35.1325041567876,0.31081131923971,0.379256589455715,0.347622958734112,0.205554409529302,0.608161236103957
DMA,Dominica,2016,55.4992244988901,0.543936235465202,0.45920266366428,0.628669807266125,,0.433951745487401
DNK,Denmark,2016,72.9349290386634,0.794027854815158,0.813891185514155,0.848604422400043,0.719587956531275,0.33532927404189
DOM,Dominican Republic,2016,44.8609864858692,0.365634861742504,0.367643235176622,0.435035196016249,0.294226154034643,0.46841513202512
DZA,Algeria,2016,42.7615242017554,0.303316917868118,0.27877861817914,0.330388203898068,0.300783931527146,0.448086433833011
ECU,Ecuador,2016,42.4800808380089,0.324612407076385,0.345378959293498,0.363677920023386,0.26478034191227,0.475010790316206
EGY,Egypt,2016,42.1050650428839,0.330383524417632,0.33129536114841,0.33091957436109,0.328935637743395,0.488282223559953
ERI,Eritrea,2016,28.1726516401193,0.18913679581404,0.214851701162179,0.220739685147305,0.131819001132635,0.625683763011654
ESP,Spain,2016,61.4606800839141,0.55146320913966,0.535395250440099,0.653152964520476,0.465841412458406,0.322249607461378
EST,Estonia,2016,63.9066666417445,0.640849814486792,0.733111002987203,0.758856823310884,0.430581617162289,0.362716481651903
ETH,Ethiopia,2016,37.3337676691685,0.286470331962797,0.298091433858737,0.329473141891796,0.231846420137858,0.539794978579427
FIN,Finland,2016,72.9277255963361,0.768829225367383,0.733239327343878,0.863964758574885,0.709283590183386,0.310274713440661
FJI,Fiji,2016,49.2613074268893,0.474752974696887,0.454871716626496,0.527184385025238,0.442202822438927,0.489526826159101
FRA,France,2016,66.7301297385019,0.65946828880607,0.616656649304582,0.692460503217806,0.669287713895824,0.324865694036033
FSM,"Micronesia, Federated States of",2016,37.2034186059672,0.367090073829059,0.351492698286518,0.568443025375308,0.18133449782535,0.623021701709715
GAB,Gabon,2016,42.131655615421,0.2913467689172,0.200597003874858,0.384045571250607,0.289397731626136,0.44871365660878
GBR,United Kingdom,2016,71.9928755273951,0.716541635660217,0.742189951221963,0.783073569761058,0.62436138599763,0.276684125112315
GEO,Georgia,2016,56.9946710004703,0.567848760783634,0.751044331832543,0.608773603268331,0.343728347250028,0.427955340774229
GHA,Ghana,2016,42.9258798119033,0.349786523618097,0.363248125960501,0.482568714329044,0.203542730564747,0.491268927380032
GIN,Guinea,2016,40.2740082431272,0.304041628651542,0.280286429370073,0.324202613383259,0.307635843201294,0.498561463788998
GMB,Gambia,2016,36.649959006318,0.30132330080363,0.317372168449166,0.353187885512535,0.233409848449189,0.56832412067727
GNB,Guinea-Bissau,2016,31.0300845418088,0.256824696400168,0.222948357000011,0.26323372374226,0.284292008458232,0.636223005563992
GNQ,Equatorial Guinea,2016,38.9301967554648,0.233937489371368,0.292940127540781,0.248601831831437,0.160270508741886,0.455333554262071
GRC,Greece,2016,57.8821137227149,0.515636744937325,0.481274453012391,0.521778820091118,0.543856961708467,0.357994470483027
GRD,Grenada,2016,55.2344631392635,0.528541608520145,0.428230663578205,0.61907810894497,0.538316053037261,0.423852345734875
GTM,Guatemala,2016,42.34775066269,0.317284771869805,0.391992781855715,0.359565733648191,0.200295800105509,0.470329758616006
GUY,Guyana,2016,40.8429188011481,0.327518496065229,0.33466387551113,0.437084663956211,0.210806948728345,0.510660120042266
HND,Honduras,2016,39.9077595391727,0.266370448086299,0.298765136731281,0.332210246216491,0.168135961311125,0.468215257302845
HRV,Croatia,2016,54.9693633132923,0.4906557157128,0.458240230989216,0.561846294633442,0.451880621515741,0.391268449446953
HTI,Haiti,2016,33.904950783383,0.225658288154963,0.25499278206687,0.256647129341366,0.165334953056654,0.547559272487304
HUN,Hungary,2016,56.3611948894843,0.509521619698499,0.484097588859241,0.584036108578896,0.46043116165736,0.382297721908813
IDN,Indonesia,2016,45.7779855607786,0.360987918399707,0.35987961159778,0.440258770465485,0.282825373135856,0.445428207184135
IND,India,2016,41.004263625961,0.321354446014657,0.237778986221457,0.438092688033206,0.288191663789308,0.501269173495437
IRL,Ireland,2016,65.6010932315231,0.629161039814854,0.656084307892996,0.79434660599041,0.437052205561154,0.317139175184391
IRN,"Iran, Islamic Republic of",2016,50.1956605397877,0.429195839390247,0.393051457798284,0.339462504287976,0.555073556084482,0.425282628594492
IRQ,Iraq,2016,38.4955037249837,0.26883207911507,0.315268565602243,0.200930558607888,0.290297113135079,0.498922004615396
ISL,Iceland,2016,70.2428064436752,0.724544818581195,0.764069254035062,0.812124797676571,0.597440404031953,0.319688689707691
ISR,Israel,2016,59.626199181812,0.555222269545112,0.490160914712139,0.658797372422305,0.516708521500893,0.362698285908872
ITA,Italy,2016,57.8988065476837,0.519918758936667,0.458079825543373,0.578648161027539,0.523028290239089,0.361942627982993
JAM,Jamaica,2016,47.1582948901,0.383173032332166,0.39603499909098,0.499140966346711,0.254343131558806,0.440007134530165
JOR,Jordan,2016,48.8076438824396,0.415320480063578,0.43058633212574,0.504695393107919,0.310679714957073,0.439167602414785
JPN,Japan,2016,67.3651764883164,0.704909237222433,0.682839936259747,0.779121677045126,0.652766098362427,0.357605707456105
KAZ,Kazakhstan,2016,55.6437683841897,0.464667542118971,0.529011113695515,0.422420067918984,0.442571444742413,0.351792174435176
KEN,Kenya,2016,38.7165833404403,0.265704288359294,0.254012017340853,0.357342760925339,0.185758086811689,0.491372621550487
KGZ,Kyrgyzstan,2016,50.1211199594826,0.369996999410941,0.435206008966043,0.35191681438777,0.32286817487901,0.367574600221289
KHM,Cambodia,2016,40.0497612353823,0.284681542271021,0.245061393462767,0.335450638868795,0.273532594481501,0.483686317563374
KIR,Kiribati,2016,39.8607650367315,0.357005865180655,0.359888777623257,0.545946660242666,0.165182157676042,0.559790564446024
KNA,Saint Kitts and Nevis,2016,54.3337379179725,0.561835274486873,0.48150360364931,0.623998117244064,0.580004102567246,0.475160516127423
KOR,"Korea, Republic of",2016,68.2686086242361,0.729238730184346,0.782419637039595,0.643206891220492,0.762089662292951,0.363866557699623
KWT,Kuwait,2016,48.2785618310266,0.403662150370226,0.443290443436572,0.477262141111988,0.290433866562118,0.438090913749693
LAO,Lao People's Democratic Republic,2016,39.9240937431254,0.30055449173353,0.253452889786768,0.396208826767253,0.25200175864657,0.502072616871023
LBN,Lebanon,2016,42.8870012290057,0.319592339270462,0.346020581076874,0.320088084962496,0.292668351772016,0.461852314690347
LBR,Liberia,2016,34.3523559099405,0.288239866200991,0.230464497890979,0.354048929563687,0.280206171148306,0.601192748002182
LBY,Libyan Arab Jamahiriya,2016,35.921156805758,0.219838938829157,0.282410197473045,0.128280983830148,0.248825635184277,0.501415802713997
LCA,Saint Lucia,2016,56.5403943504852,0.471125754559461,0.495743024227504,0.632060409352185,0.285573830098693,0.340317867549756
LIE,Liechtenstein,2016,,0.640119444119515,0.609306024758481,0.840467331321962,0.470584976278103,
LKA,Sri Lanka,2016,46.5953616643804,0.3950498574943,0.438574523328763,0.475132199843463,0.271442849310673,0.463142624206692
LSO,Lesotho,2016,40.1706275669768,0.314836970362221,0.327028576288964,0.462687570557543,0.154794764240157,0.511424419022686
LTU,Lithuania,2016,60.9022520618664,0.59813308397691,0.682134152298034,0.683434922549143,0.428830177083553,0.380088042739581
LUX,Luxembourg,2016,68.482683727975,0.701984170262344,0.638183060136825,0.859421127517434,0.608348323132772,0.332330495702844
LVA,Latvia,2016,59.7722417897176,0.586651770207334,0.673568501489973,0.64404655786685,0.44234025126518,0.391206934412982
MAR,Morocco,2016,47.3102463858244,0.421903924621531,0.531577600829016,0.45006731566672,0.284066857368858,0.475698996905043
MCO,Monaco,2016,66.9188960340234,0.74952898927712,,0.80307466133041,0.69598331722383,0.411151068596653
MDA,"Moldova, Republic of",2016,47.7081034120554,0.401998235996699,0.390998268091483,0.399841115267547,0.415155324631067,0.447836167755592
MDG,Madagascar,2016,35.523989382202,0.265604749606557,0.241115419495009,0.362708621965955,0.192990207358708,0.555124961962517
MDV,Maldives,2016,43.5181052571784,0.412231007696625,0.453652635238083,0.421238999892945,0.361801387958846,0.541868902553057
MEX,Mexico,2016,48.5611199620426,0.373342794925703,0.444798254627503,0.39255113125498,0.282678998894627,0.40212039568485
MHL,Marshall Islands,2016,45.1892452205252,0.419701069033377,0.460605065562229,0.585904036810463,0.212594104727438,0.515916164622873
MKD,Macedonia,2016,52.9183838078914,0.464880795033942,0.598594996102568,0.467592004611864,0.328455384387393,0.406513118876114
MLI,Mali,2016,34.634817538668,0.297678708701667,0.252119233079895,0.333472376780438,0.307444516244669,0.604982357928307
MLT,Malta,2016,57.034588878628,0.50535860697053,0.490930860852189,0.691928306068904,0.333216653990497,0.364666829397969
MMR,Myanmar,2016,37.5308353377663,0.264286810290391,0.272843616682919,0.315548957879703,0.204467856308551,0.513670103535065
MNE,Montenegro,2016,51.6986834137774,0.467345605302043,0.487113211241106,0.517417141572752,0.397506463092272,0.433371937026495
MNG,Mongolia,2016,50.3525939092626,0.429784436450604,0.434853116985186,0.491974964799467,0.362525227567158,0.422732558265351
MOZ,Mozambique,2016,37.739375229041,0.256997436967604,0.287665079878888,0.306111640833541,0.177215590190383,0.502209932386784
MRT,Mauritania,2016,34.8535937300865,0.329779069378872,0.388560105314657,0.337523293938073,0.263253808883885,0.632707194777142
MUS,Mauritius,2016,54.6328475135599,0.549014856422548,0.660479417109117,0.665345789585544,0.321219362572984,0.45635790615135
MWI,Malawi,2016,34.0759934413711,0.265811310826506,0.235629553247151,0.392865883178211,0.168938496054156,0.584291441999084
MYS,Malaysia,2016,56.399331988272,0.516788443829465,0.681717098138839,0.54712379147198,0.321524441877575,0.388801804064024
NAM,Namibia,2016,42.7406948155853,0.383316666576813,0.377075075392239,0.579326338171631,0.193548586166569,0.528502770265106
NER,Niger,2016,35.4925637728631,0.299132996393446,0.202008571798283,0.378182140917426,0.31720827646463,0.589281720936185
NGA,Nigeria,2016,36.4144737355967,0.223046443957237,0.191518055640096,0.282131365596151,0.195489910635465,0.494756969245303
NIC,Nicaragua,2016,44.2352441191171,0.306154261260096,0.342555823446647,0.365883099835776,0.210023860497865,0.421449378877755
NLD,Netherlands,2016,67.4486382569947,0.710087663602288,0.677835286349419,0.837567343540446,0.614860360916999,0.361114898462394
NOR,Norway,2016,76.7340753903905,0.800294741858825,0.828552243264281,0.860521080166311,0.711810902145882,0.265613234051014
NPL,Nepal,2016,41.0993381730318,0.342325988981818,0.420737437750929,0.355076931397084,0.251163597797442,0.520339225521183
NRU,Nauru,2016,53.3193444582082,0.560382047347708,,0.560382047347708,,0.493995158183545
NZL,New Zealand,2016,75.0833950289772,0.798551715020268,0.795669126866296,0.884630322153688,0.715355696040819,0.296883814440724
OMN,Oman,2016,51.2384517850417,0.490376551360829,0.645369224110629,0.568191713903147,0.257568716068709,0.465607515659994
PAK,Pakistan,2016,37.2029984231817,0.277459304562847,0.299631326138839,0.266272045656619,0.266474541893083,0.533399336099212
PAN,Panama,2016,49.877591848464,0.413847541646144,0.466934206153953,0.507595215771787,0.267013203012691,0.416295704676863
PER,Peru,2016,49.0479629469009,0.410093533408697,0.472259666955967,0.463707820804722,0.294313112465403,0.429134274470679
PHL,Philippines,2016,43.5315894752353,0.331711726425094,0.345314797115161,0.385496696084014,0.264323686076109,0.461079936920388
PLW,Palau,2016,51.0948816071116,0.498335214309751,0.400558432663776,0.6576124951835,0.436834715081976,0.476437582167519
PNG,Papua New Guinea,2016,36.66391459167,0.285845554301853,0.340759282453196,0.360534589897657,0.156242790554707,0.552567262468454
POL,Poland,2016,63.0484468710266,0.573789308355464,0.542870144216421,0.654382711888524,0.524115068961446,0.312820370934931
PRK,"Korea, Democratic People's Repub",2016,42.1690933894895,0.355023966244733,,0.217007108830863,0.493040823658602,0.511642098454944
PRT,Portugal,2016,60.9160681759758,0.58635486965181,0.62894370645622,0.682096449806912,0.448024452692297,0.368033506132294
PRY,Paraguay,2016,48.1706166879939,0.357990305251657,0.402098324943876,0.429478701799225,0.24239388901187,0.39457797149178
QAT,Qatar,2016,54.1634496259698,0.505503157494797,0.635648654092492,0.654676235725294,0.226184582666606,0.422234164975401
ROU,Romania,2016,53.9353749522257,0.476733423853028,0.443515011060753,0.5530770257377,0.43360823476063,0.398025924808514
RUS,Russian Federation,2016,60.1798861602345,0.518454902427274,0.590638885988714,0.358367791919333,0.606358029373775,0.314857179222585
RWA,Rwanda,2016,38.712733900299,0.388823065811193,0.448102606811887,0.535882613843339,0.182483976778354,0.614568387805213
SAU,Saudi Arabia,2016,51.816924254583,0.491748543327043,0.622880380603323,0.486288622405629,0.366076626972178,0.455410058235384
SDN,Sudan,2016,30.9333446698413,0.248270053245767,0.330589577186697,0.181813263590674,0.23240731895993,0.629603159848942
SEN,Senegal,2016,40.3915545258748,0.341087477655213,0.258760018537831,0.484432768924046,0.280069645503763,0.533256387137717
SGP,Singapore,2016,70.8723827953398,0.80334809032494,0.837374542785692,0.860766154450633,0.711903573738494,0.385900434418143
SLB,Solomon Islands,2016,39.9085945763714,0.416017381754706,0.3882072133338,0.443827550175611,,0.617845490227277
SLE,Sierra Leone,2016,34.2495315146806,0.291701884642056,0.2231500095605,0.361552729374698,0.290402914990971,0.606711254348445
SLV,El Salvador,2016,44.5777580751022,0.343352341691518,0.366263748342365,0.421866608251584,0.241926668480604,0.451797180189474
SMR,San Marino,2016,,0.64736333537224,0.554579741763021,0.754115014427148,0.63339524992655,
SOM,Somalia,2016,29.9742201946903,0.243891718617239,0.394377476150593,0.0934059610838843,,0.644407314723433
SRB,Serbia,2016,48.1986090797645,0.416642270823541,0.340727201364027,0.486679536047861,0.422520075058734,0.452670089228251
STP,Sao Tome and Principe,2016,41.4446420824533,0.359340526308133,0.304525983743444,0.44982707224902,0.323668522931933,0.530447684659066
SUR,Suriname,2016,44.2242575402394,0.326575118580096,0.279708969765034,0.461146479807237,0.238869906168018,0.442089967775308
SVK,Slovakia,2016,56.963362198347,0.503536060781376,0.476045235477882,0.60521297080696,0.429349976059286,0.364268816814437
SVN,Slovenia,2016,63.9234606726817,0.625187462733973,0.574790827939343,0.663694219065755,0.637077341196822,0.34671824928034
SWE,Sweden,2016,71.8743192113818,0.760635000727061,0.740746302209369,0.846490448461757,0.694668251510056,0.323148616499424
SWZ,Swaziland,2016,40.475729953,0.316549839172214,0.301171218418939,0.421473901053999,0.227004398043704,0.507035240112214
SYC,Seychelles,2016,51.0135157709248,0.460877192887847,0.500651430870326,0.618879013486375,0.26310113430684,0.44060687746935
SYR,Syrian Arab Republic,2016,36.3627032107727,0.250366169577485,0.308774436551937,0.127396082064907,0.314927990115611,0.523112105362032
TCD,Chad,2016,25.9593934060286,0.169157055540299,0.0572907785579804,0.233894928277478,0.216285459785439,0.649969187419728
TGO,Togo,2016,39.6248657002906,0.310628558414144,0.314741519137327,0.377163541644404,0.239980614460702,0.518131244408331
THA,Thailand,2016,50.2588193000645,0.452216185177393,0.609823377311636,0.420584112385395,0.326241065835146,0.447039799176102
TJK,Tajikistan,2016,45.1935691995779,0.295524243593781,0.306047543972591,0.302576913185413,0.277948273623338,0.391652859602223
TKM,Turkmenistan,2016,39.54288107488,0.234583908354131,,0.250774265645151,0.218393551063112,0.443726286856531
TLS,Timor-Leste,2016,41.2610251102511,0.40019340942511,0.457341960492491,0.365213478133264,0.378024789649575,0.574972907220089
TON,Tonga,2016,40.399473643048,0.417868893081281,0.509954946729267,0.498536464319153,0.245115268195424,0.609879420220322
TTO,Trinidad and Tobago,2016,48.8628198338115,0.362047551854236,0.379866130149921,0.490029061718747,0.216247463694039,0.384791155178006
TUN,Tunisia,2016,50.1537981506997,0.433545195757039,0.560258094545892,0.438242495479579,0.302134997245647,0.430469232743046
TUR,Turkey,2016,51.9834158256567,0.441631255529033,0.449482093646143,0.398255558526349,0.477156114414606,0.401962939015898
TUV,Tuvalu,2016,42.300090516691,0.413108339311611,,0.580114612352433,0.246102066270788,0.567106528977791
TZA,"Tanzania, United Republic of",2016,39.6361397773813,0.30434560881455,0.282564186701054,0.413269055857597,0.217203583884999,0.511622813266924
UGA,Uganda,2016,36.5416977804429,0.273096539677845,0.275795076886445,0.359328334664729,0.184166207482362,0.542262584068988
UKR,Ukraine,2016,50.1005241941962,0.388186567142004,0.368060289335816,0.315190192113537,0.48130921997666,0.386176083258081
URY,Uruguay,2016,55.2072270937276,0.50069747611291,0.448487579881912,0.713983312345167,0.33962153611165,0.396552934238358
USA,United States,2016,68.1110359130626,0.678630211538456,0.677963610706094,0.724335451075543,0.633591572833732,0.316409493277205
UZB,Uzbekistan,2016,46.2826156782808,0.317005251039256,0.373963209742869,0.306804017814652,0.270248525560247,0.39135293747364
VCT,Saint Vincent and the Grenadines,2016,54.315734055792,0.49781252287715,0.54815894091653,0.626851363809428,0.318427263905491,0.41149784176131
VEN,"Venezuela, Bolivarian Republic o",2016,40.4160539658969,0.196055747785175,0.0998303027957637,0.172236310279889,0.316100630279871,0.387734668467237
VNM,Viet Nam,2016,45.7854647543316,0.407025252299398,0.466581314173096,0.463766180003808,0.29072826272129,0.491315957212765
VUT,Vanuatu,2016,39.931565533093,0.365239190061919,0.387373105015413,0.532569632673619,0.175774832496725,0.56660787940006
WSM,Samoa,2016,45.2045436173211,0.435790676212631,0.551596200470326,0.614965435720732,0.140810392446836,0.53169980386621
YEM,Yemen,2016,32.4626615214264,0.260710722880167,0.388560105314657,0.153342806108508,0.240229257217336,0.611457492451638
ZAF,South Africa,2016,46.8163111203388,0.382925716017506,0.450572850677882,0.505508926813146,0.19269537056149,0.44659949361073
ZMB,Zambia,2016,40.4714149449524,0.314969806427355,0.37081926300433,0.428677140854858,0.145413015422878,0.505541507528307
ZWE,Zimbabwe,2016,33.9588054153894,0.195844903238568,0.209355141217931,0.248257073623665,0.129922494874108,0.51666879493078
AFG,Afghanistan,2017,30.2515931228296,0.229077175285957,0.184877270182162,0.151964854457691,0.350389401218018,0.624045312829365
AGO,Angola,2017,34.5843917237255,0.219607225079245,0.187090865334807,0.276568848276576,0.195161961626353,0.527919390604736
ALB,Albania,2017,48.0184552498536,0.415185767588856,0.395297134040098,0.472934057545914,0.377326111180555,0.454816662591784
AND,Andorra,2017,59.1245325849976,0.536266876086999,,0.77247368367486,0.300060068499137,0.353776224387047
ARE,United Arab Emirates,2017,57.7506239754737,0.591494816724357,0.772634904843122,0.66817991160408,0.33366963372587,0.436482337214884
ARG,Argentina,2017,48.3030540583505,0.375854425933075,0.27098291351113,0.489823760735093,0.366756603553002,0.409793344766066
ARM,Armenia,2017,54.5670949964216,0.488485611563978,0.59955742877763,0.45356739392254,0.412332011991765,0.397143711635547
ATG,Antigua and Barbuda,2017,47.8989670615787,0.442013225769285,0.432511197475866,0.585209360287974,0.308319119544015,0.484033884537712
AUS,Australia,2017,68.8949183232271,0.698662922991575,0.708151915613903,0.807230859118182,0.58060599424264,0.320764556527034
AUT,Austria,2017,68.9820490053806,0.7058902243388,0.631574355768058,0.789469781896505,0.696626535351837,0.326249244231187
AZE,Azerbaijan,2017,49.2556739180314,0.417564005967799,0.507003486525741,0.389267296362395,0.35642123501526,0.43245052760717
BDI,Burundi,2017,31.9791986330758,0.2531524526048,0.291482729489971,0.22804237767852,0.23993225064591,0.613568479943284
BEL,Belgium,2017,61.5612858038756,0.610743569186466,0.547425658878385,0.730313017496589,0.554492031184424,0.379517853108954
BEN,Benin,2017,36.6094122206887,0.332950598927311,0.26838434528846,0.453996112390217,0.276471339103256,0.600762354513538
BFA,Burkina Faso,2017,38.7816557534576,0.284066577319073,0.233736768986193,0.415082844473704,0.203380118497323,0.508433462249922
BGD,Bangladesh,2017,35.3470208316352,0.256264358021184,0.189914001181659,0.302023346367097,0.276855726514795,0.54932394138848
BGR,Bulgaria,2017,54.5462222566607,0.468227763793686,0.4747940730003,0.516989154179555,0.412900064201204,0.377303318660473
BHR,Bahrain,2017,48.3866830746102,0.466197238046491,0.629296598437077,0.471268596342788,0.298026519359608,0.498463576554286
BHS,Bahamas,2017,49.6398480618754,0.437534948634233,0.446113579283423,0.624649542697242,0.241841723922034,0.444737987396724
BIH,Bosnia and Herzegovina,2017,49.6960955770738,0.378322799877368,0.317725060430022,0.431956635085858,0.385286704116223,0.384400888335892
BLR,Belarus,2017,55.706289101278,0.504472396942169,0.568406691194759,0.419789291095742,0.525221208536006,0.390346614916609
BLZ,Belize,2017,42.8835988329068,0.340021670317896,0.375663507468814,0.441389161814709,0.203012341670164,0.48234969365976
BOL,"Bolivia, Plurinational State of",2017,41.6366829332033,0.283772338096862,0.284585295318687,0.345700769520816,0.221030949451083,0.451038679432796
BRA,Brazil,2017,48.8780219867464,0.344314640440591,0.303352732482415,0.4303438888432,0.299247299996157,0.366754200705663
BRB,Barbados,2017,54.2726931044688,0.516514163228459,0.480985723209872,0.673944409634249,0.394612356841256,0.431060301139083
BRN,Brunei Darussalam,2017,54.3835791935565,0.513210284732176,0.584543479046647,0.676601593096568,0.278485782053312,0.425538700861046
BTN,Bhutan,2017,45.9625760467488,0.46487810185432,0.477213903726173,0.662708233812872,0.254712168023917,0.545626580919345
BWA,Botswana,2017,46.5744014681077,0.420136472447118,0.440018172341358,0.639130181825026,0.181261063174969,0.488648443084964
CAF,Central African Republic,2017,26.8267808126288,0.131710658505415,0.0130830376834217,0.207805629165929,0.174243308666893,0.595175042252839
CAN,Canada,2017,68.6989120387625,0.670809993532112,0.639049249544381,0.828329471186093,0.545051259865861,0.296831752756861
CHE,Switzerland,2017,70.8795718476979,0.721347074915552,0.686080126265792,0.870783872840077,0.607177225640788,0.303755637961594
CHL,Chile,2017,59.4325492309788,0.553814153530702,0.577036504181157,0.699483440399598,0.384922516011351,0.365163168911127
CHN,China,2017,53.403330698374,0.466297721935655,0.391992781855715,0.461489835480151,0.545410548471098,0.398231107968176
CIV,Cote d'Ivoire,2017,39.2143776817726,0.272572770551127,0.235854120871332,0.376475504364827,0.205388686417223,0.488285216915675
CMR,Cameroon,2017,38.7222584509168,0.24924689574036,0.16283756192322,0.290711766545283,0.294191358752576,0.474801726722025
COD,"Congo, the Democratic Republic o",2017,30.200932283302,0.180915436417194,0.181334601335382,0.18005283666155,0.18135887125465,0.576896790751154
COG,Congo,2017,34.0145346470828,0.210414951978494,0.0943765176370739,0.279819266863976,0.257049071434433,0.530124259036837
COL,Colombia,2017,47.8239679828086,0.377241680318651,0.412011381497025,0.434103595021176,0.285610064437751,0.420762320662478
COM,Comoros,2017,39.7064214338671,0.291981700574504,0.336643737014117,0.342643363879312,0.196658000830083,0.497853271897161
CPV,Cape Verde,2017,49.0398369305701,0.447830876859648,0.475197378121279,0.61121437286724,0.257080879590424,0.467034138248245
CRI,Costa Rica,2017,53.732493248353,0.467161736086119,0.484065507770074,0.622693089832006,0.294726610656276,0.392511871119059
CUB,Cuba,2017,43.8741052243707,0.329376122101891,,0.435637019193584,0.223115225010198,0.451894017614477
CYP,Cyprus,2017,59.2712981009977,0.535829423850852,0.551307470667807,0.671749148672782,0.384431652211968,0.350403461830898
CZE,Czech Republic,2017,63.7978544274125,0.573291849404525,0.504148269589721,0.701365745043333,0.514361533580521,0.297334760856275
DEU,Germany,2017,70.2524892941654,0.710925714519358,0.64687703530156,0.80314203649677,0.682758071759743,0.30587592863605
DJI,Djibouti,2017,36.1105890589977,0.325491091533666,0.410952705554455,0.343614130736604,0.22190643830994,0.603279310353712
DMA,Dominica,2017,55.5135547622687,0.543281419407701,0.454358419199796,0.632204419615606,,0.433010324162328
DNK,Denmark,2017,73.0372970828484,0.793975735277552,0.814693212743374,0.84998080630876,0.717253186780521,0.333229793620584
DOM,Dominican Republic,2017,44.687494306571,0.360648815374445,0.349324933261256,0.428484144927047,0.304137367935033,0.466898929243024
DZA,Algeria,2017,43.8391734457218,0.326808311994848,0.322697629251181,0.343666162322709,0.314061144410654,0.450024843080413
ECU,Ecuador,2017,43.1904944687208,0.323866648975079,0.339893093045639,0.365855409829175,0.265851444050424,0.460056759600663
EGY,Egypt,2017,42.7798652308524,0.335890757352485,0.330204604116671,0.34259686367429,0.334870804266494,0.480293452735437
ERI,Eritrea,2017,27.7250360620359,0.1884849660538,0.210274799107435,0.22041929977475,0.134760799279215,0.633984244813081
ESP,Spain,2017,61.6732792589096,0.554960124360933,0.564813609207856,0.642292701954399,0.457774061920545,0.321494539182742
EST,Estonia,2017,64.0091390857353,0.642035706948489,0.73291851645219,0.755327781430049,0.43786082296323,0.361852925233784
ETH,Ethiopia,2017,37.1977401867196,0.280681709295229,0.289654107407352,0.322104907407954,0.230286113070382,0.536726905560838
FIN,Finland,2017,73.0222034020286,0.770114555867334,0.730672840210377,0.869062242692048,0.710608584699576,0.309670487826761
FJI,Fiji,2017,49.3900019357899,0.473677564850868,0.44906503948695,0.516588978515107,0.455378676550547,0.485877526135071
FRA,France,2017,67.0235811164828,0.66501542794354,0.611555756126748,0.71091419514618,0.672576332557694,0.324543805613885
FSM,"Micronesia, Federated States of",2017,37.163974054463,0.36687045697785,0.344416526618435,0.57254124223659,0.183653602078525,0.62359097588859
GAB,Gabon,2017,41.8629094973542,0.286210018640702,0.193892056238586,0.372385561991561,0.29235243769196,0.448951828693618
GBR,United Kingdom,2017,71.803717858428,0.713614140480674,0.738789355770074,0.785134931244579,0.616918134427368,0.277539783312114
GEO,Georgia,2017,57.2463791762065,0.570441589548302,0.761631091258235,0.602532331242958,0.347161346143714,0.425514006024172
GHA,Ghana,2017,43.137431368008,0.355330924143837,0.358403881496018,0.496995169912042,0.21059372102345,0.492582296783676
GIN,Guinea,2017,41.1405429207592,0.302619966978527,0.284296565516168,0.311260841286847,0.312302494132568,0.479809108563343
GMB,Gambia,2017,37.6887334539889,0.319672500809809,0.30970478813783,0.411793650349782,0.237519063941816,0.565897831730031
GNB,Guinea-Bissau,2017,31.3965540860247,0.257702562921906,0.229584559445207,0.2584017016042,0.28512142771631,0.629771481201412
GNQ,Equatorial Guinea,2017,38.5814958456648,0.225148919632383,0.263718838320774,0.249018854849805,0.162709065726569,0.453519002719087
GRC,Greece,2017,57.9537157693144,0.516869948106237,0.477424722312139,0.533324204461767,0.539860917544805,0.35779563271995
GRD,Grenada,2017,55.0643615863402,0.52367120931551,0.423940963655068,0.596321972520572,0.550750691770892,0.422383977588706
GTM,Guatemala,2017,42.7321388900859,0.312163155258535,0.381181454805841,0.352652175024242,0.202655835945523,0.457520377456817
GUY,Guyana,2017,40.9246030029795,0.328281261261455,0.328568468569065,0.437842317686954,0.218432997528346,0.509789201201864
HND,Honduras,2017,39.8240402328708,0.267986221812062,0.296744028113649,0.332845250885992,0.174369386436546,0.471505417154647
HRV,Croatia,2017,54.8104315254448,0.489151663080802,0.45711739286831,0.564964434630508,0.445373161743587,0.392943032571904
HTI,Haiti,2017,34.2759337138386,0.227443670695621,0.249346510373167,0.263876896864518,0.169107604849178,0.54192499641885
HUN,Hungary,2017,55.8167956958917,0.504924547333064,0.478547560433046,0.589394808578863,0.446831272987284,0.388588633415229
IDN,Indonesia,2017,46.8825582843862,0.379811253757269,0.400686757020451,0.444310955343669,0.294436048907687,0.442160088069544
IND,India,2017,42.2744949157628,0.336723103549449,0.265849939244127,0.452841231561039,0.291478139843181,0.491233205234193
IRL,Ireland,2017,65.4827086435784,0.625396027244535,0.657624200173097,0.785695996380217,0.432867885180291,0.315741854372968
IRN,"Iran, Islamic Republic of",2017,50.2194069849097,0.42858833560486,0.388239294422969,0.335425376869979,0.562100335521632,0.424200195906666
IRQ,Iraq,2017,39.184035450897,0.282922178431471,0.349879477802602,0.198232908210024,0.300654149281788,0.499241469413531
ISL,Iceland,2017,70.2545026088198,0.723215992684423,0.761374442544885,0.816377800091688,0.591895735416695,0.318125940508026
ISR,Israel,2017,59.3443458697781,0.554027120741112,0.49532597006831,0.635339940709838,0.531415451445189,0.367140203345549
ITA,Italy,2017,57.7022228457282,0.515193984037178,0.443964146309116,0.577270418534906,0.524347387267512,0.361149527122615
JAM,Jamaica,2017,47.5245774045529,0.387833654866978,0.40668592069501,0.5010786968263,0.255736347079625,0.43734210677592
JOR,Jordan,2017,48.8131409955106,0.413633852601816,0.423175600527756,0.509506984198707,0.308218973078984,0.437371032691603
JPN,Japan,2017,67.6031119438843,0.708526599181492,0.692047208851182,0.779922975958055,0.653609612735238,0.356464360303806
KAZ,Kazakhstan,2017,56.5481309330565,0.483702970817477,0.559199418603322,0.438811388235809,0.4530981056133,0.352740352156346
KEN,Kenya,2017,38.8916478246961,0.277714850146642,0.282050889274354,0.364301841680199,0.186791819485372,0.499881893652719
KGZ,Kyrgyzstan,2017,50.9210402330246,0.376564816798175,0.421026167553448,0.374061114883867,0.334607167957209,0.358144012137682
KHM,Cambodia,2017,40.5432114529825,0.281487021263581,0.238837662164026,0.332662656989804,0.272960744636914,0.470622792203931
KIR,Kiribati,2017,39.7025956160728,0.35988960194139,0.359595464808,0.548801328011219,0.171272013004951,0.565837689619933
KNA,Saint Kitts and Nevis,2017,55.2775073004064,0.58123768910302,0.477727201152873,0.625113149832261,0.640872716323928,0.475687543094892
KOR,"Korea, Republic of",2017,68.4254524799252,0.732646682296715,0.782612123574609,0.65088499869917,0.764442924616366,0.364137632698211
KWT,Kuwait,2017,47.9744131440969,0.397640966807302,0.42619122290962,0.47673736000374,0.289994317508546,0.438152703925364
LAO,Lao People's Democratic Republic,2017,40.55494660692,0.304543055592254,0.27772452524931,0.38518217462005,0.250722466907402,0.493444123453854
LBN,Lebanon,2017,42.653862214408,0.315293616019007,0.333220226498536,0.323867099985113,0.288793521573372,0.462216371730848
LBR,Liberia,2017,34.4999735993614,0.290068476736918,0.227192226795764,0.363037334916233,0.279975868498757,0.600069004749691
LBY,Libyan Arab Jamahiriya,2017,36.1791793311029,0.223076642509755,0.269885740261558,0.136024418231708,0.263319769036,0.499493055887697
LCA,Saint Lucia,2017,56.0684125610248,0.45871799591048,0.479894966178134,0.621501384175736,0.274757637377569,0.337349744689983
LIE,Liechtenstein,2017,,0.642455094479831,0.609306024758481,0.844686485872746,0.473372772808266,
LKA,Sri Lanka,2017,46.7212327150386,0.394377604049977,0.441878875513147,0.46667771971005,0.274576216926733,0.459952949749204
LSO,Lesotho,2017,40.1289063176628,0.31533521003686,0.321478547862767,0.465480148764177,0.159046933483637,0.512757083683605
LTU,Lithuania,2017,60.7144463748766,0.59577431618946,0.685342261214911,0.674981631995652,0.426999055357818,0.381485388691928
LUX,Luxembourg,2017,68.1043985919258,0.696988978820829,0.633050085869822,0.849824016299052,0.608092834293612,0.334901006982313
LVA,Latvia,2017,59.9558513875338,0.590867299768051,0.67366474475748,0.647490071358645,0.451447083188027,0.391750272017376
MAR,Morocco,2017,47.328438834279,0.420249775399552,0.533855358159997,0.439732942162355,0.287161025876303,0.473680998713972
MCO,Monaco,2017,68.280916267889,0.777577177538644,,0.81843275226444,0.736721602812849,0.411958852180865
MDA,"Moldova, Republic of",2017,47.9784183347928,0.409350385248589,0.406076380000804,0.413905712937452,0.408069062807511,0.449782018552733
MDG,Madagascar,2017,35.5700106035719,0.263627689076654,0.24576717742448,0.350211606748663,0.19490428305682,0.552227477005217
MDV,Maldives,2017,43.7090236611001,0.411553474056334,0.446530633442617,0.406947470697424,0.38118231802896,0.537373000834332
MEX,Mexico,2017,48.4221589756921,0.371200105331654,0.458849771683424,0.372709239362176,0.282041304949362,0.402756925817813
MHL,Marshall Islands,2017,45.6287143638215,0.427097899808169,0.46317155269573,0.597362941643571,0.220759205085205,0.51452361253174
MKD,Macedonia,2017,52.9782729268563,0.467766420220313,0.593558265103071,0.477134481639188,0.332606513918681,0.408200961683187
MLI,Mali,2017,34.6482232867021,0.296450640313173,0.256225612493498,0.321627246134106,0.311499062311914,0.60348617457913
MLT,Malta,2017,57.5373672113497,0.51769283490476,0.488268130451181,0.711319983579204,0.353490390683895,0.366945490677766
MMR,Myanmar,2017,38.3328906881946,0.269529935379783,0.280735564618435,0.310403134986776,0.217451106534139,0.502872121615892
MNE,Montenegro,2017,51.7797394441497,0.466999652277166,0.491700806992239,0.511020652816816,0.398277497022443,0.431404863394173
MNG,Mongolia,2017,50.8037845955128,0.436069446509086,0.444990741162517,0.494878227035174,0.368339371329568,0.41999375459883
MOZ,Mozambique,2017,37.582699597527,0.253568039072189,0.265144155282415,0.318976065128135,0.176583896806016,0.501914047121648
MRT,Mauritania,2017,34.9889109676054,0.335276477946305,0.395782933390368,0.34606040033879,0.263986100109758,0.635498258594198
MUS,Mauritius,2017,54.6846044914957,0.547664711415006,0.654768983237077,0.660845603651495,0.327379547356447,0.453972621585092
MWI,Malawi,2017,34.3450514352681,0.265771057770179,0.223599144808863,0.40363385261597,0.170080175885703,0.578870029064817
MYS,Malaysia,2017,55.8627352583758,0.504132680754767,0.643027304601309,0.548854475068526,0.320516262594466,0.38687797558725
NAM,Namibia,2017,43.2625418131959,0.377724043170194,0.370081397953448,0.568443444780429,0.194647286776704,0.512473206906276
NER,Niger,2017,35.8206554273048,0.306693919408533,0.222797117579644,0.374124435908015,0.323160204737939,0.590280810862436
NGA,Nigeria,2017,36.416655267228,0.220041614455092,0.187443757315664,0.276028766695885,0.196652319353727,0.491708509110531
NIC,Nicaragua,2017,44.2718982267457,0.308469627563564,0.346790527216924,0.363552586992176,0.215065768481592,0.423031663028649
NLD,Netherlands,2017,67.2744923765207,0.706582429350291,0.67520463703758,0.827681970974647,0.616860680038646,0.361092581819876
NOR,Norway,2017,76.7596509680865,0.800956251522007,0.824670431474861,0.864182141147464,0.714016181943698,0.265763232160278
NPL,Nepal,2017,40.8921556433693,0.343325642204891,0.393404349779141,0.381256923937917,0.255315652897614,0.525482529337504
NRU,Nauru,2017,51.7111750464385,0.559300174297297,,0.559300174297297,,0.525076673368527
NZL,New Zealand,2017,75.137720994807,0.797469377969439,0.794450045477883,0.882276879456859,0.715681208973575,0.294714958073299
OMN,Oman,2017,51.415971331051,0.494916485524456,0.660030281860754,0.56840171229215,0.256317462420465,0.466597058903436
PAK,Pakistan,2017,37.2648053691278,0.279356669468496,0.294594595139342,0.275872447194734,0.267602966071413,0.53406056208594
PAN,Panama,2017,49.5414741798876,0.407172709266407,0.463148637632038,0.499483724965211,0.258885765201971,0.416343225668655
PER,Peru,2017,48.7955779556156,0.405508809455603,0.467736233383172,0.452838214151732,0.295951980831903,0.429597250343291
PHL,Philippines,2017,43.6479951930309,0.332450413639612,0.35234055564312,0.385840609801924,0.259170075473793,0.459490509778994
PLW,Palau,2017,50.9421707151959,0.499603596692559,0.396676620874355,0.665961600002945,0.436172569200377,0.48076018238864
PNG,Papua New Guinea,2017,36.7131278539813,0.283408823735123,0.340855525720702,0.351944649715287,0.157426295769381,0.549146266655496
POL,Poland,2017,62.8348364998678,0.571422917226071,0.555317606813902,0.642533442083796,0.516417702780514,0.314726187228714
PRK,"Korea, Democratic People's Repub",2017,42.3463273909928,0.35637981698508,,0.220405738475747,0.492353895494413,0.509453269165224
PRT,Portugal,2017,61.7197115269793,0.594076345938899,0.639562546971081,0.699238250491075,0.443428240354541,0.359682115399314
PRY,Paraguay,2017,48.1194040293128,0.35517330604011,0.39526505295093,0.422424533030746,0.247830332138653,0.392785225453854
QAT,Qatar,2017,54.2281717862655,0.50621930311653,0.652427063727757,0.633393860872797,0.232836984749035,0.42165586739122
ROU,Romania,2017,53.9329024623797,0.476214424365579,0.438221631347907,0.545862507686891,0.444559134061938,0.397556375117985
RUS,Russian Federation,2017,60.1871650207902,0.516331061370674,0.609021350082416,0.366460242805361,0.573511591224246,0.31258776095487
RWA,Rwanda,2017,38.8239199875288,0.392294390155995,0.45503212207234,0.53803186669564,0.183819181700005,0.615815990405418
SAU,Saudi Arabia,2017,51.6701457041282,0.492009682620585,0.619287298616421,0.467764754251143,0.388976994994191,0.45860676853802
SDN,Sudan,2017,31.1199838797603,0.249788954425836,0.318719574194254,0.1957852714151,0.234862017668155,0.62738927683063
SEN,Senegal,2017,40.1399584959422,0.33805246708328,0.248782799806344,0.48098232267395,0.284392278769547,0.535253297164436
SGP,Singapore,2017,71.110787225561,0.807512982576404,0.85094484350408,0.861063117154877,0.710530987070254,0.385297238065184
SLB,Solomon Islands,2017,40.1467734800627,0.41471595324604,0.381277698073348,0.448154208418731,,0.611780483644785
SLE,Sierra Leone,2017,34.6226168276372,0.302174249907781,0.236335337208863,0.378439437057034,0.291747975457445,0.609721913355038
SLV,El Salvador,2017,44.7667522548717,0.341730718541753,0.366809126858234,0.41193519195469,0.246447836812336,0.446395673444319
SMR,San Marino,2017,,0.64999392850897,0.566738474557983,0.754072304783817,0.62917100618511,
SOM,Somalia,2017,30.2129652752649,0.246613162668624,0.391810989017093,0.101415336320154,,0.642353857163326
SRB,Serbia,2017,49.7284393344741,0.44719182727887,0.43267160292171,0.480961992608957,0.427941886305943,0.452623040589388
STP,Sao Tome and Principe,2017,41.8031846775883,0.36189092649572,0.299722986393606,0.4584684997364,0.327481293357153,0.525827232943954
SUR,Suriname,2017,44.7690772812653,0.332861312138625,0.300690002081408,0.457006644804362,0.240887289530104,0.437479766513319
SVK,Slovakia,2017,56.6833052041629,0.500774798422931,0.47947791201894,0.601978881622831,0.420867601627022,0.367108694339673
SVN,Slovenia,2017,63.5123440497177,0.616981180129808,0.573539665461762,0.656004886241006,0.621398988686654,0.346734299135453
SWE,Sweden,2017,71.7816810407106,0.757059742926484,0.741740815973601,0.838043637988243,0.691394774817609,0.321426122112272
SWZ,Swaziland,2017,41.4723575418241,0.32527720739458,0.302294056539845,0.440124429804099,0.233413135839798,0.495830056558098
SYC,Seychelles,2017,52.473952720474,0.477423319903664,0.539854521834557,0.600337954259438,0.292077483616997,0.427944265494184
SYR,Syrian Arab Republic,2017,35.9780394131201,0.236597534626456,0.259914937747906,0.135932150382498,0.313945515748965,0.517036746364055
TCD,Chad,2017,26.2772590604786,0.171543248813193,0.0551413455836727,0.241778057074185,0.217710343781721,0.645998067603622
TGO,Togo,2017,39.490690267261,0.30690293116881,0.331744496396773,0.347659146469007,0.241305150640652,0.51708912582359
THA,Thailand,2017,50.3810109942866,0.455867156125291,0.607738106515666,0.431429868957761,0.328433492902447,0.44824693623956
TJK,Tajikistan,2017,46.5871656023165,0.302417184332754,0.316249330328258,0.309554905763746,0.281447316906256,0.370673872286424
TKM,Turkmenistan,2017,39.6382656925244,0.236656467083627,,0.253268886987442,0.220044047179812,0.44389115323314
TLS,Timor-Leste,2017,41.3172761275394,0.391332256547078,0.41965737441558,0.371654453257524,0.382684941968131,0.56498673399629
TON,Tonga,2017,40.8559412725326,0.425136549502198,0.500138133443625,0.517455880656217,0.257815634406751,0.608017724051545
TTO,Trinidad and Tobago,2017,48.415458350683,0.364055248783134,0.373706561029518,0.492121064984277,0.226338120335607,0.395746081769475
TUN,Tunisia,2017,50.2692998578755,0.437666579411,0.555542174438083,0.457137273101223,0.300320290693694,0.432280582253491
TUR,Turkey,2017,52.6838848148126,0.456300892116015,0.449385850378637,0.398671073837918,0.520845752131492,0.402623195819764
TUV,Tuvalu,2017,42.0240481515526,0.409135415078002,,0.56680477553504,0.251466054620963,0.568654452046951
TZA,"Tanzania, United Republic of",2017,39.50054870812,0.299760800217725,0.276468779758989,0.402646618437892,0.220167002456296,0.509749826055326
UGA,Uganda,2017,36.8225023428436,0.278092186194893,0.285066511656218,0.363870350761241,0.185339696167219,0.54164213933802
UKR,Ukraine,2017,50.2690750958929,0.395660595851917,0.365172991310627,0.331139160432336,0.490669635812788,0.39027909393406
URY,Uruguay,2017,55.2405206586328,0.500374510223341,0.45140695899627,0.70698510815555,0.342731463518202,0.395564097050685
USA,United States,2017,67.9842066826076,0.675335019514328,0.673472258222466,0.719016216042651,0.633516584277868,0.315650885862177
UZB,Uzbekistan,2017,46.5556562303644,0.321474865857607,0.37810167024564,0.312859430217373,0.27346349710981,0.390361741250319
VCT,Saint Vincent and the Grenadines,2017,53.820829458095,0.49172828786082,0.533456636051758,0.619236328874005,0.322491898656697,0.41531169869892
VEN,"Venezuela, Bolivarian Republic o",2017,39.9402231719659,0.186782465343772,0.0830518931604998,0.162837075912502,0.314458426958314,0.387978001904453
VNM,Viet Nam,2017,45.8040725613604,0.407681569051473,0.47402412686025,0.457741494798213,0.291279085495956,0.491600117824265
VUT,Vanuatu,2017,40.1402841285277,0.373512321060751,0.398312756421962,0.545755475720737,0.176468731039553,0.570706638490196
WSM,Samoa,2017,45.9439916899012,0.442733339243209,0.547682307591737,0.639670372416546,0.140847337721344,0.523853505445184
YEM,Yemen,2017,32.4155230637488,0.254882852924268,0.37964156252574,0.146583050163194,0.23842394608387,0.606572391649293
ZAF,South Africa,2017,46.187774005826,0.368981745445587,0.416278166356471,0.492875190566669,0.197791879413621,0.445226265329067
ZMB,Zambia,2017,40.5296567180169,0.314570235725041,0.373449912316169,0.423887589122698,0.146373205736255,0.503977101364702
ZWE,Zimbabwe,2017,34.278374805664,0.199787052735122,0.210734628052188,0.258382544620622,0.130243985532555,0.514219556621842
AFG,Afghanistan,2018,30.0401437942291,0.222022771630573,0.156902560426998,0.155221866322212,0.35394388814251,0.621219895745992
AGO,Angola,2018,35.1405555298523,0.233479856226127,0.190757275525524,0.312728207842254,0.196954085310602,0.53066874562908
ALB,Albania,2018,48.6262521719252,0.418301573967831,0.404055271383171,0.472846890035518,0.378002560484805,0.445776530529326
AND,Andorra,2018,59.3079500401453,0.53843105332426,,0.773661733862935,0.303200372785584,0.352272052521354
ARE,United Arab Emirates,2018,57.891263539045,0.593921511365137,0.769779687907102,0.673219763494965,0.338765082693342,0.436096240584236
ARG,Argentina,2018,48.3484351449852,0.376661750578702,0.266716128651685,0.489739932483544,0.373529190600876,0.409693047678998
ARM,Armenia,2018,54.9720159333707,0.504452069724553,0.601321888681913,0.49598458413311,0.416049736358636,0.405011751057139
ATG,Antigua and Barbuda,2018,48.4004306794039,0.454477952498608,0.451631526620451,0.603390465195356,0.308411865680016,0.486469338910529
AUS,Australia,2018,69.7761984466891,0.702945462827534,0.713637781861762,0.811018516092239,0.584180090528601,0.307421493893753
AUT,Austria,2018,69.0518468410084,0.706412594431662,0.623874894367555,0.795971893265556,0.699390995661874,0.325375657611493
AZE,Azerbaijan,2018,49.4355360461398,0.418618052591831,0.510436163066799,0.393224324513189,0.352193670195506,0.429907331669035
BDI,Burundi,2018,32.0937981000888,0.252744974891279,0.285130673834556,0.231862093367775,0.241242157471506,0.610869012889503
BEL,Belgium,2018,61.0994781533428,0.604248031527694,0.536004791134305,0.735744111235193,0.540995192213584,0.382258468460838
BEN,Benin,2018,37.2664422940798,0.340207777432916,0.291771459292491,0.451718186833343,0.277133686172914,0.59487893155132
BFA,Burkina Faso,2018,38.9319991429635,0.282618082753422,0.231972309081911,0.411327391794058,0.204554547384298,0.503978099894153
BGD,Bangladesh,2018,35.749410894779,0.260777200214946,0.188213703455714,0.312508031561421,0.281609865627704,0.545788982319367
BGR,Bulgaria,2018,55.9030831656805,0.472182120482673,0.468089125364028,0.534312759796659,0.414144476287331,0.354120457169062
BHR,Bahrain,2018,48.4139322744398,0.467258398966988,0.625607273182668,0.476182326346215,0.299985597372081,0.498979753478191
BHS,Bahamas,2018,49.624874159449,0.438128452820304,0.447942201366043,0.62481827272382,0.241624884371047,0.445630969631325
BIH,Bosnia and Herzegovina,2018,49.8181559387669,0.376264575398978,0.324494170244631,0.42291462740647,0.381384928545833,0.37990145662364
BLR,Belarus,2018,55.8557561386638,0.505230733753078,0.556312120578135,0.43539584756617,0.523984233114928,0.388115610979802
BLZ,Belize,2018,42.7784497308396,0.336845364611577,0.36482009932977,0.438625628430274,0.207090366074688,0.481276369994785
BOL,"Bolivia, Plurinational State of",2018,41.6785999862943,0.282971353737174,0.284938187299543,0.344185454682613,0.219790419229366,0.449399354011287
BRA,Brazil,2018,48.6677115208889,0.339257832808468,0.297546055342869,0.419614851373063,0.300612591709472,0.36590360239069
BRB,Barbados,2018,56.1606047227779,0.515459773785239,0.469244044574103,0.665512012574595,0.411623264207018,0.392247679329681
BRN,Brunei Darussalam,2018,55.6770257725266,0.537286398405513,0.589804777670325,0.682208034436407,0.339846383109806,0.423745882954981
BTN,Bhutan,2018,46.562234242844,0.467958270014017,0.477800529356687,0.668703885643666,0.257370395041699,0.536713585157137
BWA,Botswana,2018,47.2198733992187,0.419144276886646,0.431420440444129,0.643122167157265,0.182890223058544,0.474746808902273
CAF,Central African Republic,2018,26.7416470107701,0.131209522143284,0.0108694425307758,0.207352379227295,0.175406744671783,0.596376581927882
CAN,Canada,2018,68.4023049930884,0.663537335732666,0.62737173308695,0.810452596409746,0.552787677701303,0.295491235870898
CHE,Switzerland,2018,70.8460728804947,0.716811383538573,0.678990205559495,0.870849264536209,0.600594680520014,0.299889925928679
CHL,Chile,2018,59.8523058669211,0.556574969522396,0.582875262409872,0.69984516801701,0.387004478140306,0.359528852183975
CHN,China,2018,53.7508433913646,0.472447200004968,0.402162487122214,0.458607923283394,0.556571189609297,0.397430332177677
CIV,Cote d'Ivoire,2018,39.6137767615069,0.279436711065041,0.246697529010374,0.389461944012609,0.202150660172142,0.487161175834903
CMR,Cameroon,2018,38.5328264926734,0.248760635563317,0.163286697171583,0.280254403425498,0.302740806092869,0.478104105709849
COD,"Congo, the Democratic Republic o",2018,30.6860411125579,0.187617834823829,0.193397090862839,0.187426350254811,0.182030063353835,0.57389701257267
COG,Congo,2018,34.1445862098782,0.211734866336511,0.0966863560572245,0.279384364309568,0.259133878642739,0.528843142138947
COL,Colombia,2018,47.8152666848618,0.37520679513901,0.405755569109115,0.439026071671203,0.280838744636711,0.418901461441774
COM,Comoros,2018,39.699039269686,0.28535601116198,0.333160647332936,0.323391685624574,0.199515700528431,0.49137522576826
CPV,Cape Verde,2018,49.1027979043711,0.448741135672804,0.466691306478817,0.619076842167039,0.260455258372556,0.466685177585382
CRI,Costa Rica,2018,53.8788808538056,0.46885720459096,0.489423049661256,0.625362597908262,0.291785966203362,0.391279587514848
CUB,Cuba,2018,44.0097256053165,0.331297790250176,,0.430577152527699,0.232018427972653,0.451103278143847
CYP,Cyprus,2018,59.1728111755216,0.534396362983003,0.548644740266799,0.657030149906111,0.397514198776099,0.350940139472572
CZE,Czech Republic,2018,63.4689635460531,0.566090255846864,0.506714756723222,0.690496115221782,0.501059895595588,0.296710984925801
DEU,Germany,2018,70.3627791711711,0.712651497346337,0.638247222315162,0.814077619557685,0.685629650166164,0.305395913922914
DJI,Djibouti,2018,37.046200653745,0.33157505386809,0.412043462586194,0.359442315390524,0.223239383627553,0.59065104079319
DMA,Dominica,2018,55.3557794916307,0.536770850871838,0.452593959295514,0.620947742448163,,0.429655261039225
DNK,Denmark,2018,72.8093186205591,0.793245172487172,0.808405319266297,0.853913322876284,0.717416875318934,0.33705880007599
DOM,Dominican Republic,2018,44.3975102492901,0.355209790406074,0.337005795020451,0.420821010498483,0.307802565699288,0.467259585420273
DZA,Algeria,2018,43.9268342389227,0.330372212384139,0.31778922260836,0.353320895288703,0.320006519255354,0.451835527605685
ECU,Ecuador,2018,43.7568345351586,0.331909832125286,0.336909551752944,0.388588822021888,0.270231122601026,0.456773141422115
EGY,Egypt,2018,43.0546137024098,0.335748844908443,0.317372168449166,0.348188280135632,0.34168608614053,0.474656570860248
ERI,Eritrea,2018,27.4483800962982,0.184362629409475,0.205612347481575,0.207175480936854,0.140300059809996,0.635395027483511
ESP,Spain,2018,61.5498941087829,0.55153646632522,0.559327742959998,0.651683724977173,0.443597931038488,0.320538584149562
EST,Estonia,2018,63.9131514772732,0.638853723015579,0.729934975159495,0.759638078633828,0.426988115253412,0.360590693470115
ETH,Ethiopia,2018,38.4119577802341,0.295591379348981,0.311950464379644,0.344341737725428,0.230481935941872,0.527352223744299
FIN,Finland,2018,72.8776719535976,0.767086349897494,0.723197946434054,0.863907800634202,0.714153302624226,0.309532910825543
FJI,Fiji,2018,49.4079569719349,0.477664880983936,0.444958660073348,0.535160922707584,0.452875060170876,0.489505741545237
FRA,France,2018,67.0848066067466,0.663272126693377,0.604112943439594,0.709120123558164,0.676583313082374,0.321575994558445
FSM,"Micronesia, Federated States of",2018,37.6383083472842,0.364564977876721,0.339540201064783,0.568700706331303,0.185454026234077,0.611798810931037
GAB,Gabon,2018,41.7625015352538,0.284885923747155,0.193699569703573,0.365064751310977,0.295893450226914,0.449635893042079
GBR,United Kingdom,2018,71.34583210867,0.704791050026618,0.732308975757983,0.771452778468061,0.610611395853808,0.277874407853219
GEO,Georgia,2018,57.7311236474566,0.575991933982835,0.765962038296019,0.597886476345788,0.364127287306698,0.421369461033702
GHA,Ghana,2018,43.4973021808101,0.353929308541279,0.352404717821458,0.496158422162677,0.213224785639702,0.483983264925078
GIN,Guinea,2018,41.1319555603583,0.301655079376595,0.285002349477881,0.305051442063214,0.31491144658869,0.479015968169429
GMB,Gambia,2018,37.8579257549453,0.322205761666492,0.303448975749922,0.418543194811467,0.244625114438088,0.565047246567586
GNB,Guinea-Bissau,2018,31.4884635841725,0.259024278117393,0.223241669815268,0.267936706006118,0.285894458530791,0.629255006433943
GNQ,Equatorial Guinea,2018,38.7162986298311,0.226705591683062,0.264782097276082,0.248672859448733,0.166661818324372,0.45237961908644
GRC,Greece,2018,58.4143622471451,0.525847179185019,0.473318342898537,0.560328993694285,0.543894200962236,0.357559934242118
GRD,Grenada,2018,55.2493942216553,0.521197935443838,0.414408297159205,0.583053281667157,0.566132227505151,0.416210051010732
GTM,Guatemala,2018,42.6054417645574,0.306657993908229,0.365012585864783,0.34963965246187,0.205321743398034,0.45454915861708
GUY,Guyana,2018,41.1017413240171,0.329633644609671,0.32507162984967,0.438561892263877,0.225267411715466,0.507598818129328
HND,Honduras,2018,40.0609505660606,0.265352140790594,0.282564186701054,0.331941258273167,0.181550977397563,0.464133129469383
HRV,Croatia,2018,54.8487785934303,0.489538134877279,0.452080661868813,0.570440375521004,0.44609336724202,0.392562563008672
HTI,Haiti,2018,34.4143039947031,0.228206673108405,0.240437133609727,0.270423197544074,0.173759688171415,0.539920593214343
HUN,Hungary,2018,55.4702470427387,0.49755664035789,0.475724424586195,0.57854773900109,0.438397757486385,0.388151699503117
IDN,Indonesia,2018,47.6887029315097,0.391943860114434,0.427827358457226,0.451899252529109,0.296104969356966,0.43816980148424
IND,India,2018,43.175666048597,0.347544536974979,0.293279270483422,0.454774814481449,0.294579525960067,0.484031216003039
IRL,Ireland,2018,65.3686253187234,0.626623148246625,0.653774469472844,0.789529575104299,0.436565400162733,0.319250641872156
IRN,"Iran, Islamic Republic of",2018,48.1299545413777,0.389067322640628,0.360585395559493,0.297714478174884,0.508902094187506,0.426468231813074
IRQ,Iraq,2018,39.5275318957912,0.283378201989771,0.348412913726315,0.195579618657901,0.306142073585098,0.492827564073948
ISL,Iceland,2018,71.2629189564351,0.742458789022539,0.75165387252675,0.82381757452188,0.651904920018986,0.317200409893837
ISR,Israel,2018,59.3571896858009,0.552138850413276,0.489551374017933,0.630775009785191,0.536090167436704,0.364995056697258
ITA,Italy,2018,58.4590620724364,0.529622930804378,0.467607909026497,0.58116269987164,0.540098183514997,0.36044168935565
JAM,Jamaica,2018,47.9889435554088,0.394752503927143,0.410792300108612,0.500727824131366,0.272737387541452,0.434973632818967
JOR,Jordan,2018,48.8535525382468,0.411143449624484,0.415636544573096,0.504427329475504,0.313366474824853,0.434072398859548
JPN,Japan,2018,67.4804493207083,0.704441770128481,0.689994019144381,0.771921600478926,0.651409690762136,0.354832783714315
KAZ,Kazakhstan,2018,56.2401897803972,0.479305613344336,0.546495307292492,0.453456824397005,0.43796470834351,0.354501817736392
KEN,Kenya,2018,39.1708457514412,0.282031119188209,0.290905269884933,0.36563415598511,0.189553931694584,0.498614204159385
KGZ,Kyrgyzstan,2018,51.4574168492151,0.377257803190299,0.419839167254203,0.37792281175585,0.334011430560844,0.348109466205997
KHM,Cambodia,2018,40.7314941140692,0.285130877458914,0.232998903935312,0.328223930659246,0.294169797782185,0.47050099517753
KIR,Kiribati,2018,39.2260614481977,0.358247820867012,0.348926211153016,0.544246992636193,0.181570258811826,0.573726591903058
KNA,Saint Kitts and Nevis,2018,54.1393057158806,0.558212127532892,0.469661098733297,0.615933089905186,0.589042193960192,0.47542601321528
KOR,"Korea, Republic of",2018,68.7088774585979,0.738411493848703,0.778313257625994,0.673272595001484,0.763648628918631,0.364233944676744
KWT,Kuwait,2018,48.5482279003218,0.409081802030082,0.446851444334304,0.498195290641693,0.28219867111425,0.438117244023647
LAO,Lao People's Democratic Republic,2018,41.2247583068345,0.30989430389813,0.300236283820307,0.372069095308066,0.257377532566016,0.48539913776144
LBN,Lebanon,2018,42.4849039192722,0.31182226662896,0.322922196875362,0.318135587207831,0.294409015803688,0.462124188243516
LBR,Liberia,2018,34.8812779839893,0.288656914261201,0.221802603815413,0.364556996584985,0.279611142383205,0.591031354581416
LBY,Libyan Arab Jamahiriya,2018,36.2836649716043,0.222085098008258,0.263110214229116,0.140078435512601,0.263066644283057,0.496411798576172
LCA,Saint Lucia,2018,55.7618684141609,0.45077895545311,0.477039749242113,0.61556662924477,0.259730487872447,0.335541587169891
LIE,Liechtenstein,2018,,0.644490114448306,0.609306024758481,0.845311884383413,0.478852434203025,
LKA,Sri Lanka,2018,47.3030992224813,0.395730132356509,0.436457171443624,0.468362804524648,0.282370421101255,0.449668147906883
LSO,Lesotho,2018,40.0102822645393,0.310840921821321,0.315030248939846,0.457807752437875,0.159684764086241,0.510635276530536
LTU,Lithuania,2018,60.6620872002082,0.59845376878572,0.709563483537328,0.656700365758352,0.429097457061481,0.385212024781556
LUX,Luxembourg,2018,67.9626013977356,0.69857797263372,0.625158137934305,0.862447676982691,0.608128102984162,0.339325944679007
LVA,Latvia,2018,59.6760121017194,0.58580856671069,0.657239227103072,0.6422196201261,0.457966852902899,0.392288324676303
MAR,Morocco,2018,48.2748430046943,0.423512110508525,0.543287198375615,0.435290686392659,0.291958446757301,0.458015250414639
MCO,Monaco,2018,64.1403890807791,0.694730501592137,,0.81552062428806,0.573940378896215,0.411922719976556
MDA,"Moldova, Republic of",2018,48.2460549547835,0.413815048411525,0.407552110102566,0.413730459068492,0.420162576063518,0.448893949315855
MDG,Madagascar,2018,35.682351831782,0.264228960417044,0.260556559531282,0.335658107565718,0.196472214154133,0.550581923781405
MDV,Maldives,2018,44.2115926962633,0.413361493643305,0.455994554747402,0.404100550580216,0.379989375602296,0.529129639718038
MEX,Mexico,2018,48.3478380553327,0.369542070319777,0.452337310582164,0.366862023287951,0.289426877089217,0.402585309213123
MHL,Marshall Islands,2018,45.3030173248557,0.417816835068204,0.460385080950786,0.567290793811778,0.225774630442049,0.51175648857109
MKD,Macedonia,2018,52.7767053258482,0.467795700090938,0.579089693887958,0.485434324300481,0.338863082084376,0.412261593573975
MLI,Mali,2018,34.6062485504083,0.292549532341839,0.253242071200803,0.310122138117976,0.314284387706739,0.600424561333673
MLT,Malta,2018,57.614282953504,0.518811222115907,0.497282916507604,0.706431544983838,0.35271920485628,0.366525563045827
MMR,Myanmar,2018,38.1113444597203,0.272499789637848,0.284906106210374,0.304603099303461,0.227990163399708,0.510272900443441
MNE,Montenegro,2018,52.3825966762006,0.473180081696467,0.505944810583171,0.521171138965636,0.392424295540594,0.425528148172454
MNG,Mongolia,2018,51.008610856743,0.435149130974798,0.440563550857227,0.496283123283166,0.368600718784,0.414976913839939
MOZ,Mozambique,2018,38.3887472961615,0.266453839365275,0.284841944032037,0.334593598926657,0.179925975137131,0.498678893442044
MRT,Mauritania,2018,35.5726826430793,0.342214672550594,0.419064638101415,0.341997076363005,0.265582303187361,0.630761019689007
MUS,Mauritius,2018,56.0138959946398,0.571243449185105,0.710718402747404,0.655416272375028,0.347595672432883,0.450965529292308
MWI,Malawi,2018,34.2930144483567,0.261517700022819,0.220166468267805,0.393274948899854,0.171111682900797,0.575657411055686
MYS,Malaysia,2018,56.4417282091697,0.515498302959531,0.637156465283425,0.588573370055016,0.320765073540153,0.386663738776137
NAM,Namibia,2018,42.6300958460567,0.381084719601215,0.366584559234052,0.572346882283981,0.204322717285614,0.528482802680081
NER,Niger,2018,36.5625104968984,0.323290712789719,0.279259834516672,0.364871741138512,0.325740562713973,0.59204050285175
NGA,Nigeria,2018,36.8531657804962,0.22229816665774,0.19376373188191,0.273688023269906,0.199442744821404,0.485234851047816
NIC,Nicaragua,2018,43.0238765350499,0.281163429294176,0.333508956301055,0.292436368905098,0.217544962676376,0.420685898593178
NLD,Netherlands,2018,66.884143179098,0.702267384904134,0.669590446433046,0.831380668911488,0.605831039367869,0.364584521322174
NOR,Norway,2018,76.5546913361829,0.797563915104376,0.822328511965541,0.858676369105758,0.711686864241828,0.266470088380717
NPL,Nepal,2018,41.760183128888,0.345015612277125,0.381309779162516,0.39300821536312,0.26072884230574,0.509811949699366
NRU,Nauru,2018,53.1922600778651,0.559265101966347,,0.559265101966347,,0.495419900409045
NZL,New Zealand,2018,74.8233523429362,0.790987105224989,0.792108125968563,0.869861202194824,0.71099198751158,0.294520058366264
OMN,Oman,2018,51.5081673727657,0.498666979265223,0.665516148108612,0.559985752119915,0.270499037567143,0.46850363180991
PAK,Pakistan,2018,37.3960381928172,0.281894965482081,0.291193999687452,0.286048287217359,0.268442609541431,0.533974201625737
PAN,Panama,2018,49.754024699824,0.412219158775202,0.455898311479896,0.490047277691151,0.290711887154558,0.417138664778722
PER,Peru,2018,48.9450493704623,0.407783891366907,0.471970937153448,0.452570133534229,0.298810603413045,0.428882903957662
PHL,Philippines,2018,43.8074434228353,0.329725763211158,0.347945446427,0.386358528096395,0.254873315110078,0.453576894754451
PLW,Palau,2018,51.0033537136798,0.497114771229552,0.400911324644632,0.654922565725249,0.435510423318775,0.477047696955956
PNG,Papua New Guinea,2018,36.3774007338071,0.284606002747618,0.336973713931282,0.358475703602222,0.158368590709352,0.557057988071477
POL,Poland,2018,62.882517623178,0.572157666865908,0.550601686706093,0.639031364238743,0.526839949652887,0.314507314402347
PRK,"Korea, Democratic People's Repub",2018,42.5009428933636,0.356235765240247,,0.220791223172087,0.491680307308408,0.506216907372975
PRT,Portugal,2018,61.7942346938798,0.593485210797188,0.629521166061258,0.698351811618138,0.452582654712169,0.357600516919593
PRY,Paraguay,2018,48.2427646547285,0.355076592359556,0.390805781556471,0.423386347643714,0.251037647878484,0.390221299264986
QAT,Qatar,2018,54.4729769245473,0.510068994238106,0.648064035600804,0.640199714400317,0.241943232713196,0.42060945574716
ROU,Romania,2018,53.9749818771,0.476125879255191,0.442071362048158,0.533186029440693,0.453120246276722,0.39662624171319
RUS,Russian Federation,2018,60.8265625360752,0.527814844990416,0.611651999394255,0.377585185890726,0.594207349686267,0.311283594268911
RWA,Rwanda,2018,39.2225755373391,0.397465767556237,0.473831640325237,0.534330008668136,0.184235653675338,0.613014256809455
SAU,Saudi Arabia,2018,52.5049357430524,0.500897565866647,0.61943395502405,0.477595744827477,0.405662997748413,0.450798851005599
SDN,Sudan,2018,30.9118679899614,0.251885551460763,0.318142114589216,0.201081218986793,0.236433320806281,0.633648191661536
SEN,Senegal,2018,40.7364332914042,0.349340421110497,0.275089292924733,0.481548333008774,0.291383637397984,0.534611755282414
SGP,Singapore,2018,71.2662937924468,0.811206638626282,0.852163924892492,0.859394982184619,0.722061008801735,0.385880762777345
SLB,Solomon Islands,2018,40.9717360714278,0.418435462728972,0.37470107479375,0.462169850664194,,0.599000741300417
SLE,Sierra Leone,2018,34.7177815892429,0.302248428384264,0.226229794120702,0.384572290179678,0.295943200852411,0.607892796599406
SLV,El Salvador,2018,45.0443200885748,0.347278843018501,0.379449075990728,0.408443133963157,0.253944319101618,0.446392441247005
SMR,San Marino,2018,,0.644780456355264,0.555670498794758,0.751924033708861,0.626746836562174,
SOM,Somalia,2018,30.0866622246763,0.242928090145549,0.385394771183339,0.10046140910776,,0.641194845652023
SRB,Serbia,2018,48.7521660622395,0.45063705304158,0.435751387481911,0.485486399926224,0.430673371716604,0.47559373179679
STP,Sao Tome and Principe,2018,41.9973629993741,0.365828055591222,0.294773332636139,0.470787721107397,0.331923113030129,0.52588079560374
SUR,Suriname,2018,44.7062613914019,0.327905059313787,0.29100151315244,0.447252683862905,0.245460980926016,0.433779831485749
SVK,Slovakia,2018,56.956147211526,0.506946626515998,0.496063835119192,0.597533261799811,0.427242782628991,0.367823682285478
SVN,Slovenia,2018,63.2151545167903,0.610313615106573,0.567187609806345,0.662887169505432,0.600866066007943,0.346010524770768
SWE,Sweden,2018,71.3622019510264,0.749501044509692,0.737056976954961,0.840064918565415,0.671381238008699,0.322257005489164
SWZ,Swaziland,2018,40.8315351999274,0.314602455320865,0.289172891069821,0.416876947205484,0.237757527687291,0.497971751322317
SYC,Seychelles,2018,52.4621300162977,0.482642322432755,0.534015763605841,0.619051772415912,0.29485943127651,0.4333997221068
SYR,Syrian Arab Republic,2018,35.9524623753752,0.236217874097185,0.253242071200803,0.142658437746664,0.312753113344088,0.517168626589681
TCD,Chad,2018,26.2709660247548,0.169247400400934,0.0502008578516829,0.238500678463819,0.219040664887301,0.643828079905839
TGO,Togo,2018,39.9368150732449,0.309141885510978,0.32818349549904,0.354537008197746,0.244705152836148,0.51040558404608
THA,Thailand,2018,50.8762105090569,0.467924237140749,0.647005359658235,0.429556810258644,0.327210541505367,0.45040002695961
TJK,Tajikistan,2018,47.950585427108,0.314910734645204,0.349389095439594,0.305065034139843,0.290278074356174,0.355899026103044
TKM,Turkmenistan,2018,39.7931962160736,0.240485781240599,,0.258915183458927,0.22205637902227,0.444621856919127
TLS,Timor-Leste,2018,41.2215796360486,0.394256426606552,0.404130127257898,0.391433488448845,0.387205664112911,0.569824833885579
TON,Tonga,2018,41.202641473479,0.429156316146853,0.49141207718972,0.533369360125008,0.262687511125831,0.605103486677274
TTO,Trinidad and Tobago,2018,48.2547372283439,0.357253670395181,0.355644907827503,0.483589925331018,0.232526178027022,0.392158925828304
TUN,Tunisia,2018,50.2734190387238,0.440891942850832,0.543896739069822,0.470092376696117,0.308686712786557,0.435423562076357
TUR,Turkey,2018,52.8370327312543,0.458596981000902,0.452241067314657,0.406452307323891,0.517097568364157,0.401856326375815
TUV,Tuvalu,2018,42.7214508187965,0.414223161075284,,0.576677813102103,0.251768509048464,0.559794144699355
TZA,"Tanzania, United Republic of",2018,39.5203042834633,0.295187380259353,0.268673075090979,0.396711123664607,0.220177942022474,0.504781294590087
UGA,Uganda,2018,36.9255865372031,0.273509072684131,0.277238725899039,0.357658290029336,0.185630202124018,0.534997341940069
UKR,Ukraine,2018,50.7322071574458,0.407318726130778,0.392506079282416,0.33931621355273,0.490133885557188,0.392674582981863
URY,Uruguay,2018,55.3481710187572,0.504846160612538,0.460646312676874,0.703062875230853,0.350829293929886,0.397882740237393
USA,United States,2018,67.6411771211767,0.671941691973989,0.66612568880282,0.715415209948204,0.634284177170943,0.319118149550455
UZB,Uzbekistan,2018,48.3844441589362,0.356799635945168,0.458079825543373,0.326578605998872,0.285740476293259,0.389110752766443
VCT,Saint Vincent and the Grenadines,2018,54.2423518916193,0.495544589210001,0.52579383875316,0.624138411017905,0.336701517858939,0.410697551377614
VEN,"Venezuela, Bolivarian Republic o",2018,39.242451107969,0.173484216051108,0.0766035942375773,0.131723657401693,0.312125396514054,0.388635193891728
VNM,Viet Nam,2018,46.2151286940466,0.411905968894887,0.481146128655716,0.45054687793912,0.304024900089824,0.487603395013954
VUT,Vanuatu,2018,39.7994524174093,0.367734268565242,0.391222835715664,0.534889115733172,0.177090854246892,0.571745220217056
WSM,Samoa,2018,46.2573189779582,0.438910225640486,0.542388927878889,0.63375926327697,0.1405824857656,0.513763846081322
YEM,Yemen,2018,31.8374881734423,0.24651818294851,0.374893561328764,0.127116235634709,0.237544751882055,0.609768419479663
ZAF,South Africa,2018,45.891112541547,0.364295123029263,0.404953541879896,0.486988517678831,0.200943309529062,0.446472872198323
ZMB,Zambia,2018,40.5302474877842,0.314171790568422,0.384132915009368,0.410598968275901,0.147783488419998,0.503566840812738
ZWE,Zimbabwe,2018,34.5873833118161,0.202159839262041,0.213108628650676,0.263244896446892,0.130125992688555,0.51041217302572
AFG,Afghanistan,2019,30.5807188770454,0.228263998266566,0.170484954540257,0.158844550716126,0.355462489543316,0.616649620725657
AGO,Angola,2019,35.5078510006556,0.240374885636694,0.191424331829856,0.330561340584617,0.19913898449561,0.530217865623582
ALB,Albania,2019,48.6130464845464,0.411679916186614,0.387312806004881,0.462224080781057,0.385502861773903,0.439418986495686
AND,Andorra,2019,60.5185501904211,0.562929174700513,,0.783996217754347,0.341862131646679,0.352558170892091
ARE,United Arab Emirates,2019,58.1641032703715,0.598444364511704,0.777330501328997,0.677527568018648,0.340475024187466,0.435162299104274
ARG,Argentina,2019,48.3590192531922,0.374682747796565,0.279843172855327,0.463657116131979,0.38054795440239,0.407502362732722
ARM,Armenia,2019,55.4689849029287,0.515274524027953,0.628022424916478,0.503003868964056,0.414797278203326,0.40589482596938
ATG,Antigua and Barbuda,2019,48.7519871596658,0.454910804506989,0.442804692075964,0.61342228311232,0.308505438332684,0.479871061313673
AUS,Australia,2019,69.8459431331223,0.701237773689662,0.705921692043312,0.811069003196196,0.586722625829478,0.304318911027216
AUT,Austria,2019,68.8558805560433,0.70294427263107,0.61514396716294,0.793707762766299,0.699981087963973,0.325826661510204
AZE,Azerbaijan,2019,50.6041981868784,0.440937995291598,0.558372196801458,0.406293362566765,0.358148426506572,0.42885403155403
BDI,Burundi,2019,32.1795184992158,0.253742966146866,0.28383432909003,0.234443731788102,0.242950837562465,0.61015259616255
BEL,Belgium,2019,61.2065460392606,0.603313410165334,0.53138242687292,0.73847312791494,0.540084675708143,0.379182489380123
BEN,Benin,2019,37.2076387345331,0.333100208104515,0.28487939996337,0.43848284285169,0.275938381498486,0.588947433413853
BFA,Burkina Faso,2019,38.6309868012334,0.27507025531765,0.223134556889277,0.396171147991554,0.20590506107212,0.502450519292982
BGD,Bangladesh,2019,35.8651923625159,0.261667287696448,0.188537369732301,0.307157844538724,0.289306648818318,0.54436344044613
BGR,Bulgaria,2019,56.0248353263534,0.474261344093284,0.465234916210913,0.536302906375387,0.421246209693552,0.353764637566217
BHR,Bahrain,2019,48.6352388863369,0.470086285136988,0.614364950976736,0.495722361921864,0.300171542512365,0.49738150741025
BHS,Bahamas,2019,49.928031908046,0.442916534287277,0.459686399459076,0.623339657355786,0.245723546046969,0.444355896126357
BIH,Bosnia and Herzegovina,2019,49.2721316971865,0.366331355893341,0.319119831971684,0.415865506071451,0.364008729636888,0.38088872194961
BLR,Belarus,2019,57.4078805187367,0.51098532359912,0.570602650146552,0.460679584127171,0.501673736523637,0.362827713224386
BLZ,Belize,2019,42.5513045751055,0.339215096728876,0.354832970733043,0.450697746283667,0.212114573169917,0.488189005226766
BOL,"Bolivia, Plurinational State of",2019,41.3049000664118,0.273652829050492,0.283448012309463,0.315042948213615,0.222467526628399,0.447554827722256
BRA,Brazil,2019,48.6912518330273,0.344503477073052,0.30022692583618,0.425579363653122,0.307704141729854,0.370678440412506
BRB,Barbados,2019,56.8074085015072,0.52775856919927,0.46176142446217,0.669295520103112,0.452218763032527,0.391610399169125
BRN,Brunei Darussalam,2019,55.1995461284175,0.528044277233319,0.636949365896277,0.672442157316523,0.274741308487155,0.424053354664969
BTN,Bhutan,2019,46.6790566308879,0.470101108910779,0.474736101488384,0.670303353316489,0.265263871927464,0.536519976293021
BWA,Botswana,2019,47.3484468635979,0.423628860965182,0.4410289785959,0.645211033556215,0.18464657074343,0.476659923693223
CAF,Central African Republic,2019,27.0768542800927,0.130955024192864,0.0057762756885538,0.208802721207954,0.178286075682085,0.589417938591011
CAN,Canada,2019,68.766795983077,0.661185561143474,0.622331810774919,0.80910968370594,0.552115188949564,0.285849641481935
CHE,Switzerland,2019,70.9352989942993,0.718227308847559,0.671819326293096,0.867084854843113,0.615777745406467,0.299521328961573
CHL,Chile,2019,59.9512595158549,0.547373860871078,0.579133868371997,0.672850328342317,0.39013738589892,0.348348670553981
CHN,China,2019,57.1443533427931,0.539609700423203,0.59141907792164,0.463986882091109,0.56342314125686,0.396722633567341
CIV,Cote d'Ivoire,2019,39.9501954801184,0.287086975793087,0.276450975594319,0.382759302304704,0.202050649480238,0.488083066190719
CMR,Cameroon,2019,38.5927161132924,0.24866680490661,0.166394363725512,0.270301479891255,0.309304571103064,0.476812482640762
COD,"Congo, the Democratic Republic o",2019,30.7406327185215,0.188054042066728,0.186788146545762,0.19443020843746,0.182943771216962,0.573241387696298
COG,Congo,2019,33.7228734128333,0.208797308959864,0.09074379618921,0.273469279181835,0.262178851508546,0.534339840703198
COL,Colombia,2019,48.2051505936323,0.3719314927405,0.400115344112847,0.435039328044286,0.280639806064366,0.407828480867853
COM,Comoros,2019,39.1740982142128,0.277485307488591,0.324789138703234,0.304931909347839,0.202734874414702,0.494003343204335
CPV,Cape Verde,2019,49.2476651773764,0.448070900323173,0.45551067498362,0.628511364979854,0.260190661006044,0.463117596775646
CRI,Costa Rica,2019,53.9501714372181,0.469587607635987,0.472993164947591,0.633242810031191,0.302526847929179,0.390584178891625
CUB,Cuba,2019,44.2462373089193,0.337001209905228,,0.430834528215555,0.243167891594901,0.452076463726841
CYP,Cyprus,2019,59.516934330446,0.541693065028187,0.543227235292718,0.666657371223677,0.415194588568165,0.351354378419266
CZE,Czech Republic,2019,63.435450156078,0.568012704057366,0.496169484360486,0.69219903435372,0.515669593457893,0.299303700935807
DEU,Germany,2019,70.1557044678365,0.708996703875241,0.629592886611389,0.806301469544601,0.691095755469733,0.305882614518512
DJI,Djibouti,2019,37.3779504552645,0.33614604986692,0.437319329719557,0.346766685921709,0.224352133959494,0.588587040761631
DMA,Dominica,2019,54.5425619496983,0.517801291904112,0.423389082539973,0.612213501268251,,0.426950052910146
DNK,Denmark,2019,72.4972801976445,0.792357532403375,0.801131646143503,0.858075367127798,0.717865583938823,0.342411928450484
DOM,Dominican Republic,2019,44.589935482086,0.360004325832765,0.33797276271859,0.430818086230862,0.311222128548843,0.468205616191045
DZA,Algeria,2019,43.5531357422456,0.325834707729108,0.325896164230452,0.32573144012746,0.325876518829412,0.454771992884195
ECU,Ecuador,2019,43.9627382794038,0.333912760979757,0.333109202415077,0.397603205506432,0.271025875017762,0.45465799539168
EGY,Egypt,2019,43.2776480487294,0.33700674719925,0.323240320345968,0.342234895799148,0.345545025452633,0.471453786224662
ERI,Eritrea,2019,27.5388232121414,0.185063112781532,0.202651481304261,0.202781162678309,0.149756694362027,0.634286648538705
ESP,Spain,2019,61.4338190966561,0.549641298129871,0.548820094492412,0.660926598272591,0.43917720162461,0.32096491619675
EST,Estonia,2019,64.2839055053925,0.644668854960093,0.72473599111216,0.774579325696944,0.434691248071174,0.358990744852242
ETH,Ethiopia,2019,39.0312892951862,0.295698461015884,0.307605240417361,0.348938836279323,0.230551306350967,0.51507267511216
FIN,Finland,2019,72.9825663414399,0.768153661357083,0.714442160584428,0.871367979730002,0.71865084375682,0.308502334528285
FJI,Fiji,2019,50.2186994689148,0.491948923667418,0.437871930679585,0.584029509757057,0.453945330565613,0.487574934289121
FRA,France,2019,67.5352637729573,0.673512018893594,0.624850932111847,0.717368775995987,0.678316348572948,0.322806743434448
FSM,"Micronesia, Federated States of",2019,37.4715947385213,0.361646838018273,0.331641678545547,0.566003885752978,0.187294949756295,0.612214943247847
GAB,Gabon,2019,41.5035166513097,0.278281607603163,0.175335413665993,0.360039669761301,0.299469739382195,0.448211274576969
GBR,United Kingdom,2019,71.5618337248215,0.708610298112141,0.740915609737547,0.78160220674423,0.603313077854645,0.277373623615711
GEO,Georgia,2019,56.6842500182397,0.579026842535059,0.772031914737804,0.597142461050223,0.367906151817148,0.445341842170265
GHA,Ghana,2019,44.0246573015202,0.348258532426988,0.347155008701197,0.49532140729852,0.202299181281247,0.467765386396584
GIN,Guinea,2019,41.6747698479768,0.311464518148045,0.296711443133027,0.321053544466213,0.316628566844894,0.477969121188508
GMB,Gambia,2019,38.3957248758176,0.325587631325184,0.294757352078633,0.43269200433262,0.249313537564299,0.557673133808833
GNB,Guinea-Bissau,2019,31.8581167746576,0.26169244810308,0.217585224313182,0.279746787528867,0.287745332467191,0.624530112609927
GNQ,Equatorial Guinea,2019,39.1679966346017,0.235222964118653,0.259429138397636,0.254920378601138,0.191319375357186,0.45186303142662
GRC,Greece,2019,58.642981400978,0.530994384738907,0.478189965465296,0.571970542715952,0.542822646035473,0.358134756719347
GRD,Grenada,2019,55.2734111100848,0.522269663809581,0.407787451405907,0.580082443312658,0.578939096710179,0.416801441607885
GTM,Guatemala,2019,42.4770529375624,0.312310412908468,0.385768882593157,0.344589437565974,0.206572918566273,0.46276935415722
GUY,Guyana,2019,41.6610319639578,0.336737988795942,0.319714423886121,0.43995393924358,0.250545603258127,0.503517349516786
HND,Honduras,2019,39.9016449441798,0.262120064612826,0.276660930366366,0.327528756006564,0.182170507465547,0.46408716572923
HRV,Croatia,2019,55.1125026390791,0.496350960987778,0.443272639271902,0.571714403965107,0.474065839726326,0.394100908206196
HTI,Haiti,2019,34.1688603480621,0.222422749220918,0.231946034741866,0.258825537342326,0.17649667557856,0.539045542259675
HUN,Hungary,2019,55.5356149648688,0.501174865378657,0.478523877534759,0.577841717703984,0.447159000897227,0.39046256608128
IDN,Indonesia,2019,47.8241809644906,0.391618023093963,0.415940895010655,0.44813697497486,0.310776199296374,0.435134403804152
IND,India,2019,44.0803719673591,0.362911591167984,0.326123251311898,0.458761844718472,0.303849677473583,0.481304151820802
IRL,Ireland,2019,64.883778729551,0.612891864522164,0.627337804395788,0.783173979447572,0.428163809723131,0.315216289931144
IRN,"Iran, Islamic Republic of",2019,47.794962365751,0.384298652228509,0.380800848795075,0.274580002384933,0.497515105505517,0.42839940491349
IRQ,Iraq,2019,39.3372015306955,0.283992924055098,0.339184501688689,0.198152092947892,0.314642177528712,0.497248893441188
ISL,Iceland,2019,70.8692329126547,0.73302190998555,0.744920203077662,0.835832317165759,0.618313209713228,0.315637251732455
ISR,Israel,2019,59.0383716900912,0.548570414922645,0.497587434908982,0.634480591825793,0.513643218033159,0.367802981120821
ITA,Italy,2019,58.4803575248854,0.5305517764449,0.453264806783158,0.592943797254907,0.545446725296636,0.360944625947193
JAM,Jamaica,2019,47.9525996168234,0.392759118846028,0.401907853974676,0.505561392692958,0.270808109870452,0.433707126509561
JOR,Jordan,2019,48.7979212024289,0.409247870194838,0.403523329972713,0.509963400369643,0.314256880242159,0.43328944614626
JPN,Japan,2019,67.4505825778599,0.704220638830608,0.68262007162246,0.775751125580931,0.654290719288434,0.35520898727341
KAZ,Kazakhstan,2019,56.5697266815331,0.486873808278732,0.548007821470317,0.465206948339063,0.447406655026814,0.355479274648069
KEN,Kenya,2019,39.6096658437106,0.284340039848244,0.296572033164389,0.364611914866058,0.191836171514285,0.492146722974033
KGZ,Kyrgyzstan,2019,51.6723283891267,0.376737990470548,0.416986301811631,0.381198725953927,0.332028943646086,0.343291422688014
KHM,Cambodia,2019,40.5900250425945,0.282439937670088,0.230369430370196,0.331172721680883,0.285777660959186,0.470639436818198
KIR,Kiribati,2019,42.1624358700775,0.371131854057797,0.341532155962639,0.579166933521647,0.192696472689105,0.527883136656247
KNA,Saint Kitts and Nevis,2019,54.110928287178,0.557864501774558,0.459880421663279,0.605678260838963,0.608034822821432,0.475645936030998
KOR,"Korea, Republic of",2019,68.7857945545718,0.736459735932759,0.769557471776367,0.674672510516675,0.765149225505235,0.360743844841323
KWT,Kuwait,2019,48.9628643078747,0.418082933766416,0.460630020186564,0.514944954965273,0.278673826147411,0.438825647608922
LAO,Lao People's Democratic Republic,2019,41.1599404252814,0.311413442818579,0.294597882431201,0.375555273126873,0.264087172897663,0.488214634312952
LBN,Lebanon,2019,42.6601312885329,0.304617146530548,0.312360296094679,0.303451661246699,0.298039482250266,0.451414520759889
LBR,Liberia,2019,34.8847402126513,0.276199454259955,0.199733165960748,0.348251782184796,0.28061341463432,0.578504650006929
LBY,Libyan Arab Jamahiriya,2019,36.6900572874071,0.228250915420382,0.264254518125916,0.13776462651345,0.28273360162178,0.49444976967224
LCA,Saint Lucia,2019,55.4897851783271,0.446132605746115,0.470102843573683,0.619254886412367,0.249040087252295,0.336336902179573
LIE,Liechtenstein,2019,,0.64778503395482,0.609306024758481,0.85168538937325,0.48236368773273,
LKA,Sri Lanka,2019,48.4817766085898,0.408264914072907,0.463216327050545,0.473737665529635,0.28784074963854,0.43862938190111
LSO,Lesotho,2019,39.7501950673873,0.303973774716261,0.306412025456865,0.446535366117982,0.158973932573935,0.508969873368515
LTU,Lithuania,2019,61.2051823311371,0.608646571933282,0.706580110208451,0.689092442820006,0.430267162771388,0.38454292531054
LUX,Luxembourg,2019,67.33218256252,0.68505468639988,0.61305013021227,0.864330022295243,0.577783906692128,0.33841103514948
LVA,Latvia,2019,59.894576345357,0.590243457251765,0.64994842167088,0.661791651010014,0.4589902990744,0.392351930344625
MAR,Morocco,2019,48.9514619389705,0.432390913414903,0.542255060716233,0.4465833146679,0.308334364860575,0.453361674635493
MCO,Monaco,2019,68.7246512344969,0.782526120056047,,0.815992418946708,0.749059821165386,0.40803309536611
MDA,"Moldova, Republic of",2019,48.5384303570289,0.421633710674909,0.41402308414087,0.428255834545615,0.422622213338242,0.450865103534331
MDG,Madagascar,2019,35.601154606223,0.265477802086969,0.252698540286928,0.345255717349953,0.198479148624025,0.553454709962509
MDV,Maldives,2019,44.2182981221954,0.421232893232934,0.450802121288956,0.435227057721917,0.377669500687929,0.536866930789026
MEX,Mexico,2019,48.264946956924,0.368393154102808,0.441174771189609,0.366022301326103,0.297982389792711,0.403094214964327
MHL,Marshall Islands,2019,45.5552368927491,0.421822335875416,0.452822102149528,0.581269950027882,0.231374955448837,0.510717598020433
MKD,Macedonia,2019,52.7520517730307,0.464519940045688,0.578425061061566,0.473220903623196,0.341913855452302,0.409478904585074
MLI,Mali,2019,34.8185267950238,0.286395036046048,0.245941019975735,0.295864199081025,0.317379889081384,0.590024500145573
MLT,Malta,2019,57.0060715745337,0.503953629221234,0.487441748468405,0.657732226330322,0.366686912864975,0.36383219773056
MMR,Myanmar,2019,38.0218284143914,0.27286525020464,0.28064066506147,0.299657096121579,0.23829798943087,0.512428681916813
MNE,Montenegro,2019,53.0171477000818,0.485550215357872,0.510513930314366,0.526086508126702,0.420050207632548,0.425207261356237
MNG,Mongolia,2019,51.7757874143048,0.43925421579987,0.454340447071308,0.48795578922945,0.375466411098853,0.403738467513775
MOZ,Mozambique,2019,38.5013127100676,0.268082797402941,0.289668384331851,0.334039682395017,0.180540325481956,0.49805654320159
MRT,Mauritania,2019,35.5007672245255,0.341061352619915,0.410648019189261,0.343745781554875,0.26879025711561,0.631046008129405
MUS,Mauritius,2019,56.3030049143803,0.572905655613877,0.721053552374276,0.65242495509528,0.345238459372074,0.446845557326271
MWI,Malawi,2019,34.4318252048543,0.266370137671117,0.226370211872247,0.398753987259973,0.17398621388113,0.577733633574031
MYS,Malaysia,2019,57.4376510735268,0.528028545919495,0.678005433696685,0.588945436058863,0.317134768002937,0.379275524448959
NAM,Namibia,2019,42.6849225216691,0.378487321391782,0.359944781559023,0.569631407623121,0.205885774993201,0.524788870958399
NER,Niger,2019,37.3731768549992,0.329845670139361,0.294914902139576,0.367998189611661,0.326623918666846,0.582382133039377
NGA,Nigeria,2019,36.823825394627,0.225011659700735,0.205984443325581,0.268080485875389,0.200970049901233,0.488535151808194
NIC,Nicaragua,2019,42.893925758902,0.279699439211827,0.322788833604158,0.294852544188551,0.221456939842773,0.421820924033788
NLD,Netherlands,2019,66.637505854425,0.700347795512598,0.661531542462798,0.825075322527683,0.614436521547314,0.367597678424097
NOR,Norway,2019,75.8805397828403,0.783787329725423,0.81449585525765,0.853500692826352,0.683365441092268,0.266176534068617
NPL,Nepal,2019,42.0725715808764,0.338618541552583,0.353894724847721,0.395718553009452,0.266242346800577,0.497167109935056
NRU,Nauru,2019,53.3877446845147,0.558198915023567,,0.558198915023567,,0.490444021333272
NZL,New Zealand,2019,70.7643640958699,0.71031465094345,0.785947045173801,0.86984147332483,0.475155434331719,0.295027369026052
OMN,Oman,2019,51.8224469469461,0.506703439341567,0.666515028932103,0.572064977185708,0.28153031190689,0.470254500402645
PAK,Pakistan,2019,38.2009979382601,0.287324963728719,0.296725552093709,0.29145881583677,0.273790523255676,0.523305004963516
PAN,Panama,2019,49.2514785242804,0.402224332969454,0.455708344402149,0.490778183069285,0.260186471436929,0.417194762483846
PER,Peru,2019,49.2821596765828,0.410893763053966,0.466073391588559,0.464201360109611,0.302406537463727,0.425250569522309
PHL,Philippines,2019,44.3930751293544,0.332461667198721,0.345274485798928,0.393098715661225,0.259011800136012,0.444600164611634
PLW,Palau,2019,50.9119103486436,0.494417262890592,0.391076875158137,0.657326636076463,0.434848277437175,0.47617905591772
PNG,Papua New Guinea,2019,35.7457881696095,0.277342672425017,0.321207286297283,0.351498644859556,0.159322086118212,0.562426909032828
POL,Poland,2019,62.2142641883792,0.557598090529382,0.515477597053189,0.639444224114929,0.517872450420029,0.313312806761798
PRK,"Korea, Democratic People's Repub",2019,42.3454149526348,0.358604255472473,,0.225386924621856,0.491821586323091,0.511695956419778
PRT,Portugal,2019,61.7951215912562,0.591576038752298,0.614853725686062,0.69591271280167,0.463961677769163,0.355673606927174
PRY,Paraguay,2019,48.1104930366216,0.351860674276851,0.381153236884478,0.425651394744827,0.248777391201248,0.389650813544419
QAT,Qatar,2019,54.8691656265659,0.517719442335491,0.642564732247534,0.654775732111565,0.255817862647376,0.420336129804173
ROU,Romania,2019,53.8130549948372,0.474676952317817,0.420677474668033,0.560303462891083,0.443049919394337,0.398415852421073
RUS,Russian Federation,2019,61.0957546525928,0.533030013346576,0.636426998423425,0.381532673559763,0.581130368056542,0.31111492029472
RWA,Rwanda,2019,39.3854546809572,0.39760093714749,0.474574712254465,0.533062030155022,0.185166069032984,0.609891843528345
SAU,Saudi Arabia,2019,52.9197553343556,0.507922085867505,0.609984790540385,0.49064460914105,0.423136857921078,0.449526979180392
SDN,Sudan,2019,31.2951765878268,0.248764304410944,0.310323230914372,0.202748473583942,0.233221208734519,0.622860772654408
SEN,Senegal,2019,41.2219929438532,0.354793129919599,0.274779063753556,0.491225088954806,0.298375237050434,0.530353271042534
SGP,Singapore,2019,71.2454704645398,0.811264255280899,0.848611322185642,0.858815518666368,0.726365924990686,0.386354845990102
SLB,Solomon Islands,2019,39.9353999429463,0.425339999772898,0.36687194532603,0.483808054219767,,0.626632000913972
SLE,Sierra Leone,2019,34.7355265052966,0.301242119273536,0.22008366210571,0.386645894608879,0.29699680110602,0.606531589167604
SLV,El Salvador,2019,45.147379645138,0.352016792261237,0.373653988354598,0.423801584386674,0.258594804042439,0.449069199358476
SMR,San Marino,2019,,0.640451886541696,0.534902276635333,0.746850665374296,0.639602717615458,
SOM,Somalia,2019,30.2458748501072,0.246169001533422,0.380759417720057,0.111578585346788,,0.641251504531279
SRB,Serbia,2019,48.889325237253,0.452857107485133,0.437259870528114,0.484955312657004,0.436356139270282,0.475070602740073
STP,Sao Tome and Principe,2019,42.1389269447725,0.366578787076764,0.288998832565086,0.473678339825569,0.337059188839638,0.523800248181315
SUR,Suriname,2019,44.6263223018943,0.329095169732376,0.281968587003712,0.453085826064489,0.252231096128928,0.436568723694489
SVK,Slovakia,2019,56.7466701634751,0.505929300946771,0.489779468882284,0.599990539920283,0.428017894037746,0.370995897677268
SVN,Slovenia,2019,63.1980609572127,0.609777428485227,0.553471012602795,0.681530491563215,0.594330781289671,0.345816209340973
SWE,Sweden,2019,71.1841484359499,0.746619111533804,0.726175776956949,0.843708567120994,0.66997299052347,0.322936142814806
SWZ,Swaziland,2019,41.03739438229,0.313483128446465,0.278573702321622,0.420168678650789,0.241707004366985,0.492735240800666
SYC,Seychelles,2019,52.7322847413768,0.487736859758548,0.52354624292486,0.630848936477035,0.30881539987375,0.433091164931013
SYR,Syrian Arab Republic,2019,35.8664517405574,0.230987889182178,0.246144928050346,0.132698580975353,0.314120158520835,0.513658854371029
TCD,Chad,2019,26.2279094572286,0.168806564645865,0.0520593774938426,0.233915309872286,0.220445006571467,0.644248375501293
TGO,Togo,2019,40.9134241687027,0.325669625289988,0.36658472719787,0.360750989494719,0.249673159177375,0.507401141915935
THA,Thailand,2019,51.4375870275113,0.478607566291769,0.655096512681469,0.44886663424201,0.331859551951828,0.449855825741544
TJK,Tajikistan,2019,47.897458729358,0.311703590557677,0.336950870852083,0.311925657610918,0.28623424321003,0.353754415970516
TKM,Turkmenistan,2019,39.8074531935318,0.240510550393453,,0.256842473794057,0.22417862699285,0.444361486522817
TLS,Timor-Leste,2019,41.8072632395159,0.404867820685502,0.409524229273387,0.415494761660233,0.389584471122885,0.568722555895184
TON,Tonga,2019,41.0719213873861,0.424372880061018,0.483069314367665,0.524407397418855,0.265641928396533,0.602934452313295
TTO,Trinidad and Tobago,2019,48.1880017950885,0.353564443439479,0.344032561331316,0.484567030501819,0.232093738485302,0.38980440753771
TUN,Tunisia,2019,50.5243507248204,0.447079345716519,0.559826427534564,0.468601902275261,0.312809707339732,0.436592331220111
TUR,Turkey,2019,53.7164270414824,0.475234514082177,0.485979455472053,0.40883797837559,0.530886108398888,0.40090597325253
TUV,Tuvalu,2019,42.8963437936833,0.4227114181156,,0.593351872755234,0.252070963475966,0.564784542241934
TZA,"Tanzania, United Republic of",2019,39.6663387114141,0.295484632873727,0.265627051258122,0.401873734693452,0.218953112669608,0.502157858645446
UGA,Uganda,2019,36.7999720409666,0.267882485075132,0.269612160795391,0.346720658650936,0.187314635779067,0.531883044255799
UKR,Ukraine,2019,51.3100627763546,0.418678158598027,0.38544236093167,0.369270983637857,0.501321131224553,0.392476903070936
URY,Uruguay,2019,55.5786140558959,0.507319471248818,0.457287876143212,0.70854528453777,0.356125253065471,0.395747190130899
USA,United States,2019,67.2494817912125,0.661579631855819,0.65769222551924,0.692482658119858,0.63456401192836,0.31658999603157
UZB,Uzbekistan,2019,48.8700763679232,0.366468370266349,0.463967797170656,0.339452887883255,0.295984425745135,0.389066842907884
VCT,Saint Vincent and the Grenadines,2019,54.2504536395069,0.498986729704569,0.517654216171122,0.633515668794761,0.345790304147825,0.41397765691443
VEN,"Venezuela, Bolivarian Republic o",2019,39.3126838964876,0.174636935490689,0.0868215051197383,0.127171047342184,0.309918254010144,0.388383257560937
VNM,Viet Nam,2019,46.6889811961082,0.424835171491777,0.506487837605593,0.459173647956907,0.308844028912832,0.491055547569613
VUT,Vanuatu,2019,40.0866189369145,0.367203560651475,0.382926934798731,0.540963015730559,0.177720731425135,0.565471181913185
WSM,Samoa,2019,46.5048725510955,0.442663040674897,0.533387243000242,0.649082092442026,0.145519786582423,0.512565589652987
YEM,Yemen,2019,31.726563736911,0.245285025780438,0.36878303764311,0.130465310859734,0.236606728838469,0.610753751042218
ZAF,South Africa,2019,45.8800603369186,0.363057583429471,0.394448580833393,0.491971416394709,0.202752753060311,0.4454563766911
ZMB,Zambia,2019,40.4394730764816,0.307102053938141,0.377258827808734,0.396696916865081,0.147350417140608,0.498312592408509
ZWE,Zimbabwe,2019,34.9703998887598,0.200751449288024,0.210224857865659,0.261352524605596,0.130676965392816,0.501343451512827
AFG,Afghanistan,2020,30.8175077294402,0.226497401812941,0.160336580678598,0.163495006217438,0.355660618542786,0.610147247224136
AGO,Angola,2020,35.4973655609461,0.242333159625459,0.199265842630418,0.328027316985193,0.199706319260766,0.532385848406537
ALB,Albania,2020,48.8340540305003,0.40945584867269,0.381823748444486,0.451440105948601,0.395103691624981,0.432774768062685
AND,Andorra,2020,60.5694863713738,0.561087438221965,,0.773028678367543,0.349146198076387,0.349697710794489
ARE,United Arab Emirates,2020,58.7608863258695,0.596681904627593,0.776053976314952,0.6708046977734,0.343187039794427,0.421464178110204
ARG,Argentina,2020,48.6327576606991,0.380454912183629,0.278215603462419,0.458569983550723,0.404579149537746,0.407799758969648
ARM,Armenia,2020,55.0212570038858,0.508290617025092,0.62215040985187,0.502148442836382,0.400572998387025,0.407865476947376
ATG,Antigua and Barbuda,2020,48.5963204223021,0.452500831376988,0.435560412621258,0.613336378234824,0.308605703274883,0.480574422930946
AUS,Australia,2020,69.3083829518608,0.68883126703601,0.698262541959041,0.794657514305452,0.573573744843538,0.302663607998795
AUT,Austria,2020,68.9250965069856,0.699810660901553,0.606974207073051,0.788002912449745,0.704454863181863,0.321308730761841
AZE,Azerbaijan,2020,50.2330139217152,0.434890874310571,0.544809118527229,0.400963420291683,0.358900084112802,0.430230595876268
BDI,Burundi,2020,32.216728533357,0.253993227069292,0.27311151897205,0.245344166990187,0.24352399524564,0.609658656402151
BEL,Belgium,2020,61.5651663208105,0.610057606535327,0.546828379542867,0.743853843683801,0.539490596379314,0.378754280119117
BEN,Benin,2020,37.7088467228194,0.339198886841748,0.291293938158947,0.449010038786742,0.277292683579555,0.58502195238536
BFA,Burkina Faso,2020,38.3593963574693,0.269455760302737,0.214805231172634,0.384229638203354,0.209332411532222,0.502267833153351
BGD,Bangladesh,2020,36.1080093453889,0.265874944377826,0.194058340418047,0.309780676176205,0.293785816539227,0.543714757470049
BGR,Bulgaria,2020,55.7365541399035,0.468960297918102,0.457703418628047,0.514111387325695,0.435066087800563,0.354229215120032
BHR,Bahrain,2020,49.9547211619869,0.495005470334899,0.686329048643531,0.491248258198983,0.307439104162183,0.495911047095161
BHS,Bahamas,2020,49.5297369444561,0.436426122688201,0.441176786755421,0.620809321049226,0.247292260259956,0.44583138379908
BIH,Bosnia and Herzegovina,2020,49.3532223202961,0.366664492892251,0.312258510021192,0.42299374904232,0.36474121961324,0.379600046486329
BLR,Belarus,2020,56.1916665388841,0.486882357902107,0.569836735138125,0.386468081244927,0.504342257323269,0.363049027124425
BLZ,Belize,2020,42.8613044357312,0.346940939108419,0.348577998164222,0.473808546629527,0.218436272531508,0.489714850393796
BOL,"Bolivia, Plurinational State of",2020,41.601489204433,0.281223971515899,0.280097134147595,0.331380373354994,0.232194407045107,0.44919418742724
BRA,Brazil,2020,48.9705390340951,0.349573440637847,0.295503783284214,0.438194534096303,0.315022004533025,0.370162659955946
BRB,Barbados,2020,57.397975577008,0.540297481757426,0.451644963725862,0.672732543402789,0.496514938143628,0.392337970217266
BRN,Brunei Darussalam,2020,55.2856100934126,0.531449961484776,0.634141010865378,0.689577066168141,0.270631807420809,0.425737759616524
BTN,Bhutan,2020,46.6255055377664,0.464912888172273,0.464998039238382,0.66210108759796,0.267639537680478,0.532402777416946
BWA,Botswana,2020,47.3231435120256,0.416588253541921,0.432029477246882,0.628531853556782,0.1892034298221,0.47012538330141
CAF,Central African Republic,2020,26.6151930712301,0.122050154571885,0.0,0.185526071849644,0.18062439186601,0.589746293147282
CAN,Canada,2020,68.5119464199628,0.655670604782853,0.613938658807573,0.791821705460832,0.561251450080153,0.285431676383597
CHE,Switzerland,2020,70.6011621204417,0.710688621271589,0.661798604932842,0.851330519117798,0.618936739764128,0.298665378862756
CHL,Chile,2020,59.6573713407337,0.54187769194112,0.583952750300017,0.657589050831277,0.384091274692067,0.348730265126447
CHN,China,2020,57.7380173409805,0.551318399666469,0.612705132530842,0.46442330240148,0.576826764067084,0.396558052846859
CIV,Cote d'Ivoire,2020,39.9877529348452,0.289403776237653,0.289088573233366,0.377212652693507,0.201910102786085,0.489648717540749
CMR,Cameroon,2020,38.6462472463183,0.247779142718806,0.156501294866663,0.273836960917015,0.312999172372738,0.47485419779244
COD,"Congo, the Democratic Republic o",2020,30.694349373291,0.187780520429819,0.184089207944638,0.194544923793748,0.184707429551071,0.573893532964
COG,Congo,2020,33.4780419096904,0.210157740160114,0.0885098774146305,0.275428696834981,0.266534646230729,0.540596901966305
COL,Colombia,2020,48.3601844532397,0.375413290879264,0.402668394140938,0.441244495268092,0.28232698322876,0.408209601814469
COM,Comoros,2020,39.7412442934101,0.276755178606586,0.327998687309976,0.294666606215264,0.207600242294519,0.481930292738385
CPV,Cape Verde,2020,48.870485571593,0.451518009332056,0.470208948716769,0.620963227406352,0.263381851873048,0.474108297900197
CRI,Costa Rica,2020,54.1301430229677,0.470184035010962,0.463259661715496,0.645093964624802,0.302198478692589,0.387581174551608
CUB,Cuba,2020,44.6299089335662,0.346298238729912,,0.440365228447043,0.252231249012781,0.453700060058588
CYP,Cyprus,2020,59.2934873760569,0.538276392853436,0.552513954769897,0.629359964034497,0.432955259755913,0.352406645332297
CZE,Czech Republic,2020,63.0072623789974,0.55991993022804,0.486212589250934,0.687165307947216,0.50638189348597,0.299774682648093
DEU,Germany,2020,69.9276571308566,0.703119515920616,0.621167821518692,0.795295320290217,0.692895405952938,0.304566373303484
DJI,Djibouti,2020,37.1065099003185,0.33624049647212,0.437542721597016,0.345473786527528,0.225704981291815,0.594110298465749
DMA,Dominica,2020,53.3921845041048,0.515956737614837,0.412506706795237,0.619406768434436,,0.44811304753274
DNK,Denmark,2020,72.5829153839037,0.794933834235982,0.804482524305372,0.862665410498211,0.717653567904363,0.343275526557909
DOM,Dominican Republic,2020,44.9424577253872,0.366518629110002,0.338770590852367,0.449782439015448,0.31100285746219,0.467669474602257
DZA,Algeria,2020,44.8598587511471,0.328940626654307,0.31651370537722,0.33866712163633,0.33164105294937,0.431743451631365
ECU,Ecuador,2020,43.7773239090422,0.343283913680104,0.331130588643308,0.404592408961238,0.294128743435768,0.46773743549926
EGY,Egypt,2020,43.6989450637235,0.343212189117125,0.327293287265561,0.338837328263416,0.363505951822398,0.469233287842655
ERI,Eritrea,2020,27.7211672530441,0.187243385280747,0.199119762098736,0.20574372364625,0.156866670097254,0.632820040219865
ESP,Spain,2020,61.3946393970526,0.545417692145919,0.538990851884265,0.652131108764186,0.445131115789306,0.317524904204867
EST,Estonia,2020,63.9561315850828,0.639018244443528,0.713343005361808,0.779946917594918,0.423764810373857,0.359895612741872
ETH,Ethiopia,2020,38.4500780621272,0.284534224901981,0.29059554460521,0.3323492270279,0.230657903072833,0.515532663659436
FIN,Finland,2020,73.2781446195544,0.773120538495498,0.715208075592854,0.88048759738574,0.723665942507899,0.307557646104409
FJI,Fiji,2020,50.1488809570633,0.488952459272433,0.432829656874107,0.563016707528608,0.471011013414582,0.485974840131167
FRA,France,2020,66.8093689680945,0.657257753856648,0.61419194824457,0.697986625119942,0.659594688205431,0.321070374494757
FSM,"Micronesia, Federated States of",2020,37.2656147565185,0.36076103141475,0.321174173430378,0.57163046611203,0.18947845470184,0.615448736284379
GAB,Gabon,2020,40.9879118724322,0.280480144982206,0.17779272431803,0.359329288332728,0.304318422295861,0.460721907533562
GBR,United Kingdom,2020,71.2499387015659,0.701467908015661,0.727926967719638,0.767024232902156,0.60945252342519,0.276469133984343
GEO,Georgia,2020,58.0553659515894,0.578978856821571,0.770149040342087,0.594950487676846,0.371837042445781,0.417871537789784
GHA,Ghana,2020,44.1333668796984,0.351803924868481,0.326922087228582,0.498983667769874,0.229506019606987,0.469136587274512
GIN,Guinea,2020,41.6499411818233,0.309379638233418,0.297860315645668,0.311773692599121,0.318504906455465,0.476380814596952
GMB,Gambia,2020,39.8125021019395,0.342954804659874,0.325840736170632,0.447609057293693,0.255414620515298,0.546704762621085
GNB,Guinea-Bissau,2020,31.838406976595,0.266215573762127,0.208941326360934,0.299771874728575,0.28993352019687,0.629447434230226
GNQ,Equatorial Guinea,2020,39.1711785939317,0.235124832407099,0.251514683310556,0.253717653065742,0.200142160844999,0.451701260528466
GRC,Greece,2020,59.0790939906175,0.538128057550336,0.486678856808696,0.577093741840585,0.550611574001725,0.356546177737986
GRD,Grenada,2020,55.1056464164523,0.520398495199956,0.3954233948413,0.587937261255853,0.577834829502715,0.41828556687091
GTM,Guatemala,2020,42.3794745034081,0.312210916992684,0.376705554993437,0.349019719124012,0.210907476860604,0.464621426924522
GUY,Guyana,2020,43.5562540159573,0.345478512897963,0.30895970064279,0.450135644187256,0.277340193863842,0.474353432578817
HND,Honduras,2020,39.8996602145556,0.264780048670232,0.272703702822826,0.336303297350687,0.185333145837182,0.466786844379119
HRV,Croatia,2020,54.8746662326687,0.490495974364453,0.456293194415162,0.567143372947535,0.448051355730661,0.393002649711079
HTI,Haiti,2020,34.0083885586567,0.21978483536852,0.22720465611827,0.252639094681332,0.179510755305957,0.539617064195386
HUN,Hungary,2020,55.8582451529798,0.503544296303679,0.472300818091288,0.583955167289734,0.454376903530016,0.386379393244083
IDN,Indonesia,2020,48.3673667145114,0.400904287821825,0.432567633318592,0.462119801330979,0.308025428815903,0.433556953531597
IND,India,2020,45.0703710656698,0.381861111747307,0.384268965701654,0.444356068323374,0.316958301216892,0.480453690433912
IRL,Ireland,2020,64.9383023238889,0.610663345701626,0.618657434300281,0.778438499818863,0.434894102985733,0.311897299223848
IRN,"Iran, Islamic Republic of",2020,47.4584316931145,0.377612772708488,0.370269517429202,0.269471444044831,0.493097356651431,0.428444138846197
IRQ,Iraq,2020,39.1858300131024,0.280606159375453,0.327878137278574,0.193219788615872,0.320720552231912,0.496889559113404
ISL,Iceland,2020,70.4323961568194,0.721457089473586,0.732059213561156,0.821277307505041,0.611034747354562,0.312809166337198
ISR,Israel,2020,60.1865747505409,0.561701666470176,0.519767057028016,0.615120483446565,0.550217458935947,0.357970171459358
ITA,Italy,2020,58.8568004472011,0.536472408424082,0.4403080778906,0.598384317169381,0.570724830212265,0.35933639948006
JAM,Jamaica,2020,48.4576647431825,0.401102416104591,0.422906690455718,0.505041929103471,0.275358628754585,0.431949121240942
JOR,Jordan,2020,48.8990926348031,0.415176477089813,0.41137395880909,0.511190235801902,0.322965236658446,0.43719462439375
JPN,Japan,2020,67.3010322647553,0.701157689205898,0.674354572156517,0.775401854874611,0.653716640586567,0.355137043910792
KAZ,Kazakhstan,2020,56.2827404106279,0.48736966936663,0.548901388980149,0.45575893474856,0.457448684371181,0.361714861154073
KEN,Kenya,2020,39.8549610305249,0.287381932066149,0.305603447638757,0.362827126657841,0.193715221901849,0.49028271145565
KGZ,Kyrgyzstan,2020,51.2687169807402,0.377085737000505,0.431602513222448,0.361424975614145,0.338229722164922,0.351711397385701
KHM,Cambodia,2020,40.4363853475815,0.284334096948583,0.224082544676023,0.338913587763718,0.290006158406008,0.475606389996952
KIR,Kiribati,2020,41.2361288956915,0.382506942196627,0.331575260853087,0.609325313470488,0.206620252266306,0.557784364282798
KNA,Saint Kitts and Nevis,2020,54.2731439421716,0.561398105701218,0.453133075160469,0.616950216411313,0.614111025531873,0.475935226857785
KOR,"Korea, Republic of",2020,69.0943657814073,0.740233727136306,0.763685456711761,0.685214262222641,0.771801462474515,0.35834641150816
KWT,Kuwait,2020,50.4485200886393,0.448619052382031,0.546125283002236,0.515063805862823,0.284668068281035,0.439648650609245
LAO,Lao People's Democratic Republic,2020,41.6759041446343,0.317904012916628,0.299448677484573,0.387466579112893,0.266796782152417,0.484385930023942
LBN,Lebanon,2020,41.9068678068645,0.297147154856926,0.296627125296574,0.292943170527801,0.301871168746403,0.459009798719635
LBR,Liberia,2020,35.8861895300259,0.279181729635181,0.201456474729709,0.353832865900073,0.28225584827576,0.561457939034662
LBY,Libyan Arab Jamahiriya,2020,36.6333898223523,0.226875701771095,0.252765792999509,0.142615147292165,0.285246165021611,0.494207905324049
LCA,Saint Lucia,2020,54.3573261176292,0.444161018822341,0.463305347873894,0.607238381549235,0.261939327043894,0.357014496469758
LIE,Liechtenstein,2020,,0.64799746732866,0.602376317539379,0.851747394227943,0.489868690218659,
LKA,Sri Lanka,2020,48.8427379996539,0.405760840595572,0.457503877612693,0.467641948951297,0.292136695222727,0.428906080602494
LSO,Lesotho,2020,39.9031682283557,0.306786837076768,0.315251961179127,0.445292374741835,0.159816175309343,0.508723472509654
LTU,Lithuania,2020,61.5606590859212,0.614871685677335,0.709611857116808,0.704248632994338,0.430754566920858,0.38365850395891
LUX,Luxembourg,2020,67.5081529272308,0.689341974522111,0.604976109498434,0.857803282363514,0.605246531704384,0.339178915977495
LVA,Latvia,2020,60.0772762844836,0.593453211668821,0.642831794717579,0.671186279633312,0.466341560655572,0.391907685979148
MAR,Morocco,2020,49.37303504689,0.44190157312233,0.562934765943764,0.448700492482045,0.314069460941182,0.45444087218453
MCO,Monaco,2020,65.5865008732981,0.716564981678432,,0.756528262348086,0.676601701008778,0.404834964212471
MDA,"Moldova, Republic of",2020,48.3895905663513,0.419973211599882,0.40387471027921,0.428710516624185,0.42733440789625,0.452181400272857
MDG,Madagascar,2020,35.5772017483982,0.264987056651245,0.248709399618037,0.345854525591744,0.200397244743955,0.553443021683282
MDV,Maldives,2020,44.8049268112573,0.431925378684958,0.438547481154124,0.471167399492454,0.386061255408295,0.535826842459811
MEX,Mexico,2020,48.2623827638925,0.366346783231803,0.431249789205409,0.36440277605951,0.30338778443049,0.401099127953954
MHL,Marshall Islands,2020,44.9946939884971,0.409554449049403,0.441698098455706,0.547123041376598,0.239842207315905,0.509660569279462
MKD,Macedonia,2020,53.016498372969,0.46750452507904,0.570925476604051,0.486375113990502,0.345212984642566,0.40717455761966
MLI,Mali,2020,35.4675251853194,0.28077872003969,0.229984457300171,0.29084879079055,0.321502912028347,0.571428216333301
MLT,Malta,2020,57.79356895614,0.51419401976999,0.484856785314963,0.680579037050718,0.377146236944289,0.358322640647189
MMR,Myanmar,2020,38.6780822505803,0.290393080117443,0.314277099181559,0.306717089142926,0.250185052027843,0.516831435105836
MNE,Montenegro,2020,52.7266312103018,0.476500125794962,0.504227044620192,0.51969892178948,0.405574410975216,0.421967501588927
MNG,Mongolia,2020,51.5542184057606,0.435093115120592,0.446585557610985,0.486519513862031,0.372174273888761,0.40400874700538
MOZ,Mozambique,2020,37.9058695520871,0.259987251971554,0.2868281161756,0.311286793547219,0.181846846191843,0.501869860929812
MRT,Mauritania,2020,35.5130620277379,0.342371489633572,0.39974284835499,0.354208216104287,0.273163404441439,0.632110249078815
MUS,Mauritius,2020,56.5312032067004,0.580532632389386,0.731010447483828,0.65852097595225,0.35206647373208,0.449908568255377
MWI,Malawi,2020,34.939158626423,0.275281139680003,0.223466117465294,0.425599074375374,0.176778227199342,0.576497967151544
MYS,Malaysia,2020,57.4144423681546,0.522488851280455,0.67018671798566,0.580801265250752,0.316478570604953,0.374200003917363
NAM,Namibia,2020,43.2508691833147,0.376497294999911,0.354551463374683,0.563624091043133,0.211316330581918,0.511479911333618
NER,Niger,2020,36.8111931041135,0.322641830739076,0.294914902139576,0.344867148738414,0.328143441339239,0.586417968656806
NGA,Nigeria,2020,37.3318473561505,0.235069178497386,0.237418871796442,0.265704339229772,0.202084324465944,0.488432231374376
NIC,Nicaragua,2020,43.1174362457091,0.284831832199939,0.311268195352401,0.316183886069729,0.227043415177686,0.422483107285756
NLD,Netherlands,2020,66.4761110905576,0.697270708054202,0.65422343675739,0.827119097583463,0.610469589821753,0.367748486243051
NOR,Norway,2020,75.5797380633352,0.777994906616109,0.80881531894515,0.858798024179835,0.666371376723342,0.266400145349405
NPL,Nepal,2020,41.6913781524421,0.338224941390385,0.342246434094558,0.402625306218158,0.26980308385844,0.504397378341543
NRU,Nauru,2020,53.2128146575849,0.55810827810039,,0.55810827810039,,0.493851984948692
NZL,New Zealand,2020,70.6991532222808,0.708660875359074,0.77771345883321,0.870590565938071,0.477678601305941,0.294677810913457
OMN,Oman,2020,51.6927745708695,0.504852713509142,0.666897986436316,0.560416623634514,0.287243530456596,0.470997222091753
PAK,Pakistan,2020,39.3074965651653,0.311198104494459,0.352350129580725,0.305090007755942,0.27615417614671,0.525048173191152
PAN,Panama,2020,48.8989306684399,0.397588234207724,0.445208926161628,0.489069140533123,0.258486635928422,0.419609620838927
PER,Peru,2020,49.2869810916442,0.403680545230449,0.454967623966367,0.450113629156624,0.305960382568357,0.417940923397566
PHL,Philippines,2020,45.0675532496335,0.34154203773346,0.35638025342112,0.398965863047382,0.269279996731877,0.440190972740789
PLW,Palau,2020,50.4410850799455,0.492972886290588,0.388204693876536,0.657242965320709,0.43347099967452,0.484151184691679
PNG,Papua New Guinea,2020,36.3429475737871,0.283000332789767,0.311346130563785,0.377260653401647,0.160394214403869,0.556141381314026
POL,Poland,2020,62.0072611914151,0.55298227089379,0.506765313832331,0.625857672176775,0.526323826672264,0.312837047065487
PRK,"Korea, Democratic People's Repub",2020,42.44239730756,0.362079646993787,,0.231066111200262,0.493093182787312,0.513231700842587
PRT,Portugal,2020,61.8258607181035,0.588991984398462,0.605343614331425,0.689634216069823,0.471998122794137,0.352474770036392
PRY,Paraguay,2020,48.2207703948367,0.354797959167312,0.377834271847961,0.430503786452078,0.256055819201898,0.390382551270579
QAT,Qatar,2020,55.9889915924106,0.540592134963648,0.680669003916782,0.656703144201277,0.284404256772884,0.420812303115436
ROU,Romania,2020,54.3259167411008,0.484608877638996,0.44295283616312,0.565255762766458,0.445618033987409,0.39809054281698
RUS,Russian Federation,2020,60.6046595287615,0.524380438825916,0.647851897299128,0.374266744022912,0.551022675155709,0.312287248250687
RWA,Rwanda,2020,40.191293314055,0.411935512154942,0.502594436312756,0.544340885177634,0.188871214974435,0.608109645873842
SAU,Saudi Arabia,2020,54.5965485285348,0.540233920250005,0.70109220439995,0.496146107721656,0.423463448628409,0.44830294967931
SDN,Sudan,2020,31.4478955909154,0.251217589562818,0.297749459526027,0.225056684008376,0.230846625154052,0.622259677744511
SEN,Senegal,2020,41.5319385507636,0.359188719154605,0.284001956980032,0.485289284370702,0.308274916113082,0.528549948139334
SGP,Singapore,2020,71.3911908697942,0.812151757546646,0.847973059678619,0.855046234766426,0.733435978194895,0.384327940150762
SLB,Solomon Islands,2020,42.0493294276584,0.426786755968804,0.358702185236142,0.494871326701466,,0.585800167415635
SLE,Sierra Leone,2020,34.6049652531495,0.298873684644703,0.213349992656621,0.38510326210483,0.298167799172657,0.606774379581713
SLV,El Salvador,2020,45.36509887297,0.353911557037942,0.366888405780158,0.429280100822649,0.265566164511019,0.446609579578541
SMR,San Marino,2020,,0.649992907813777,0.554082064971361,0.738650841100819,0.657245817369151,
SOM,Somalia,2020,30.2183247335676,0.244756358058652,0.376163927669495,0.113348788447809,,0.640389863387299
SRB,Serbia,2020,48.767728836614,0.444267899247027,0.423090442872213,0.475395298799895,0.434317956068975,0.468913322514748
STP,Sao Tome and Principe,2020,42.1440491676245,0.366248351859822,0.28144909891059,0.47405982773737,0.343236128931506,0.523367368507332
SUR,Suriname,2020,44.7844574210257,0.332254182768573,0.270416035626603,0.465664345090139,0.260682167588977,0.43656503434806
SVK,Slovakia,2020,57.1999126747425,0.510717569367694,0.487864681361216,0.609752581003171,0.434535445738696,0.366719315872844
SVN,Slovenia,2020,62.907390419605,0.601277413083275,0.548747870050829,0.666428034139511,0.588656335059486,0.343129604691175
SWE,Sweden,2020,70.8967897714496,0.742076824752514,0.716601839351611,0.839368044322943,0.670260590582987,0.324141029323521
SWZ,Swaziland,2020,41.3304731929761,0.315457800126938,0.27965874858356,0.420298151763431,0.246416500033822,0.488848336267415
SYC,Seychelles,2020,52.6838713587035,0.485665058281346,0.520961279771419,0.64148376428025,0.29455013079237,0.431987631107276
SYR,Syrian Arab Republic,2020,35.7006046615903,0.229868585207776,0.246464059303858,0.131945192689643,0.311196503629826,0.51585649197597
TCD,Chad,2020,26.7658202001024,0.170075011695816,0.054835819399391,0.233222572763516,0.222166642924542,0.634758607693767
TGO,Togo,2020,42.2278692963935,0.355451491544159,0.429325931638189,0.37661710986899,0.260411433125298,0.510894105616288
THA,Thailand,2020,51.9630139948614,0.486951368443224,0.681807798600364,0.44215411694685,0.336892189782457,0.447691088545995
TJK,Tajikistan,2020,47.9102265963451,0.320113570338288,0.341482534651943,0.327080326529661,0.291777849833261,0.361909038411387
TKM,Turkmenistan,2020,40.035656904592,0.245667360612512,,0.264302944492743,0.227031776732282,0.444954222520672
TLS,Timor-Leste,2020,41.2016343059651,0.393635850386555,0.372036944694263,0.413904543062297,0.394966063403104,0.569603164267252
TON,Tonga,2020,42.0695424859795,0.436130670915554,0.475505903659447,0.558385721810466,0.27450038727675,0.594739821195964
TTO,Trinidad and Tobago,2020,47.9913428300395,0.351391962673729,0.335096886233,0.480955199513363,0.238123802274825,0.391565106072938
TUN,Tunisia,2020,50.7927537403999,0.453884631055962,0.567517490744185,0.477264458423014,0.316871944000687,0.438029556247963
TUR,Turkey,2020,53.97935300724,0.478953594746543,0.503244456287013,0.394907823239186,0.53870850471343,0.399366534601744
TUV,Tuvalu,2020,43.2990650348227,0.419575785099016,,0.586725264621995,0.252426305576036,0.553594484402561
TZA,"Tanzania, United Republic of",2020,39.6714892935883,0.295326120203693,0.261127300583613,0.397480654218059,0.227370405809408,0.501896334331927
UGA,Uganda,2020,36.603992820541,0.266921215178889,0.261825358209715,0.354260740759041,0.184677546567911,0.534841358768069
UKR,Ukraine,2020,51.1053716483936,0.412880845228297,0.387580540330195,0.36789273498941,0.483169260365286,0.390773412260426
URY,Uruguay,2020,55.7101499706496,0.51067325572318,0.449150029178674,0.71909029848789,0.363779439502976,0.396470256310188
USA,United States,2020,66.9055962141179,0.656084557835219,0.661617539937428,0.670593640595963,0.636042492972266,0.317972633552861
UZB,Uzbekistan,2020,49.2279738528483,0.371704371210135,0.463744405293199,0.346435396531002,0.304933311806204,0.38714489415317
VCT,Saint Vincent and the Grenadines,2020,54.4005435831011,0.504569309938272,0.51050567609247,0.63477098998221,0.368431263740135,0.416558438276249
VEN,"Venezuela, Bolivarian Republic o",2020,39.3374634646308,0.174551407149297,0.0680246742879238,0.131145675195076,0.32448387196489,0.38780213785668
VNM,Viet Nam,2020,46.87403505158,0.43530276654967,0.516604298341901,0.465358287639996,0.323945713667113,0.49782206551807
VUT,Vanuatu,2020,41.401974687837,0.365633437966162,0.370385076535736,0.55244391713443,0.17407132022832,0.537593944209423
WSM,Samoa,2020,46.4793772259184,0.443344333311701,0.524196262899117,0.657803268925405,0.148033468110582,0.513756788793334
YEM,Yemen,2020,31.7898349781448,0.244014671057338,0.36903834264592,0.126647969948808,0.236357700577286,0.608217971494441
ZAF,South Africa,2020,45.8741572495875,0.361659455127942,0.385959689489993,0.494804432308722,0.204214243585111,0.444176310136192
ZMB,Zambia,2020,40.3307103528677,0.303534523981848,0.371259160242722,0.391037201736131,0.14830720996669,0.496920316924494
ZWE,Zimbabwe,2020,35.0883661413098,0.205924063517035,0.220117926724508,0.265543154894036,0.132111108932563,0.504156740690839
AFG,Afghanistan,2021,30.8175114083103,0.229096109082749,0.160336580678598,0.171938406141788,0.355013340427861,0.612745880916543
AGO,Angola,2021,35.8439595690463,0.245599464860488,0.199265842630418,0.336905782251873,0.200626769699173,0.528720273479562
ALB,Albania,2021,49.7200034781338,0.414892325672748,0.381823748444486,0.459484134356919,0.403369094216838,0.420492256110072
AND,Andorra,2021,60.570003041817,0.562060156562722,,0.772403045230162,0.351717267895282,0.350660095726382
ARE,United Arab Emirates,2021,58.9595413230589,0.59855757891634,0.776053976314952,0.666672237848405,0.352946522585665,0.419366752455163
ARG,Argentina,2021,48.377771020554,0.376842203331014,0.278215603462419,0.446736304000033,0.40557470253059,0.409286782919935
ARM,Armenia,2021,55.1279165998883,0.503482114235915,0.62215040985187,0.488012535129631,0.400283397726244,0.400923782238149
ATG,Antigua and Barbuda,2021,48.5384170791778,0.45120095403831,0.435560412621258,0.609339768714486,0.308702680779186,0.480432612454753
AUS,Australia,2021,70.0383769483227,0.702053938657717,0.698262541959041,0.799141506931244,0.608757767082867,0.301286399691263
AUT,Austria,2021,68.8995460753924,0.696883562535411,0.606974207073051,0.768171641680522,0.715504838852661,0.318892641027564
AZE,Azerbaijan,2021,50.3944665122913,0.438633151765085,0.544809118527229,0.40353365461452,0.367556682153506,0.430743821519259
BDI,Burundi,2021,32.3634209459154,0.255909684343445,0.27311151897205,0.24966561339969,0.244951920658595,0.608641265425137
BEL,Belgium,2021,61.7866049065356,0.611347116714987,0.546828379542867,0.748011020278584,0.539201950323509,0.375615018584275
BEN,Benin,2021,37.4455790858291,0.337075344712121,0.291293938158947,0.438850077413585,0.281082018563831,0.588163762995539
BFA,Burkina Faso,2021,37.8829660107129,0.26980642263524,0.214805231172634,0.379528105697562,0.215085931035525,0.512147102420983
BGD,Bangladesh,2021,36.0602010888255,0.265428916085908,0.194058340418047,0.304245174596375,0.297983233243301,0.544224894309398
BGR,Bulgaria,2021,55.8882223526052,0.468586313511586,0.457703418628047,0.521649496004738,0.426406025901972,0.350821866459481
BHR,Bahrain,2021,50.5607602976752,0.504730221196175,0.686329048643531,0.530415533191768,0.297446081753225,0.493515015242671
BHS,Bahamas,2021,49.5462172759926,0.437282140135446,0.441176786755421,0.624355233985664,0.246314399665252,0.446357794615594
BIH,Bosnia and Herzegovina,2021,49.4210367939218,0.367029208956938,0.312258510021192,0.418055869387176,0.370773247462445,0.378608473078501
BLR,Belarus,2021,55.9795260293657,0.480848973799166,0.569836735138125,0.374065718658796,0.498644467600577,0.361258453211852
BLZ,Belize,2021,42.587660664899,0.34251052100449,0.348577998164222,0.460156728598116,0.218796836251131,0.49075730770651
BOL,"Bolivia, Plurinational State of",2021,41.390634741825,0.282629152863421,0.280097134147595,0.329090467677423,0.238699856765247,0.454816458026921
BRA,Brazil,2021,49.0518888786085,0.348942952428216,0.295503783284214,0.435076507335598,0.316248566664837,0.367905174856047
BRB,Barbados,2021,60.0122892708796,0.594693586730287,0.451644963725862,0.678165687371834,0.654270109093165,0.394447801312696
BRN,Brunei Darussalam,2021,55.3472923479689,0.529981924470835,0.634141010865378,0.692007789739387,0.263796972807739,0.423036077511456
BTN,Bhutan,2021,45.6873550164223,0.462840215411259,0.464998039238382,0.653788338194093,0.269734268801302,0.549093115082813
BWA,Botswana,2021,47.6430650801008,0.41813936064422,0.432029477246882,0.631302744204032,0.191085860481746,0.465278059042203
CAF,Central African Republic,2021,26.6378576995061,0.123602204545143,0.0,0.188536574299579,0.18227003933585,0.590845050555021
CAN,Canada,2021,68.6846548596768,0.657825845988059,0.613938658807573,0.783269136921689,0.576269742234914,0.284132748794522
CHE,Switzerland,2021,70.46193504258,0.705018732193104,0.661798604932842,0.841400344630799,0.61185724701567,0.295780031341503
CHL,Chile,2021,59.8622421510524,0.546282325131687,0.583952750300017,0.654137356628251,0.400756868466792,0.349037482110638
CHN,China,2021,58.0615794506686,0.556625283583973,0.612705132530842,0.466994426001999,0.590176292219077,0.395393694570601
CIV,Cote d'Ivoire,2021,40.2001231037921,0.294470614937689,0.289088573233366,0.39147092814238,0.202852343437321,0.490468152861846
CMR,Cameroon,2021,38.3582684806852,0.247464497844451,0.156501294866663,0.269576505381872,0.316315693284819,0.480299128230747
COD,"Congo, the Democratic Republic o",2021,30.8567917523014,0.192099018237697,0.184089207944638,0.20594983312698,0.186258013641472,0.574963183191668
COG,Congo,2021,33.7696790733367,0.216300893099521,0.0885098774146305,0.287711058657215,0.272681743226717,0.540907311632787
COL,Colombia,2021,48.3370975574108,0.373777115883768,0.402668394140938,0.427743173461385,0.290919780048982,0.407035164735552
COM,Comoros,2021,39.585155795903,0.276848540123977,0.327998687309976,0.288076535292564,0.214470397769389,0.485145424205916
CPV,Cape Verde,2021,49.2860640402747,0.451736479552773,0.470208948716769,0.620166855341102,0.264833634600447,0.466015198747279
CRI,Costa Rica,2021,54.0673799061358,0.469327115002611,0.463259661715496,0.639611443571601,0.305110239720737,0.387979516879895
CUB,Cuba,2021,44.3677873573866,0.342979006212873,,0.426960822005726,0.258997190420021,0.455623259065141
CYP,Cyprus,2021,59.2817298711449,0.540954569256709,0.552513954769897,0.630827047487672,0.439522705512557,0.35531997183381
CZE,Czech Republic,2021,62.946723601845,0.563447089717228,0.486212589250934,0.705715532973654,0.498413146927095,0.304512617680328
DEU,Germany,2021,70.0311891747034,0.70500888321726,0.621167821518692,0.794229951231047,0.699628876902043,0.304385099723193
DJI,Djibouti,2021,36.4638450928698,0.33471684979557,0.437542721597016,0.340483582842922,0.226124244946773,0.605439947938175
DMA,Dominica,2021,52.9388209160711,0.51419776903814,0.412506706795237,0.615888831281042,,0.455421350716718
DNK,Denmark,2021,72.5217692911804,0.788782138607024,0.804482524305372,0.866086141365285,0.695777750150415,0.338346752783416
DOM,Dominican Republic,2021,45.2366608419977,0.373433710234229,0.338770590852367,0.471081560657658,0.310448979192661,0.468700493394275
DZA,Algeria,2021,45.0886734442774,0.333839820490006,0.31651370537722,0.34297361298974,0.342032143103059,0.432066351604459
ECU,Ecuador,2021,44.374274368598,0.345893831964473,0.331130588643308,0.410973994989346,0.295576912260764,0.458408344592512
EGY,Egypt,2021,43.7217952478209,0.342878742455248,0.327293287265561,0.342924762620158,0.358418177480024,0.468442837498829
ERI,Eritrea,2021,27.8037960436217,0.186727709040754,0.199119762098736,0.204434753764104,0.156628611259421,0.63065178816832
ESP,Spain,2021,61.4939959361017,0.547874747515638,0.538990851884265,0.655880692685171,0.448752697977478,0.317994828793603
EST,Estonia,2021,64.182843875176,0.641529991928688,0.713343005361808,0.778127820714269,0.433119149709987,0.357873114425168
ETH,Ethiopia,2021,37.9502436112364,0.276848430631703,0.29059554460521,0.307040013587191,0.232909733702708,0.517843558406975
FIN,Finland,2021,73.4697895558943,0.774872485294213,0.715208075592854,0.878585016923035,0.73082436336675,0.305476694176328
FJI,Fiji,2021,49.8471448987239,0.485894171483627,0.432829656874107,0.566392865706058,0.458459991870717,0.488951273509149
FRA,France,2021,67.1761575897157,0.663933859487758,0.61419194824457,0.704139365346279,0.673470264872426,0.320410707693445
FSM,"Micronesia, Federated States of",2021,37.0623025353947,0.36522357275564,0.321174173430378,0.585247947808622,0.18924859702792,0.623977522047746
GAB,Gabon,2021,41.4450261253853,0.280519203672062,0.17779272431803,0.35682080661283,0.306944080085325,0.451618681164356
GBR,United Kingdom,2021,71.0173428485914,0.69978076622328,0.727926967719638,0.757925468516905,0.613489862433296,0.279433909251451
GEO,Georgia,2021,58.370203913307,0.580818810971134,0.770149040342087,0.586065061989714,0.3862423305816,0.413414732704993
GHA,Ghana,2021,43.4296694748132,0.347281634437493,0.326922087228582,0.480624444163797,0.234298371920101,0.47868824494123
GIN,Guinea,2021,41.2290894978372,0.308585507038666,0.297860315645668,0.3073350468257,0.32056115864463,0.484003717081922
GMB,Gambia,2021,38.6128250951011,0.340389131764604,0.325840736170632,0.433169044479553,0.262157614643627,0.568132629862581
GNB,Guinea-Bissau,2021,32.2710663410862,0.266941944952808,0.208941326360934,0.299482478435485,0.292402030062004,0.621520618131083
GNQ,Equatorial Guinea,2021,39.3062888858425,0.2377405173344,0.251514683310556,0.256275233351238,0.205431635341405,0.451614739617549
GRC,Greece,2021,59.4820620335822,0.542300424233497,0.486678856808696,0.576631142423835,0.56359127346796,0.352659183561852
GRD,Grenada,2021,54.9599855436282,0.520812223006594,0.3954233948413,0.586429948002864,0.580583326175617,0.42161251213403
GTM,Guatemala,2021,42.4290560673327,0.31081240884546,0.376705554993437,0.340851577290354,0.214880094252588,0.462231287498806
GUY,Guyana,2021,44.2064771152124,0.354346684838829,0.30895970064279,0.450948170232467,0.30313218364123,0.47021714253458
HND,Honduras,2021,39.765266721914,0.259713427701744,0.272703702822826,0.317583195779487,0.188853384502918,0.464408093263463
HRV,Croatia,2021,54.876413603079,0.49098257627813,0.456293194415162,0.57348049849772,0.443174035921508,0.393454304216551
HTI,Haiti,2021,33.6641031812872,0.212860997926876,0.22720465611827,0.22854617906226,0.182832158600098,0.539578934301133
HUN,Hungary,2021,56.1398205491006,0.503888000546649,0.472300818091288,0.577297605242194,0.462065578306464,0.381091589564638
IDN,Indonesia,2021,48.6447673141645,0.403020292465482,0.432567633318592,0.458706000678777,0.317787243399077,0.430124946182191
IND,India,2021,45.3463622828668,0.384146340301292,0.384268965701654,0.44201747957807,0.326152575624153,0.477219094643957
IRL,Ireland,2021,64.8776774214498,0.613416605191654,0.618657434300281,0.78127588266792,0.440316498606761,0.315863056762659
IRN,"Iran, Islamic Republic of",2021,47.0955493230477,0.371961793012937,0.370269517429202,0.268918684182147,0.476697177427463,0.430050806551984
IRQ,Iraq,2021,39.4308475651524,0.285555791501459,0.327878137278574,0.201180882215536,0.327608355010268,0.496938840198412
ISL,Iceland,2021,70.3088221894924,0.718856460198011,0.732059213561156,0.8311293748073,0.593380792225577,0.312680016408163
ISR,Israel,2021,60.6582752825253,0.562581620783147,0.519767057028016,0.623295688632024,0.544682116689401,0.349416115132641
ITA,Italy,2021,59.2669646137458,0.544844326638564,0.4403080778906,0.610110839902812,0.584114062122281,0.359505034363649
JAM,Jamaica,2021,48.7174364093408,0.405169338702044,0.422906690455718,0.509595493308757,0.283005832341657,0.430820610515228
JOR,Jordan,2021,48.7447562270668,0.412201634542032,0.41137395880909,0.497864616849779,0.327366327967227,0.437306510000696
JPN,Japan,2021,67.3460517457209,0.701488413537458,0.674354572156517,0.780303444844077,0.649807223611781,0.354567378623041
KAZ,Kazakhstan,2021,56.3530488786768,0.486704568304528,0.548901388980149,0.454778122808813,0.456434193124622,0.359643590730992
KEN,Kenya,2021,40.0636854200321,0.288883945881337,0.305603447638757,0.370675251122384,0.190373138882869,0.487610237480695
KGZ,Kyrgyzstan,2021,51.4695880218021,0.379147850131327,0.431602513222448,0.351698360355752,0.35414267681578,0.349756089695285
KHM,Cambodia,2021,40.664941622386,0.287211008106329,0.224082544676023,0.344813913962592,0.292736565680372,0.473912175658608
KIR,Kiribati,2021,41.9436032591273,0.386197491577715,0.331575260853087,0.603375904857107,0.223641309022951,0.547325426395169
KNA,Saint Kitts and Nevis,2021,54.2413111369719,0.560991684684245,0.453133075160469,0.616932769762137,0.612909209130129,0.476165461944808
KOR,"Korea, Republic of",2021,69.4086195513162,0.745363544158927,0.763685456711761,0.691664878712984,0.780740297052037,0.357191153132602
KWT,Kuwait,2021,50.584741875463,0.449253309134511,0.546125283002236,0.520411530825005,0.281223113576293,0.437558471625252
LAO,Lao People's Democratic Republic,2021,41.3501653722173,0.322219482826196,0.299448677484573,0.395617997993803,0.271591773000214,0.495216175381851
LBN,Lebanon,2021,41.5810308117606,0.297657785097091,0.296627125296574,0.2834030932227,0.312943136772001,0.46603716886188
LBR,Liberia,2021,34.4436861680595,0.279281883813584,0.201456474729709,0.351345782012524,0.28504339469852,0.590408160452395
LBY,Libyan Arab Jamahiriya,2021,36.8045926142933,0.229871952449528,0.252765792999509,0.149239514083027,0.287610550266047,0.493780100163661
LCA,Saint Lucia,2021,54.1585993102278,0.441181487630571,0.463305347873894,0.604316928338543,0.255922186679275,0.358009501426014
LIE,Liechtenstein,2021,,0.644468549965131,0.602376317539379,0.82941061082686,0.501618721529153,
LKA,Sri Lanka,2021,48.038600637333,0.398596440323774,0.457503877612693,0.441973523475138,0.296311919883493,0.437824427577115
LSO,Lesotho,2021,39.8822597182857,0.304858249730667,0.315251961179127,0.438535453097408,0.160787334915465,0.507213055364953
LTU,Lithuania,2021,61.9686783455129,0.618479697878911,0.709611857116808,0.716611038286426,0.429216198233499,0.379106130968653
LUX,Luxembourg,2021,66.5202676097831,0.668354511914163,0.604976109498434,0.84016318640908,0.559924239834974,0.3379491597185
LVA,Latvia,2021,60.6785321849563,0.601543053155033,0.642831794717579,0.688202749899639,0.473594614847882,0.387972409455907
MAR,Morocco,2021,49.1804452478978,0.437812777474806,0.562934765943764,0.4290811259779,0.321422440502753,0.454203872516851
MCO,Monaco,2021,64.7766720792346,0.697698548187574,,0.755902624707738,0.639494471667411,0.402165106602883
MDA,"Moldova, Republic of",2021,48.8717998703617,0.428306835091218,0.40387471027921,0.453109878959677,0.427935916034767,0.450870837683984
MDG,Madagascar,2021,35.5395406652038,0.264729804594907,0.248709399618037,0.34350337738026,0.201976636786422,0.553938991290831
MDV,Maldives,2021,44.3163868939279,0.43950140852247,0.438547481154124,0.495312398536859,0.384644345876426,0.553173670643913
MEX,Mexico,2021,48.2383402957631,0.366429574861446,0.431249789205409,0.359930346225321,0.308108589153608,0.401662768946184
MHL,Marshall Islands,2021,45.1565092968898,0.411947255969276,0.441698098455706,0.545254712637578,0.248888956814545,0.508817070031481
MKD,Macedonia,2021,53.0546523721581,0.468591870152488,0.570925476604051,0.48971316051086,0.345136973342553,0.407498822709326
MLI,Mali,2021,34.4872688750816,0.275596416792254,0.229984457300171,0.27188027492661,0.32492451814998,0.585851039290622
MLT,Malta,2021,57.742701568084,0.508938463189418,0.484856785314963,0.648747072948637,0.393211531304655,0.354084431827739
MMR,Myanmar,2021,36.7674937577794,0.263279617035115,0.314277099181559,0.224632985863835,0.250928766059952,0.527929741879527
MNE,Montenegro,2021,52.5525670427674,0.476179917322006,0.504227044620192,0.515219433150274,0.409093274195551,0.425128576466658
MNG,Mongolia,2021,51.9956050022489,0.444554533373356,0.446585557610985,0.483593105253977,0.403484937255104,0.404642433328378
MOZ,Mozambique,2021,37.7338490610518,0.259665024102219,0.2868281161756,0.309727470628524,0.182439485502533,0.504988042881183
MRT,Mauritania,2021,35.0139484385887,0.339550879501289,0.39974284835499,0.341018987279713,0.277890802869165,0.639271910729516
MUS,Mauritius,2021,56.4719121407832,0.578743056469868,0.731010447483828,0.648294289437069,0.356924432488706,0.449304813654204
MWI,Malawi,2021,35.331743359903,0.277262232608497,0.223466117465294,0.429759561854538,0.178561018505659,0.570627365410436
MYS,Malaysia,2021,57.4996521464261,0.521536021195253,0.67018671798566,0.578261291379069,0.316160054221029,0.371542978266731
NAM,Namibia,2021,43.4509123860858,0.378176237017435,0.354551463374683,0.566555049406232,0.21342219827139,0.509157989295718
NER,Niger,2021,36.7750416943859,0.322041741592036,0.294914902139576,0.342544846984532,0.328665475652,0.586540907704319
NGA,Nigeria,2021,37.1579834292582,0.233158524244751,0.237418871796442,0.257710048169409,0.204346652768401,0.489998855659587
NIC,Nicaragua,2021,42.9624669586924,0.280915939020182,0.311268195352401,0.299335768260407,0.232143853447737,0.421666599846333
NLD,Netherlands,2021,66.5756464623746,0.69626167653668,0.65422343675739,0.826052664984175,0.608508927868475,0.364748747289188
NOR,Norway,2021,75.896868989356,0.783802149700906,0.80881531894515,0.849812703314915,0.692778426842653,0.265864769913787
NPL,Nepal,2021,41.5881767561899,0.341685174790184,0.342246434094558,0.409012396631392,0.273796693644601,0.509921639666386
NRU,Nauru,2021,53.2075705339609,0.557556170696008,,0.557556170696008,,0.49340476001679
NZL,New Zealand,2021,70.586562540427,0.705850857028831,0.77771345883321,0.85874442589885,0.481094686354433,0.29411960622029
OMN,Oman,2021,51.562450883026,0.501671548392886,0.666897986436316,0.553176058480022,0.284940600262319,0.470422530732365
PAK,Pakistan,2021,39.2762895179651,0.313916929999387,0.352350129580725,0.305718436667398,0.283682223750037,0.528391139640084
PAN,Panama,2021,48.9094748166178,0.402830869566426,0.445208926161628,0.487361243270482,0.275922439267168,0.424641373234069
PER,Peru,2021,49.0380078906948,0.400282136745124,0.454967623966367,0.436874164807848,0.309004621461157,0.419521978931228
PHL,Philippines,2021,45.3626131100438,0.342155974339503,0.35638025342112,0.388099440952288,0.281988228645101,0.434903712138628
PLW,Palau,2021,50.7134592479456,0.492304833385849,0.388204693876536,0.656611085528662,0.432098720752351,0.478035648426937
PNG,Papua New Guinea,2021,35.8302617360524,0.279179262903924,0.311346130563785,0.364955832681037,0.16123582546695,0.562574028182875
POL,Poland,2021,61.7305800513505,0.54601381332343,0.506765313832331,0.619980023827984,0.511296102309975,0.31140221229642
PRK,"Korea, Democratic People's Repub",2021,42.2854177333474,0.359504900054604,,0.225942597429517,0.493067202679691,0.513796545387655
PRT,Portugal,2021,62.049774199818,0.5934206487186,0.605343614331425,0.686735363098489,0.488182968725887,0.35242516472224
PRY,Paraguay,2021,48.3020851736451,0.350303860765814,0.377834271847961,0.413791322655662,0.259285987793819,0.384262157292911
QAT,Qatar,2021,56.0945208742937,0.540590097150445,0.680669003916782,0.657297555463039,0.283803732071515,0.418699679664572
ROU,Romania,2021,54.3855853093723,0.48841996450423,0.44295283616312,0.571548317703692,0.450758739645876,0.400708258316783
RUS,Russian Federation,2021,60.045369544949,0.512325365394522,0.647851897299128,0.373546220159003,0.515577978725436,0.311417974495542
RWA,Rwanda,2021,40.1421677645598,0.412082886125448,0.502594436312756,0.544165797256636,0.189488424806952,0.609239530834251
SAU,Saudi Arabia,2021,53.9224927046748,0.550854327983834,0.70109220439995,0.505604875539245,0.445865904012306,0.472404473890337
SDN,Sudan,2021,31.0366670136802,0.247298764225865,0.297749459526027,0.213299411684315,0.230847421467254,0.626565423952261
SEN,Senegal,2021,41.4305514940355,0.359715451672966,0.284001956980032,0.482407587514842,0.312736810524023,0.531104421792256
SGP,Singapore,2021,71.9353935464472,0.81516158549202,0.847973059678619,0.850862698235386,0.746648998562055,0.376453714563076
SLB,Solomon Islands,2021,41.0650013376991,0.412175725644179,0.358702185236142,0.465649266052216,,0.590875698890197
SLE,Sierra Leone,2021,34.8614546771684,0.299390364815737,0.213349992656621,0.385375311603929,0.299445790186663,0.602161271272369
SLV,El Salvador,2021,45.0468620537523,0.346356220745059,0.366888405780158,0.406060156456284,0.266120099998734,0.445418979670013
SMR,San Marino,2021,,0.652258351215993,0.554082064971361,0.73802520346047,0.66466778521615,
SOM,Somalia,2021,29.9850048039375,0.23966890188304,0.376163927669495,0.103173876096585,,0.63996880580429
SRB,Serbia,2021,48.8265012998691,0.443157266096825,0.423090442872213,0.467244383512634,0.439136971905628,0.466627240099443
STP,Sao Tome and Principe,2021,42.2144039087167,0.370225243043064,0.28144909891059,0.482688565789275,0.346538064429327,0.52593716486873
SUR,Suriname,2021,44.901653056777,0.337770837240451,0.270416035626603,0.463022264494754,0.279874211599997,0.439737776104912
SVK,Slovakia,2021,57.2786450954454,0.510987563373814,0.487864681361216,0.619815261476885,0.425282747283342,0.365414661464907
SVN,Slovenia,2021,62.8780667503893,0.601368347985153,0.548747870050829,0.661252289429522,0.594104884475108,0.343807012977367
SWE,Sweden,2021,71.1203812590806,0.743267105688104,0.716601839351611,0.83325791591005,0.679941561802652,0.320859480506493
SWZ,Swaziland,2021,40.9175945929162,0.307355103323822,0.27965874858356,0.391757570419763,0.250648990968143,0.489003211465498
SYC,Seychelles,2021,52.7761112784968,0.48794173681644,0.520961279771419,0.642321876552614,0.300542054125287,0.432419511246504
SYR,Syrian Arab Republic,2021,35.6053050899579,0.225672648062127,0.246464059303858,0.118269380297159,0.312284504585365,0.513566546262969
TCD,Chad,2021,26.8908101535069,0.16779633564214,0.054835819399391,0.224192167499168,0.22436102002786,0.629980132572001
TGO,Togo,2021,42.4577600310766,0.357691542566094,0.429325931638189,0.382018446606194,0.2617302494539,0.508536341944563
THA,Thailand,2021,52.1582987795771,0.489115379236261,0.681807798600364,0.441503866845582,0.344034472262836,0.445949403644718
TJK,Tajikistan,2021,47.8456912818977,0.32148487092846,0.341482534651943,0.3212386662418,0.301733411891637,0.364571045290506
TKM,Turkmenistan,2021,39.9729814036213,0.244092052022586,,0.257239173676086,0.230944930369086,0.444632423950159
TLS,Timor-Leste,2021,41.51474986137,0.399299616680039,0.372036944694263,0.426326124219778,0.399535781126077,0.56900461945264
TON,Tonga,2021,42.4306722086249,0.44641766302849,0.475505903659447,0.557599385625788,0.306147699800236,0.597804218855992
TTO,Trinidad and Tobago,2021,48.2703810647392,0.356135054524698,0.335096886233,0.487110955840528,0.246197321500567,0.390727433229915
TUN,Tunisia,2021,50.4659851947197,0.447442830376676,0.567517490744185,0.455354003604342,0.319456996781501,0.438123126482283
TUR,Turkey,2021,54.289639452391,0.483927337727343,0.503244456287013,0.392279123926154,0.556258432968863,0.398134548679523
TUV,Tuvalu,2021,42.4699641868134,0.423624676970973,,0.594430895718662,0.252818458223284,0.574225393234705
TZA,"Tanzania, United Republic of",2021,39.4585539227858,0.294464600375858,0.261127300583613,0.398060994590972,0.224205505952988,0.505293521920141
UGA,Uganda,2021,36.3667324863397,0.265652958007456,0.261825358209715,0.348801662923353,0.186331852889301,0.538318308280663
UKR,Ukraine,2021,50.9848145355547,0.409711627144591,0.387580540330195,0.367578512225387,0.473975828878192,0.390015336433496
URY,Uruguay,2021,56.2803113226008,0.520466547912353,0.449150029178674,0.73012125177673,0.382128362781654,0.394860321460338
USA,United States,2021,67.1201134038621,0.658753893855164,0.661617539937428,0.681271781135024,0.633372360493041,0.316351625777922
UZB,Uzbekistan,2021,50.1418662989056,0.391073216624857,0.463744405293199,0.383847386367387,0.325627858213985,0.388235890646746
VCT,Saint Vincent and the Grenadines,2021,54.594508935214,0.508994354777736,0.51050567609247,0.631895851309311,0.384581536931426,0.417104176073455
VEN,"Venezuela, Bolivarian Republic o",2021,39.5429178739914,0.178190729551463,0.0680246742879238,0.142900646108577,0.323646868257887,0.387332372071634
VNM,Viet Nam,2021,47.3248408319275,0.43833207444232,0.516604298341901,0.460254228615782,0.338137696369275,0.49183525780377
VUT,Vanuatu,2021,41.1807204939033,0.366824302109714,0.370385076535736,0.555795583255119,0.174292246538286,0.543209892231648
WSM,Samoa,2021,45.733488192008,0.438625913939725,0.524196262899117,0.643976720773055,0.147704758147003,0.523956150099564
YEM,Yemen,2021,31.3305832667986,0.243204968232048,0.36903834264592,0.125411191226977,0.235165370823247,0.616593302896077
ZAF,South Africa,2021,46.0965723099165,0.365190683149098,0.385959689489993,0.479212471681853,0.230399888275448,0.443259236950768
ZMB,Zambia,2021,40.5378392348046,0.307363274146416,0.371259160242722,0.402723316757424,0.148107345439103,0.496606489450324
ZWE,Zimbabwe,2021,34.8184246817571,0.206444287635308,0.220117926724508,0.265144747162386,0.134070189019029,0.510075794000166
AFG,Afghanistan,2022,33.0117368826949,0.273877817918126,0.299806286140704,0.167382912760045,0.354444254853628,0.613643080264228
AGO,Angola,2022,36.4421751502426,0.25549211537898,0.21666775730134,0.346655819393436,0.203152769442164,0.526648612374127
ALB,Albania,2022,51.830062230906,0.45144323750335,0.474763657510259,0.469258476972923,0.410307578026868,0.41484199288523
AND,Andorra,2022,61.3636728677827,0.57696380365487,,0.762128871424538,0.391798735885201,0.349690346299216
ARE,United Arab Emirates,2022,53.1104818049083,0.482478462114322,0.415024963429613,0.671300750917344,0.361109671996008,0.420268826016156
ARG,Argentina,2022,50.1723181866575,0.411662743189324,0.382436737148268,0.445280971356433,0.407270521063271,0.408216379456173
ARM,Armenia,2022,53.118338970945,0.458956922690969,0.4934155027348,0.482458712749937,0.400996552588169,0.396590143272068
ATG,Antigua and Barbuda,2022,47.8492572878814,0.437386435763936,0.382436737148268,0.618000481533134,0.311722088610407,0.480401290006308
AUS,Australia,2022,67.7367357104244,0.658074469272981,0.575566476745486,0.800038180739136,0.59861875033432,0.303339755064493
AUT,Austria,2022,67.8091671551451,0.682588853046565,0.575566476745486,0.755801297212429,0.716398785181779,0.326405509943662
AZE,Azerbaijan,2022,49.2299030484525,0.41832496088541,0.481989017166174,0.400942315208632,0.372043550281422,0.43372689991636
BDI,Burundi,2022,32.2029008805815,0.251251304204145,0.247391886824446,0.261116440379662,0.245245585408327,0.607193286592515
BEL,Belgium,2022,61.7882555494008,0.61291946534188,0.560740209673978,0.73719575454464,0.540822431807023,0.377154354353864
BEN,Benin,2022,39.5384309698331,0.372061246440447,0.391510383799348,0.440865219608897,0.283808135913096,0.581292627043785
BFA,Burkina Faso,2022,37.6463469320712,0.275547810440785,0.252537512218684,0.35381544673339,0.22029047237028,0.522620871799361
BGD,Bangladesh,2022,38.1769470048453,0.308553503366208,0.331004005862124,0.295059409206006,0.299597095030495,0.545014563269302
BGR,Bulgaria,2022,56.5280872100408,0.505874353468247,0.572132724924705,0.516665532072909,0.428824803407127,0.375312609267432
BHR,Bahrain,2022,47.7492582047294,0.452102297755944,0.519665397522931,0.531670613404477,0.304970882340423,0.497117133661356
BHS,Bahamas,2022,48.5738837362042,0.417715868685455,0.382436737148268,0.623889735330632,0.246821133577466,0.446238193961372
BIH,Bosnia and Herzegovina,2022,50.3484229085791,0.386894629946048,0.363537258484525,0.421133264439275,0.376013366914343,0.379926171774466
BLR,Belarus,2022,54.1430627564634,0.43868633516182,0.474763657510259,0.344462962266841,0.496832385708361,0.355825080032552
BLZ,Belize,2022,43.2648300161936,0.361849787159703,0.382436737148268,0.483766065056171,0.219346559274669,0.496553186835831
BOL,"Bolivia, Plurinational State of",2022,43.0404662670466,0.318845952512894,0.382436737148268,0.328050261662306,0.246050858728109,0.458036627171963
BRA,Brazil,2022,50.5336359206279,0.377268933293393,0.382436737148268,0.427302821704209,0.322067241027701,0.366596214880835
BRB,Barbados,2022,58.5611578777016,0.560714564493047,0.344851655733755,0.681028633538949,0.656263404206436,0.389491406939015
BRN,Brunei Darussalam,2022,49.5025743408196,0.413857241587752,0.268921672381725,0.696334021237592,0.27631603114394,0.423805754771361
BTN,Bhutan,2022,43.5160226311244,0.409101926383972,0.285334437050643,0.67052063479396,0.271450707307312,0.538781473761485
BWA,Botswana,2022,46.3477328424654,0.406688855036208,0.399712138889612,0.629081256877579,0.191273169341434,0.4797341981869
CAF,Central African Republic,2022,28.1903954376649,0.150968250187811,0.0728320895062495,0.195622669607719,0.184449991449464,0.587160341434513
CAN,Canada,2022,68.2943661178991,0.648621602893705,0.599392961976897,0.771804081282009,0.574667765422209,0.282734280535723
CHE,Switzerland,2022,69.1284379416794,0.676779561288728,0.575566476745486,0.840355302880397,0.614416904240301,0.294210802455139
CHL,Chile,2022,59.7117572036808,0.54237563354412,0.575566476745486,0.644550978421594,0.40700944546528,0.348140489470504
CHN,China,2022,52.5504143088699,0.444699422492402,0.268921672381725,0.46243466770919,0.602741927386292,0.393691136315004
CIV,Cote d'Ivoire,2022,40.5761226940552,0.29721687184856,0.276763155114675,0.409870734986371,0.205016725444634,0.485694417967456
CMR,Cameroon,2022,39.7711560259263,0.274561742375544,0.240070771682666,0.26784902694093,0.315765428503037,0.479138621857018
COD,"Congo, the Democratic Republic o",2022,30.4604567581649,0.18191668491739,0.163996102332071,0.194195885198206,0.187558067221894,0.572707549754093
COG,Congo,2022,33.6291255227377,0.223025119849631,0.0855857764852493,0.302026237983553,0.281463345080092,0.550442609394877
COL,Colombia,2022,50.8147715112188,0.422722694048001,0.541119205298626,0.434338523722995,0.292710353122383,0.406427263823625
COM,Comoros,2022,37.7534931989617,0.251880149534307,0.247391886824446,0.293118003345152,0.215130558433322,0.496810285555073
CPV,Cape Verde,2022,45.3386270451885,0.380915417353457,0.256388406457195,0.61884101027533,0.267516835327845,0.474142876449687
CRI,Costa Rica,2022,53.8664577393916,0.462388225322712,0.433063093285679,0.648341532467767,0.305760050214689,0.385059070534879
CUB,Cuba,2022,44.4606836529943,0.346002619189254,,0.434510797002758,0.257494441375749,0.456788946129368
CYP,Cyprus,2022,57.0323583794625,0.496013280044761,0.426829292969694,0.625085144000199,0.43612540316439,0.355366112455512
CZE,Czech Republic,2022,65.0738730990353,0.606509227635582,0.605978128310144,0.712525566261499,0.501023988335103,0.305031765654876
DEU,Germany,2022,69.6500032995051,0.68720989190044,0.575566476745486,0.78323005719129,0.702833141764545,0.294209825910338
DJI,Djibouti,2022,36.3731137018072,0.32872120577283,0.415024963429613,0.343167422108261,0.227971231780617,0.601258931736686
DMA,Dominica,2022,59.1037383442922,0.617259946036614,,0.617259946036614,,0.43518517915077
DNK,Denmark,2022,68.5338613480173,0.712892400883844,0.575566476745486,0.867052557630222,0.696058168275824,0.342215173923499
DOM,Dominican Republic,2022,45.8299400323403,0.391168535741982,0.382436737148268,0.484618498975807,0.306450371101871,0.474569735095177
DZA,Algeria,2022,46.9620829867378,0.369505429953285,0.415024963429613,0.34979705576215,0.343694270668092,0.430263770218528
ECU,Ecuador,2022,44.7433129697731,0.360871141603763,0.379524687611331,0.404209788574787,0.29887894862517,0.4660048822083
EGY,Egypt,2022,45.2226583757763,0.374304677715202,0.415024963429613,0.346314752364308,0.361574317351687,0.469851510199677
ERI,Eritrea,2022,27.7396447586927,0.177345006306066,,0.19684036211303,0.157849650499101,0.622552111132212
ESP,Spain,2022,61.9997169946046,0.564020864746354,0.600789013869862,0.642104308908902,0.449169271460297,0.324026524854261
EST,Estonia,2022,62.8612271277951,0.615102723173818,0.631192582796614,0.781725129723059,0.432390457001781,0.357878180617916
ETH,Ethiopia,2022,37.6752184679918,0.265283114660521,0.247391886824446,0.314251691015197,0.23420576614192,0.511778745300686
FIN,Finland,2022,70.9767031783665,0.726431002681905,0.575566476745486,0.866158386888447,0.737568144411783,0.306896939114576
FJI,Fiji,2022,47.0074633311586,0.428418560785905,0.268921672381725,0.572425252882633,0.443908757093358,0.488269294162733
FRA,France,2022,66.2555579573604,0.64830269167187,0.575566476745486,0.693537765426845,0.67580383284328,0.323191532524663
FSM,"Micronesia, Federated States of",2022,36.5411752486559,0.353562868913536,0.268921672381725,0.602249486310817,0.189517448048066,0.622739363940419
GAB,Gabon,2022,42.6871842142727,0.302349116082309,0.247391886824446,0.350051093292926,0.309604368129555,0.448605431796854
GBR,United Kingdom,2022,69.0837250671817,0.66060021186226,0.610013342955517,0.755051172562985,0.616736120068279,0.278925710518626
GEO,Georgia,2022,56.0484327686664,0.533709752770031,0.627736838287576,0.581144508121901,0.392247911900616,0.412741097396703
GHA,Ghana,2022,43.6363029681832,0.349852178337902,0.330188449522258,0.482093295652278,0.23727478983917,0.477126118974239
GIN,Guinea,2022,40.7869506286751,0.294666861910305,0.247391886824446,0.313798321955908,0.322810376950562,0.478927849336803
GMB,Gambia,2022,35.3771743500738,0.265706696150614,0.0842912945126824,0.443098789916341,0.269730004022818,0.558163209149137
GNB,Guinea-Bissau,2022,33.2777359529816,0.280316543159758,0.247391886824446,0.297475430788739,0.29608231186609,0.614761824100127
GNQ,Equatorial Guinea,2022,35.4542235702178,0.159855757898585,0.0,0.267284221250454,0.212283052445302,0.450771286494229
GRC,Greece,2022,59.8182721636647,0.551863716996195,0.487663743469537,0.576526626274865,0.591400781244184,0.355498273722902
GRD,Grenada,2022,55.0753398348972,0.521013775181609,0.382436737148268,0.596045023989479,0.584559564407081,0.419506978483664
GTM,Guatemala,2022,43.1730201434867,0.317480508440444,0.382436737148268,0.350364526072302,0.219640262100761,0.454020105570709
GUY,Guyana,2022,45.3726443009654,0.381224448683355,0.382436737148268,0.451997044553633,0.309239564348164,0.473771562664048
HND,Honduras,2022,42.0940042577652,0.304440251286708,0.382436737148268,0.339424821889999,0.191459194821858,0.462560166131404
HRV,Croatia,2022,56.6089027603474,0.527491694377301,0.55590125993237,0.578034096155896,0.448539727043636,0.395313639170352
HTI,Haiti,2022,33.5316328317117,0.208569258122299,,0.230615521997671,0.186522994246928,0.537936601488066
HUN,Hungary,2022,57.7155070332008,0.539031833180311,0.589613765150699,0.561312621235314,0.466169113154921,0.384721692516295
IDN,Indonesia,2022,48.7566243815183,0.403701045144629,0.433559334380925,0.454209082997364,0.323334718055598,0.428568557514262
IND,India,2022,44.1310419831699,0.358450126721714,0.299806286140704,0.443105357823757,0.33243873620068,0.475829287058316
IRL,Ireland,2022,64.3974328532059,0.605170735991151,0.58496812911431,0.790996829598176,0.439547249260967,0.317222078927034
IRN,"Iran, Islamic Republic of",2022,47.979789735635,0.388823472901914,0.415024963429613,0.2661849180143,0.485260537261828,0.429227678189213
IRQ,Iraq,2022,35.0331788127475,0.197392310014931,0.0614382175108347,0.195052249147545,0.335686463386413,0.496728733759981
ISL,Iceland,2022,64.9851700684848,0.611794691125519,0.446501839713209,0.800943656437125,0.587938577226222,0.312091289755822
ISR,Israel,2022,59.9894352848752,0.549268545643481,0.499118117497661,0.605504578689876,0.543182940742906,0.349479839945976
ITA,Italy,2022,62.1321115260341,0.599022057316481,0.591341432748059,0.611437120710924,0.59428761849046,0.356379826795799
JAM,Jamaica,2022,48.8526082962516,0.401929849132647,0.396832799219045,0.523697267344249,0.285259480834647,0.424877683207616
JOR,Jordan,2022,49.204204174428,0.417602365381483,0.414524346048557,0.504288601885886,0.333994148210008,0.433518281892923
JPN,Japan,2022,65.8802410974501,0.671216987009078,0.575566476745486,0.784265301089892,0.653819183191856,0.353612165060076
KAZ,Kazakhstan,2022,55.9477956584617,0.475883017528846,0.532012921384169,0.441344068233149,0.45429206296922,0.356927104359612
KEN,Kenya,2022,39.3919657643616,0.272069445329731,0.247391886824446,0.377606832521798,0.191209616642951,0.484230130042499
KGZ,Kyrgyzstan,2022,50.8610854338547,0.367620949821405,0.39478261093658,0.34459415047845,0.363486088049184,0.35039924114431
KHM,Cambodia,2022,42.1466594385631,0.314662229784355,0.297349945759501,0.348298107730193,0.298338635863371,0.471729041013092
KIR,Kiribati,2022,41.60756608067,0.369814731338598,0.268921672381725,0.592761188490177,0.247761333143892,0.537663409725198
KNA,Saint Kitts and Nevis,2022,57.1288002289659,0.618909183123601,,0.615810622509578,0.622007743737625,0.476333178544283
KOR,"Korea, Republic of",2022,68.1155732891296,0.718400383458056,0.674208450622252,0.694374512187668,0.786618187564248,0.356088917675465
KWT,Kuwait,2022,48.74696101007,0.410289670542641,0.415024963429613,0.535092163274491,0.28075188492382,0.435350450341241
LAO,Lao People's Democratic Republic,2022,40.2180747546073,0.295563242717091,0.213240259170624,0.398016729150624,0.275432739830025,0.491201747624946
LBN,Lebanon,2022,43.7476461226462,0.335813390950579,0.415024963429613,0.277847518561667,0.314567690860457,0.460860468497654
LBR,Liberia,2022,35.4195360328738,0.292979604727116,0.247391886824446,0.343042176428777,0.288504750928126,0.58458888406964
LBY,Libyan Arab Jamahiriya,2022,39.5706245710357,0.28437680994511,0.415024963429613,0.150292908851878,0.287812557553839,0.492964318524397
LCA,Saint Lucia,2022,53.4893368254344,0.416861196219514,0.382436737148268,0.60766438233947,0.260482469170803,0.347074459710825
LIE,Liechtenstein,2022,,0.669535803803749,,0.833042380415398,0.5060292271921,
LKA,Sri Lanka,2022,44.7953841414737,0.336953530984483,0.299806286140704,0.411298938511009,0.299755368301736,0.441045848155008
LSO,Lesotho,2022,39.1762102401308,0.293171274836837,0.277373463400454,0.439467884458964,0.162672476651094,0.509647070034221
LTU,Lithuania,2022,59.8495784842173,0.573108445107672,0.575566476745486,0.711988519335438,0.431770339242092,0.376116875423326
LUX,Luxembourg,2022,65.8428370699279,0.657182772109864,0.575566476745486,0.836190797559703,0.559791042024401,0.340326030711306
LVA,Latvia,2022,60.2716632255646,0.591629096506891,0.623340053337134,0.680555836359693,0.470991399823848,0.3861958319956
MAR,Morocco,2022,47.1235886732089,0.393546889128062,0.425581587246526,0.426981288979629,0.328077791158033,0.451075115663884
MCO,Monaco,2022,65.1911961955521,0.702070209645254,,0.762071921135018,0.642068498155489,0.398246285734212
MDA,"Moldova, Republic of",2022,51.3578954683014,0.478698191883264,0.541178022490922,0.456294811679709,0.438621741479162,0.451540282517237
MDG,Madagascar,2022,34.5085545911259,0.242962305871808,0.185251023208091,0.337604567439235,0.206031326968097,0.552791214049289
MDV,Maldives,2022,43.552523673794,0.409512761360848,0.299806286140704,0.48953142354457,0.439200574397271,0.538462287884968
MEX,Mexico,2022,48.5125104476001,0.379706460884002,0.461163202733005,0.365157148011295,0.312799031907706,0.409456251932
MHL,Marshall Islands,2022,44.8119529624113,0.405658270442306,,0.559272284822409,0.252044256062204,0.50941921119408
MKD,Macedonia,2022,52.111326886806,0.450083460920773,0.489246328505139,0.499966094148976,0.361037960108204,0.407856923184653
MLI,Mali,2022,34.0720253795552,0.270372280912781,0.225535949493523,0.259458553748562,0.32612233949626,0.588931773321677
MLT,Malta,2022,57.0725686493736,0.490769865956769,0.425554239966188,0.639782007687024,0.406973350217096,0.349318492969297
MMR,Myanmar,2022,34.7944799158041,0.224014121555884,,0.196235337826519,0.251792905285249,0.528124523239803
MNE,Montenegro,2022,51.7315133031255,0.459685266989091,0.453446225150546,0.512970781313849,0.412638794502877,0.42505500092658
MNG,Mongolia,2022,48.3305787491955,0.383823734785023,0.268921672381725,0.477232048894168,0.405317483079176,0.417212159801112
MOZ,Mozambique,2022,37.0717169295954,0.244663637219044,0.247391886824446,0.302284175193783,0.184314849638902,0.503229298627136
MRT,Mauritania,2022,32.0361107407566,0.295029345670437,0.247391886824446,0.354213750157329,0.283482400029535,0.654307130855304
MUS,Mauritius,2022,51.4580028968403,0.481405774657186,0.443798861796094,0.640339673787746,0.360078788387719,0.45224571672038
MWI,Malawi,2022,35.6979652155984,0.281342086831385,0.247391886824446,0.416631079691852,0.180003293977855,0.567382782519416
MYS,Malaysia,2022,54.3292083182076,0.458055986076299,0.477092725939231,0.580922509094364,0.3161527231953,0.371471819712147
NAM,Namibia,2022,42.1608285540501,0.348014408401593,0.271380596235882,0.558260635844149,0.214401993124747,0.504797837320591
NER,Niger,2022,36.0946159927728,0.308299150970052,0.247391886824446,0.348283867174456,0.329221698911253,0.586406831114596
NGA,Nigeria,2022,37.3763418449578,0.234386890366577,0.247391886824446,0.249137193107028,0.206631591168256,0.48686005346742
NIC,Nicaragua,2022,44.1704439740552,0.308077656867803,0.382436737148268,0.303391448420735,0.238404785034406,0.4246687773867
NLD,Netherlands,2022,64.3784412454174,0.663252559824724,0.575566476745486,0.807797270995836,0.606393931732852,0.375683734916377
NOR,Norway,2022,71.8557549295977,0.701845866998923,0.575566476745486,0.83142136330351,0.698549760947774,0.264730768406969
NPL,Nepal,2022,42.443149068073,0.359142390611867,0.392305102471543,0.404830687484153,0.280291381879904,0.510279409250406
NRU,Nauru,2022,53.6694251591876,0.571827328168293,,0.571827328168293,,0.49843882498454
NZL,New Zealand,2022,66.7774824887698,0.629181266975434,0.559671639008597,0.850617741204024,0.47725442071368,0.293631617200037
OMN,Oman,2022,47.57154637888,0.41999004727312,0.415024963429613,0.563579938579612,0.281365239810136,0.46855911969552
PAK,Pakistan,2022,38.7378946420358,0.303852859790139,0.335489262962814,0.289173219970349,0.286896096437255,0.529094966949424
PAN,Panama,2022,47.9323670073111,0.383124049380047,0.382436737148268,0.481339467886819,0.285595943105053,0.424476709233825
PER,Peru,2022,48.1399427148958,0.381455606298039,0.417281986708366,0.415808263522204,0.311276568663548,0.418656752000123
PHL,Philippines,2022,46.3994132810461,0.359169035323615,0.385688166744697,0.398290543532533,0.293528395693615,0.431180769702693
PLW,Palau,2022,52.9681667461857,0.542890548107368,,0.661868265839656,0.42391283037508,0.483527213183654
PNG,Papua New Guinea,2022,33.1436125438326,0.224549316712615,0.134139271372836,0.377079123039163,0.162429555725848,0.561677065835963
POL,Poland,2022,62.3958236300458,0.561169934214254,0.550217915653973,0.615455591962056,0.517836295026732,0.313253461613338
PRK,"Korea, Democratic People's Repub",2022,43.0430521407688,0.374953488039495,,0.256604828687233,0.493302147391756,0.514092445224119
PRT,Portugal,2022,61.7924776645619,0.589677550497156,0.589424740354172,0.682121874874033,0.497486036263263,0.353827997205918
PRY,Paraguay,2022,47.8573564157018,0.338434774479578,0.347210606548726,0.409123584211042,0.258970132678967,0.381287646165543
QAT,Qatar,2022,52.1451015430191,0.456824302945058,0.415024963429613,0.662496177159741,0.292951768245819,0.413922272084676
ROU,Romania,2022,55.9141772464004,0.516317879008256,0.51978797985146,0.571854859953789,0.457310797219518,0.398034334080248
RUS,Russian Federation,2022,56.5864363877977,0.440835483926973,0.474763657510259,0.331867194332288,0.515875599938373,0.30910675617102
RWA,Rwanda,2022,41.6273995263051,0.442364773721237,0.59264381374745,0.542736118245067,0.191714389171195,0.609816783195134
SAU,Saudi Arabia,2022,49.7422165726741,0.466971669293791,0.415024963429613,0.530564049286527,0.455325995165233,0.472127337840308
SDN,Sudan,2022,28.1849526718531,0.210949506873831,,0.19104066611476,0.230858347632902,0.647250453436769
SEN,Senegal,2022,42.1828037561153,0.373241613808535,0.326221937580759,0.477007353000931,0.316495550843916,0.529585538686229
SGP,Singapore,2022,68.6948085073077,0.745727124549488,0.650601187366137,0.838689081033933,0.747891105248395,0.371830954403334
SLB,Solomon Islands,2022,37.8966023572576,0.376965373571176,0.268921672381725,0.485009074760627,,0.619033326426023
SLE,Sierra Leone,2022,33.9572682098534,0.280353655832188,0.164799130756183,0.374436995006667,0.301824841733714,0.601208291635121
SLV,El Salvador,2022,43.2423222359579,0.316394118697757,0.28508389100996,0.393817067088504,0.270281397994806,0.451547673978598
SMR,San Marino,2022,,0.703427577489464,,0.735174750758031,0.671680404220897,
SOM,Somalia,2022,27.3391539951957,0.186042602384605,0.247391886824446,0.124693317944764,,0.639259522480692
SRB,Serbia,2022,50.5683428785616,0.480870773828072,0.528486147528948,0.46940344283486,0.444722731120409,0.46950391625684
STP,Sao Tome and Principe,2022,41.6949988478587,0.359778302335958,0.247391886824446,0.481776175745852,0.350166844437576,0.525878325378784
SUR,Suriname,2022,46.5917877166931,0.370927546228846,0.382436737148268,0.452794161434024,0.277551740104247,0.439091791894984
SVK,Slovakia,2022,58.4795712044325,0.540350313134204,0.579861540387091,0.612009279445395,0.429180119570125,0.370758889045553
SVN,Slovenia,2022,63.133233351784,0.607901997809538,0.567912123382019,0.661400207470912,0.594393662575684,0.345237330773858
SWE,Sweden,2022,68.2681342362543,0.687224238174309,0.561165780303804,0.824196020636121,0.676310913583002,0.321861553449224
SWZ,Swaziland,2022,41.3325693355522,0.310096966433254,0.291976217358653,0.385427886049415,0.252886795891693,0.48344557972221
SYC,Seychelles,2022,49.124569167829,0.404390869430081,0.281491839353937,0.652614837269542,0.279065931666764,0.4218994860735
SYR,Syrian Arab Republic,2022,37.7833866798529,0.278887874455284,0.415024963429613,0.109673512695583,0.311965147240655,0.523220140858226
TCD,Chad,2022,28.1643778510369,0.198111446815928,0.140799841878186,0.227632649487682,0.225901849081915,0.63482388979519
TGO,Togo,2022,42.0447721699162,0.349988996529453,0.403661169542934,0.379751500183228,0.266554319862196,0.509093553131128
THA,Thailand,2022,45.4238940348174,0.353626796656159,0.268921672381725,0.44641961753719,0.345539100049563,0.44514891595981
TJK,Tajikistan,2022,47.5360037409992,0.312868979313171,0.30859092637113,0.320787635430852,0.309228376137531,0.362148904493186
TKM,Turkmenistan,2022,39.3420171345464,0.230869747308327,0.17341286478622,0.284190764842431,0.235005612296329,0.444029404617399
TLS,Timor-Leste,2022,36.7887429056405,0.29161617768455,0.0474138586253224,0.42585539112973,0.401579283298599,0.555841319571741
TON,Tonga,2022,37.4507860461456,0.343802389547421,0.136836089614947,0.562951899889029,0.331619179138286,0.594786668624509
TTO,Trinidad and Tobago,2022,47.0162201199064,0.331024286557458,0.260920624798053,0.485988829805273,0.246163405069048,0.390699884159329
TUN,Tunisia,2022,45.1372663369556,0.344538333324615,0.273290207989392,0.43152190842819,0.328802883556263,0.441793006585503
TUR,Turkey,2022,54.3879870297483,0.485608447793067,0.509165597202007,0.386938206541602,0.560721539635593,0.3978487071981
TUV,Tuvalu,2022,43.3925690612524,0.430886345138112,,0.607729758562311,0.254042931713913,0.563034963913064
TZA,"Tanzania, United Republic of",2022,41.5751696230417,0.338250183247508,0.381766775811454,0.4055557638539,0.22742801007717,0.506746790786675
UGA,Uganda,2022,35.8843955323465,0.257471570602207,0.247391886824446,0.338910677899451,0.186112147082725,0.539783659955278
UKR,Ukraine,2022,52.6427966942329,0.438017501743165,0.474763657510259,0.360678109979859,0.478610737739377,0.385161567858508
URY,Uruguay,2022,54.733972002816,0.489339404673484,0.344049110282234,0.737427411737132,0.386541692001085,0.394659964617162
USA,United States,2022,65.9608454703646,0.635620864317027,0.595933182402786,0.685066073412047,0.625863337136247,0.316403954909734
UZB,Uzbekistan,2022,51.5647575497765,0.421364756860029,0.526393735805042,0.38931345651768,0.348387078257366,0.390069605864499
VCT,Saint Vincent and the Grenadines,2022,53.0248875483904,0.47398800221954,0.382436737148268,0.627043808621892,0.41248346088846,0.413490251251733
VEN,"Venezuela, Bolivarian Republic o",2022,42.7798416748922,0.242251179783761,,0.160072774006179,0.324429585561343,0.386654346285916
VNM,Viet Nam,2022,46.2696199437803,0.421028287539182,0.454371221414505,0.462037827510568,0.346675813692474,0.495635888663576
VUT,Vanuatu,2022,36.6929121792153,0.27595232857711,0.108229821384951,0.545207113700383,0.174420050645995,0.542094084992804
WSM,Samoa,2022,40.6404243029312,0.369720544678605,0.312182261371494,0.646619635859868,0.150359736804454,0.556912058619981
YEM,Yemen,2022,31.7579534550825,0.257320754643518,0.415024963429613,0.121759262985575,0.235178037515367,0.622161685541869
ZAF,South Africa,2022,43.8939366705093,0.314760127855354,0.247391886824446,0.462056240202172,0.234832256539444,0.436881394445169
ZMB,Zambia,2022,39.0483463837757,0.274846800517964,0.247391886824446,0.428865374917448,0.148283139811999,0.49387987284245
ZWE,Zimbabwe,2022,35.5397530685689,0.218456300078374,0.247391886824446,0.271038627175578,0.136938386235099,0.507661238706996
AFG,Afghanistan,2023,33.0585165373327,0.273455754202796,0.299806286140704,0.166151392358445,0.354409584109238,0.612285423456143
AGO,Angola,2023,36.5212347089693,0.25776962271038,0.21666775730134,0.352173459339777,0.204467651490022,0.527344928530993
ALB,Albania,2023,52.0376392186218,0.454448838547886,0.474763657510259,0.473039990767712,0.415542867365686,0.41369605417545
AND,Andorra,2023,62.7330731084949,0.605181239313114,,0.761964006729373,0.448398471896854,0.350519777143216
ARE,United Arab Emirates,2023,53.2111058312601,0.482342133573333,0.415024963429613,0.669181955388415,0.362819481901971,0.418120016948131
ARG,Argentina,2023,50.1948556206743,0.412981187832491,0.382436737148268,0.446963066891804,0.409543759457401,0.409084075419005
ARM,Armenia,2023,53.20190774413,0.458683441117899,0.4934155027348,0.480800100319681,0.401834720299215,0.394645286235298
ATG,Antigua and Barbuda,2023,47.8829330201879,0.44044332831014,0.382436737148268,0.627003827480078,0.311889420302074,0.482784667906382
AUS,Australia,2023,68.0001672961842,0.659911389544482,0.575566476745486,0.807708280175307,0.596459411712654,0.299908043620797
AUT,Austria,2023,67.9078692292623,0.682481359396006,0.575566476745486,0.758884414839791,0.71299318660274,0.32432397481076
AZE,Azerbaijan,2023,49.6965983005212,0.422149432984986,0.481989017166174,0.410716727075617,0.373742554713168,0.428217466974561
BDI,Burundi,2023,32.3107026033997,0.252901819015178,0.247391886824446,0.265212678787133,0.246100891433956,0.606687766947185
BEL,Belgium,2023,62.0583209290517,0.606430402224486,0.560740209673978,0.719961341875197,0.538589655124284,0.365263983643453
BEN,Benin,2023,39.6484400503555,0.37667304916432,0.391510383799348,0.453129952954935,0.285378810738678,0.58370424815721
BFA,Burkina Faso,2023,37.3947694935372,0.271031957665266,0.252537512218684,0.339375872797995,0.22118248797912,0.523136567794521
BGD,Bangladesh,2023,38.3867713304216,0.311794365573955,0.331004005862124,0.301198842975501,0.303180247884241,0.544058938965523
BGR,Bulgaria,2023,57.3867245310436,0.506940952547621,0.572132724924705,0.523777128427844,0.424913004290314,0.359206461926749
BHR,Bahrain,2023,48.0238305900434,0.45983785481591,0.519665397522931,0.542707920243719,0.317140246681082,0.499361243015042
BHS,Bahamas,2023,48.7145993395335,0.421636937458102,0.382436737148268,0.630873296544343,0.251600778681694,0.447344950667431
BIH,Bosnia and Herzegovina,2023,50.5617814000247,0.389745021844495,0.363537258484525,0.426226984241738,0.379470822807223,0.378509393844001
BLR,Belarus,2023,54.1162715066389,0.435881792621938,0.474763657510259,0.340303809953482,0.492577910402072,0.35355636248916
BLZ,Belize,2023,43.9934588567001,0.363064697208232,0.382436737148268,0.489695446142412,0.217061908334017,0.48319552007423
BOL,"Bolivia, Plurinational State of",2023,43.2455066784278,0.318101947705462,0.382436737148268,0.321953563783872,0.249915542184246,0.453191814136906
BRA,Brazil,2023,50.5651191444229,0.377829257070221,0.382436737148268,0.41895904587418,0.332091988188214,0.366526874181763
BRB,Barbados,2023,58.3589388241453,0.562391297443164,0.344851655733755,0.687154033695651,0.655168202900087,0.395212520960258
BRN,Brunei Darussalam,2023,49.7278290128016,0.418972396757771,0.268921672381725,0.700780774129239,0.287214743762348,0.42441581650174
BTN,Bhutan,2023,44.1304261483535,0.410615340250298,0.285334437050643,0.672738038418749,0.273773545281503,0.528006817283229
BWA,Botswana,2023,45.9320355196823,0.404475137702948,0.399712138889612,0.621199323112608,0.192513951106624,0.485834427309302
CAF,Central African Republic,2023,28.13695827039,0.149849758978622,0.0728320895062495,0.192193779746818,0.184523407682798,0.587110593570822
CAN,Canada,2023,68.2356621457216,0.646631515995733,0.599392961976897,0.769505006015123,0.57099657999518,0.281918273081301
CHE,Switzerland,2023,68.9969569029437,0.677152797195345,0.575566476745486,0.841557071604812,0.614334843235737,0.29721365913647
CHL,Chile,2023,59.7998179629107,0.543640624658825,0.575566476745486,0.639104083821155,0.416251313409833,0.347644265400611
CHN,China,2023,52.9215592212443,0.453268126032888,0.268921672381725,0.470861375323859,0.62002133039308,0.394836941608003
CIV,Cote d'Ivoire,2023,40.5533166849614,0.297446176419607,0.276763155114675,0.408383430637512,0.207191943506633,0.486379842720379
CMR,Cameroon,2023,39.8795993002326,0.275396693518112,0.240070771682666,0.270044856175577,0.316074452696093,0.477804707513461
COD,"Congo, the Democratic Republic o",2023,30.5119968065491,0.180997117850583,0.163996102332071,0.19034904547901,0.188646205740667,0.5707571817196
COG,Congo,2023,33.6958587135224,0.223076749595518,0.0855857764852493,0.299853537230281,0.283790935071023,0.54915957532507
COL,Colombia,2023,50.7198991475038,0.421389393321247,0.541119205298626,0.427695910305399,0.295353064359716,0.406991410371171
COM,Comoros,2023,38.2633259315586,0.255900009821425,0.247391886824446,0.304423073380378,0.21588506925945,0.490633491190252
CPV,Cape Verde,2023,45.420522815946,0.381161080905004,0.256388406457195,0.617924238703672,0.269170597554144,0.472750624586084
CRI,Costa Rica,2023,53.9136470927392,0.465547717659273,0.433063093285679,0.65440988965213,0.30917017004001,0.387274775804488
CUB,Cuba,2023,44.2816807758237,0.342803359759303,,0.428695591398749,0.256911128119856,0.457169744242829
CYP,Cyprus,2023,57.1412420173301,0.496391220448149,0.426829292969694,0.622415368899163,0.439928999475589,0.353566380101546
CZE,Czech Republic,2023,64.996459175575,0.605612529482908,0.605978128310144,0.715045453623785,0.495814006514793,0.305683345971407
DEU,Germany,2023,69.4585473919477,0.684247167839999,0.575566476745486,0.771234226491374,0.705940800283139,0.295076220001045
DJI,Djibouti,2023,36.5103778795917,0.328693927876265,0.415024963429613,0.342219302691372,0.22883751750781,0.598486370284431
DMA,Dominica,2023,58.8106413272191,0.617225307119262,,0.617225307119262,,0.44101248057488
DNK,Denmark,2023,68.5384266068413,0.711983967318087,0.575566476745486,0.869739863883732,0.690645561325042,0.341215435181261
DOM,Dominican Republic,2023,46.2960651819022,0.39554137171083,0.382436737148268,0.489791782616507,0.314395595367717,0.469620068072787
DZA,Algeria,2023,47.2672325620768,0.375294647880398,0.415024963429613,0.36091588496822,0.349943095243363,0.429949996638863
ECU,Ecuador,2023,43.9708464881578,0.356133369398635,0.379524687611331,0.375543971785225,0.31333144879935,0.47671643963548
EGY,Egypt,2023,45.3086557403286,0.376974259836902,0.415024963429613,0.35065599449096,0.365241821590134,0.470801145030331
ERI,Eritrea,2023,27.5857566509462,0.180656799120263,,0.203463947741425,0.157849650499101,0.62894166610134
ESP,Spain,2023,61.9056797871196,0.56034347898663,0.600789013869862,0.631207905876094,0.449033517213933,0.322229883244238
EST,Estonia,2023,62.6790567173448,0.610849290704218,0.631192582796614,0.77888380360997,0.42247148570607,0.357268156357321
ETH,Ethiopia,2023,37.6838673616498,0.261980902600161,0.247391886824446,0.302486451440422,0.236064369535615,0.508303555367165
FIN,Finland,2023,70.9560376435216,0.723442813942593,0.575566476745486,0.851172136698733,0.743589828383562,0.304322061072161
FJI,Fiji,2023,46.9097395378269,0.426792344412393,0.268921672381725,0.58114970090786,0.430305659947596,0.488597553655855
FRA,France,2023,66.0955767704523,0.644287191834464,0.575566476745486,0.682058396749051,0.675236702008855,0.322375656425419
FSM,"Micronesia, Federated States of",2023,36.605597541985,0.353628727268294,0.268921672381725,0.602137896058425,0.189826613364733,0.621516776428594
GAB,Gabon,2023,42.6132292425563,0.301897161580208,0.247391886824446,0.347182725913413,0.311116872002764,0.449632576729081
GBR,United Kingdom,2023,68.7746252678554,0.655938510722962,0.610013342955517,0.741581589381981,0.616220599831387,0.280446005365854
GEO,Georgia,2023,56.0694885894031,0.534127995962288,0.627736838287576,0.581369260357445,0.393277889241844,0.412738224174227
GHA,Ghana,2023,44.8226530077413,0.351903526033337,0.330188449522258,0.485376341258726,0.240145787319025,0.455450465878511
GIN,Guinea,2023,40.9362141078257,0.292503238252269,0.247391886824446,0.306472782506798,0.323645045425562,0.473778956095756
GMB,Gambia,2023,36.1165006535767,0.267678775994033,0.0842912945126824,0.446495483804344,0.272249549665071,0.545348762922498
GNB,Guinea-Bissau,2023,33.0470189081407,0.283106432793919,0.247391886824446,0.304857356466583,0.297070055090729,0.622166054631104
GNQ,Equatorial Guinea,2023,35.5396148761122,0.160643271718469,0.0,0.269821761947606,0.212108053207802,0.449850974196225
GRC,Greece,2023,60.0387840645102,0.554243111333186,0.487663743469537,0.583246982343648,0.591818608186374,0.353467430042983
GRD,Grenada,2023,55.1178650220195,0.526210103275225,0.382436737148268,0.610393010945325,0.585800561732081,0.423852802834834
GTM,Guatemala,2023,43.246588123418,0.322579034218151,0.382436737148268,0.362383694069107,0.222916671437078,0.457647271749792
GUY,Guyana,2023,45.6248122359852,0.380258709448868,0.382436737148268,0.445514894558472,0.312824496639863,0.467762464729164
HND,Honduras,2023,41.5961951175689,0.303070713420584,0.382436737148268,0.335154796694921,0.191620606418564,0.471146811069206
HRV,Croatia,2023,56.6906518860797,0.529602404743178,0.55590125993237,0.582430854953009,0.450475099344155,0.395789367021583
HTI,Haiti,2023,33.4347770409665,0.203428197214073,,0.220151734756218,0.186704659671928,0.534732656394744
HUN,Hungary,2023,57.5395462432022,0.535452924142948,0.589613765150699,0.554934716909737,0.461810290368408,0.384661999278904
IDN,Indonesia,2023,48.8691329100467,0.408103053898062,0.433559334380925,0.461795760686168,0.328954066627093,0.430720395697127
IND,India,2023,44.1100152364143,0.357978645967666,0.299806286140704,0.436141312803481,0.337988338958813,0.475778341239381
IRL,Ireland,2023,64.5650888747125,0.607472266733052,0.58496812911431,0.796821735097591,0.440626935987254,0.316170489238801
IRN,"Iran, Islamic Republic of",2023,47.7936180908295,0.384143005838502,0.415024963429613,0.251333793628159,0.486070260457733,0.428270644021912
IRQ,Iraq,2023,34.9724913191874,0.196406755225526,0.0614382175108347,0.187751402739133,0.34003064542661,0.496956928841778
ISL,Iceland,2023,64.5582913824123,0.606032225073206,0.446501839713209,0.797205183418623,0.574389652087786,0.314866397424961
ISR,Israel,2023,59.698018701357,0.540477115848142,0.499118117497661,0.588404319762342,0.533908910284424,0.346516741821003
ITA,Italy,2023,62.3717747774061,0.604325147823497,0.591341432748059,0.622220525471766,0.599413485250665,0.356889652275375
JAM,Jamaica,2023,47.5061841510766,0.40178088109192,0.396832799219045,0.520016383768422,0.288493460288292,0.451657198070388
JOR,Jordan,2023,49.6577381101167,0.422433687441132,0.414524346048557,0.516620628208746,0.336156088066094,0.429278925238798
JPN,Japan,2023,65.8429943229259,0.669989217095892,0.575566476745486,0.777281710174735,0.657119464367456,0.353129330637374
KAZ,Kazakhstan,2023,56.4732453753402,0.481752431453136,0.532012921384169,0.462919925626626,0.450324447348613,0.352287523946332
KEN,Kenya,2023,39.3405384384266,0.272235622556456,0.247391886824446,0.376206245941764,0.193108734903158,0.485424853787924
KGZ,Kyrgyzstan,2023,50.907667300658,0.3668512844248,0.39478261093658,0.338262496636707,0.367508745701112,0.34869793841164
KHM,Cambodia,2023,42.348099598527,0.320526002569428,0.297349945759501,0.358816715158717,0.305411346790065,0.473564010598888
KIR,Kiribati,2023,42.0977980867046,0.36953900718926,0.268921672381725,0.587765605162989,0.251929744023064,0.527583045455167
KNA,Saint Kitts and Nevis,2023,57.3586188213526,0.619533399109107,,0.616025052168088,0.623041746050125,0.472361022682055
KOR,"Korea, Republic of",2023,68.3927401151952,0.723672861485106,0.674208450622252,0.701221754634464,0.795588379198602,0.355818059181202
KWT,Kuwait,2023,49.0529806480293,0.415172059725303,0.415024963429613,0.550488469547637,0.280002746198661,0.434112446764718
LAO,Lao People's Democratic Republic,2023,41.4865082579437,0.297908817154203,0.213240259170624,0.403461007280584,0.2770251850114,0.468178651995328
LBN,Lebanon,2023,43.9569588160995,0.333524138143378,0.415024963429613,0.278350671967908,0.307196779032614,0.454384961821388
LBR,Liberia,2023,35.7015698590115,0.295770575232187,0.247391886824446,0.350711754727321,0.289208084144793,0.581739178051956
LBY,Libyan Arab Jamahiriya,2023,39.7955381149358,0.286519274932288,0.415024963429613,0.155505723280079,0.289027138087173,0.490608512633573
LCA,Saint Lucia,2023,53.602786245383,0.416400934404819,0.382436737148268,0.60769278126382,0.259073284802368,0.344345209497158
LIE,Liechtenstein,2023,,0.669635378221638,,0.832979486412315,0.50629127003096,
LKA,Sri Lanka,2023,45.057202896367,0.338179332798886,0.299806286140704,0.417761568639651,0.296970143616303,0.437035274871547
LSO,Lesotho,2023,39.1673078125273,0.290874064219155,0.277373463400454,0.432009974857402,0.16323875439961,0.507527907968609
LTU,Lithuania,2023,60.0922658960258,0.575598574721512,0.575566476745486,0.719657676738308,0.431571570680741,0.373753256800995
LUX,Luxembourg,2023,65.8733539472936,0.657812826710829,0.575566476745486,0.836077231140506,0.561794772246494,0.340345747764957
LVA,Latvia,2023,60.1300661393388,0.59062118861871,0.623340053337134,0.68542422180895,0.463099290710044,0.388019865831933
MAR,Morocco,2023,47.1500211256239,0.394349088656764,0.425581587246526,0.425671831365834,0.331793847357933,0.451348666144287
MCO,Monaco,2023,65.591506853894,0.70579737545717,,0.761907047346895,0.649687703567445,0.39396723837929
MDA,"Moldova, Republic of",2023,51.7169498465326,0.48304026793848,0.541178022490922,0.463859134127577,0.444083647196941,0.448701271007828
MDG,Madagascar,2023,34.3791839805621,0.237970039795092,0.185251023208091,0.321973653398733,0.206685442778453,0.55038636018385
MDV,Maldives,2023,43.6808342676567,0.407208594329709,0.299806286140704,0.480484837317948,0.441334659530475,0.533591908976575
MEX,Mexico,2023,48.4912880685201,0.37954133120758,0.461163202733005,0.360796396142715,0.316664394747018,0.409715569837177
MHL,Marshall Islands,2023,45.2438842181724,0.403692076987163,,0.559159744170147,0.248224409804179,0.498814392623714
MKD,Macedonia,2023,52.0261891440787,0.448577042614143,0.489246328505139,0.488373921517531,0.368110877819758,0.408053259732568
MLI,Mali,2023,33.9936615126658,0.268561265060067,0.225535949493523,0.253325839848753,0.326822005837926,0.588688034806751
MLT,Malta,2023,57.0043193327519,0.491368460557562,0.425554239966188,0.628220263689737,0.420330878016762,0.351282073902524
MMR,Myanmar,2023,36.58044586144,0.220329031252464,,0.187397088220758,0.253260974284171,0.488720114023664
MNE,Montenegro,2023,51.8721502558467,0.463154808272277,0.453446225150546,0.526763043893426,0.409255155772858,0.425711803155342
MNG,Mongolia,2023,49.5833781037731,0.388440320743536,0.268921672381725,0.486944823957792,0.409454465891091,0.396772758668074
MOZ,Mozambique,2023,36.7809848249336,0.243435410111654,0.247391886824446,0.297850433771119,0.185063909739396,0.507815713612982
MRT,Mauritania,2023,31.9689858484422,0.295201664270135,0.247391886824446,0.352583039045997,0.285630066939961,0.65582194730129
MUS,Mauritius,2023,51.3178649016755,0.481040964780189,0.443798861796094,0.637262241726435,0.362061790818037,0.454683666746678
MWI,Malawi,2023,35.7995574016036,0.281771579610495,0.247391886824446,0.41716948033175,0.180753371675289,0.565780431578423
MYS,Malaysia,2023,54.4852251906342,0.457455814303733,0.477092725939231,0.577802422088739,0.31747229488323,0.36775131049105
NAM,Namibia,2023,41.5326230285225,0.345816934586405,0.271380596235882,0.551078955265085,0.214991252258246,0.515164474015955
NER,Niger,2023,36.0955280284721,0.300766271906335,0.247391886824446,0.325570336538569,0.329336592355989,0.578855711336892
NGA,Nigeria,2023,37.5358000766589,0.240628918630473,0.247391886824446,0.267280476029312,0.20721439303766,0.489912917097295
NIC,Nicaragua,2023,44.2800528961455,0.308136957276573,0.382436737148268,0.30160573721496,0.240368397466491,0.422535899353663
NLD,Netherlands,2023,64.5178945176906,0.661995194453606,0.575566476745486,0.804272425040083,0.60614668157525,0.371637304099793
NOR,Norway,2023,71.9689899064719,0.703083176516546,0.575566476745486,0.839645853369291,0.69403719943486,0.263703378387109
NPL,Nepal,2023,42.9004086729293,0.363143148543155,0.392305102471543,0.408356742779433,0.28876760037849,0.50513497508457
NRU,Nauru,2023,53.2393696398166,0.5669310437084,,0.5669310437084,,0.502143650912067
NZL,New Zealand,2023,66.7093847779519,0.628744984013967,0.559671639008597,0.84914293386545,0.477420379167855,0.294557288454929
OMN,Oman,2023,48.7895171076522,0.425500876397067,0.415024963429613,0.580255880797815,0.281221784963772,0.449710534244024
PAK,Pakistan,2023,38.6242345679514,0.298732276636795,0.335489262962814,0.267800874234462,0.292906692713108,0.526247585277766
PAN,Panama,2023,47.6546131423925,0.380273573945991,0.382436737148268,0.477032687377524,0.281351297312182,0.427181311098142
PER,Peru,2023,48.185036133311,0.38223847284501,0.417281986708366,0.414464360398627,0.314969071428037,0.418537750178791
PHL,Philippines,2023,46.8312421393811,0.366688129342299,0.385688166744697,0.411570559194066,0.302805662088134,0.430063286554678
PLW,Palau,2023,52.4962173031424,0.531164453914713,,0.661706252566147,0.40062265526328,0.481240107851864
PNG,Papua New Guinea,2023,33.9050653703127,0.227267106715396,0.134139271372836,0.386675706569392,0.160986342203961,0.549165799309143
POL,Poland,2023,62.4494032202808,0.563773645087216,0.550217915653973,0.620844406951901,0.520258612655772,0.3147855806816
PRK,"Korea, Democratic People's Repub",2023,43.3504649796525,0.379637813578904,,0.265973479766051,0.493302147391756,0.512628513985853
PRT,Portugal,2023,61.8560853661665,0.589739153827721,0.589424740354172,0.674189686850056,0.505603034278933,0.35261744650439
PRY,Paraguay,2023,47.9647284355109,0.338726622447367,0.347210606548726,0.406945379396307,0.262023881397069,0.379432053737149
QAT,Qatar,2023,52.2909317206884,0.459519303105115,0.415024963429613,0.665771238335761,0.297761707549972,0.413700668691347
ROU,Romania,2023,55.7997636272632,0.51331134491652,0.51978797985146,0.564117618558609,0.456028436339489,0.397316072371255
RUS,Russian Federation,2023,57.4727223546659,0.457854008146836,0.474763657510259,0.320952470378058,0.577845896552193,0.308399561053518
RWA,Rwanda,2023,41.9439847585198,0.448524038691712,0.59264381374745,0.558413972720348,0.194514329607337,0.609644343521315
SAU,Saudi Arabia,2023,50.3573489377751,0.478792616504591,0.415024963429613,0.553800690807405,0.467552195276756,0.471645637749088
SDN,Sudan,2023,28.5711266076483,0.200720898557099,,0.170583449481295,0.230858347632902,0.629298366404132
SEN,Senegal,2023,42.2879374632617,0.37485647704426,0.326221937580759,0.478043423191893,0.320304070360127,0.529097727779025
SGP,Singapore,2023,68.4512240224331,0.744119682517201,0.650601187366137,0.837681464569504,0.744076395615962,0.375095202068539
SLB,Solomon Islands,2023,37.811420257892,0.377062119530539,0.268921672381725,0.485202566679353,,0.620833714372699
SLE,Sierra Leone,2023,33.6506819666372,0.275634834652419,0.164799130756183,0.358443198425694,0.303662174775381,0.602621195319676
SLV,El Salvador,2023,43.7906959816087,0.327441744709936,0.28508389100996,0.422000034825,0.275241308294849,0.451627825077762
SMR,San Marino,2023,,0.704868412696666,,0.743391237424332,0.666345587969,
SOM,Somalia,2023,27.4610057985863,0.187653180678702,0.247391886824446,0.127914474532957,,0.638433064706975
SRB,Serbia,2023,50.7706638845275,0.484764268310595,0.528486147528948,0.473168043682011,0.452638613720825,0.469350990620044
STP,Sao Tome and Principe,2023,41.6385668733749,0.359506229301046,0.247391886824446,0.480323127418691,0.35080367366,0.526734891833547
SUR,Suriname,2023,46.5461105939269,0.372739125560924,0.382436737148268,0.455080806099912,0.28069983343459,0.441816913682385
SVK,Slovakia,2023,58.4963983521337,0.537516576110313,0.579861540387091,0.604346262656424,0.428341925287426,0.36758860906764
SVN,Slovenia,2023,63.2086914554825,0.608553400116037,0.567912123382019,0.666479153748608,0.591268923217484,0.344379571006387
SWE,Sweden,2023,67.9836953401098,0.682615028637045,0.561165780303804,0.814292416430224,0.672386889177109,0.32294112183485
SWZ,Swaziland,2023,41.6660343056115,0.306209131022639,0.291976217358653,0.3695655737075,0.257085602001764,0.472888444910409
SYC,Seychelles,2023,48.9836528124327,0.40698104764968,0.281491839353937,0.658799362580535,0.280651941014567,0.427307991401025
SYR,Syrian Arab Republic,2023,37.8817752020839,0.279169033040931,0.415024963429613,0.110988543339806,0.311493592353374,0.521533528999252
TCD,Chad,2023,27.8574592771408,0.195562312012037,0.140799841878186,0.219268338730135,0.226618755427792,0.638413126469221
TGO,Togo,2023,42.0120014274676,0.350081094350649,0.403661169542934,0.37812400325168,0.268458110257334,0.509841065801297
THA,Thailand,2023,45.6082004937004,0.356500620260387,0.268921672381725,0.453979826853934,0.346600361545503,0.444336610386379
TJK,Tajikistan,2023,47.3902824782899,0.314928240781203,0.30859092637113,0.32662107329906,0.30957272267342,0.367122591215406
TKM,Turkmenistan,2023,39.2487451877553,0.232075917026873,0.17341286478622,0.284684920482061,0.238129965812338,0.447101013271767
TLS,Timor-Leste,2023,37.3716405847671,0.293453730779183,0.0474138586253224,0.429330393796486,0.403616939915739,0.546020919083841
TON,Tonga,2023,37.7500054276894,0.350939534179463,0.136836089614947,0.559562236044294,0.356420276879149,0.595939425625676
TTO,Trinidad and Tobago,2023,47.2367093113724,0.328783965165423,0.260920624798053,0.47718921150017,0.248242059198045,0.384049778937974
TUN,Tunisia,2023,45.0697320630527,0.342456297673215,0.273290207989392,0.421755959705044,0.332322725325211,0.441061656412161
TUR,Turkey,2023,53.945012284691,0.475925446357307,0.509165597202007,0.388795991541351,0.529814750328563,0.397025200663487
TUV,Tuvalu,2023,43.1145241972498,0.433493558117091,,0.61294418452027,0.254042931713913,0.571203074172096
TZA,"Tanzania, United Republic of",2023,41.8873630756008,0.343650783445822,0.381766775811454,0.421016682386233,0.228168892139779,0.505903521933805
UGA,Uganda,2023,36.0312335600788,0.257428141038504,0.247391886824446,0.338985494475926,0.185907041815141,0.536803469836928
UKR,Ukraine,2023,53.1837320714732,0.44841622636598,0.474763657510259,0.382474171050404,0.488010850537277,0.384741584936516
URY,Uruguay,2023,54.632884841282,0.487598922063638,0.344049110282234,0.727797616309573,0.390950039599108,0.394941225237999
USA,United States,2023,65.8285836554002,0.633232725712705,0.595933182402786,0.677431142031804,0.626333852703523,0.316661052604701
UZB,Uzbekistan,2023,51.901229635159,0.430366232724334,0.526393735805042,0.38716457196383,0.377540390404129,0.392341640021155
VCT,Saint Vincent and the Grenadines,2023,52.8132414022005,0.473964392336553,0.382436737148268,0.623434755511254,0.416021684350136,0.417699564292542
VEN,"Venezuela, Bolivarian Republic o",2023,43.0014599959686,0.246324410961853,,0.1671886369764,0.325460184947306,0.386295211042482
VNM,Viet Nam,2023,45.7708567769789,0.414676678333398,0.454371221414505,0.459933462922321,0.329725350663367,0.49925954279382
VUT,Vanuatu,2023,36.3361156443772,0.273713168164773,0.108229821384951,0.538347366529488,0.17456231657988,0.546990855277229
WSM,Samoa,2023,41.4901100047393,0.368726567389716,0.312182261371494,0.651541141812741,0.142456298984914,0.538924367294929
YEM,Yemen,2023,31.4712991153402,0.25914861340959,0.415024963429613,0.126759480443901,0.235661396355256,0.629722631102786
ZAF,South Africa,2023,43.9254505639908,0.314625906419348,0.247391886824446,0.4616798868971,0.234805945536498,0.436116895139531
ZMB,Zambia,2023,39.1524283882536,0.275003901055359,0.247391886824446,0.428204562101343,0.149415254240288,0.491955333290287
ZWE,Zimbabwe,2023,35.587904114206,0.218540985344262,0.247391886824446,0.270039764505715,0.138191304702625,0.506782903060142
AFG,Afghanistan,2024,33.0241264018046,0.272113924696938,0.299806286140704,0.161340828088808,0.355194659861302,0.611631396660846
AGO,Angola,2024,36.4469774643548,0.256846722549453,0.21666775730134,0.347803745860722,0.206068664486297,0.527907173262356
ALB,Albania,2024,52.582838821604,0.467979768681771,0.474763657510259,0.480401190577085,0.44877445795797,0.416322992249691
AND,Andorra,2024,63.0179996354563,0.611141214267337,,0.761898571092398,0.460383857442276,0.350781221558211
ARE,United Arab Emirates,2024,53.6932160228041,0.490174111754568,0.415024963429613,0.683050843995368,0.372446527838724,0.416309791298487
ARG,Argentina,2024,50.3761630446415,0.415404726658145,0.382436737148268,0.453675369115862,0.410102073710306,0.407881465765316
ARM,Armenia,2024,53.1622770127216,0.456887905654006,0.4934155027348,0.478482201413894,0.398766012813325,0.393642365399574
ATG,Antigua and Barbuda,2024,47.7960542251904,0.440739980028339,0.382436737148268,0.627388532334676,0.312394670602073,0.484818895524531
AUS,Australia,2024,67.9174446136499,0.658489464130322,0.575566476745486,0.798624491031418,0.601277424614061,0.300140571857323
AUT,Austria,2024,67.7973086151723,0.678724107223777,0.575566476745486,0.746142817892954,0.714463027032891,0.32277793492033
AZE,Azerbaijan,2024,50.1378103917525,0.430258329330067,0.481989017166174,0.434338103171761,0.374447867652265,0.427502121495016
BDI,Burundi,2024,31.9629284177741,0.249668188199824,0.247391886824446,0.254621973931071,0.246990703843956,0.610409619844343
BEL,Belgium,2024,61.9666701999904,0.604891139107138,0.560740209673978,0.71489516020274,0.539038047444696,0.365557735107329
BEN,Benin,2024,39.424476659533,0.372152215670063,0.391510383799348,0.438100308816897,0.286845954393945,0.583662682479402
BFA,Burkina Faso,2024,37.3845357121768,0.270204079376687,0.252537512218684,0.334794178238277,0.223280547673101,0.522513365133152
BGD,Bangladesh,2024,37.0371901896596,0.284277313801118,0.262195497418596,0.28239520797043,0.308241236014329,0.543533510007927
BGR,Bulgaria,2024,56.2547705636806,0.486145386534726,0.545100272163913,0.502959370773827,0.41037651666644,0.361049975261115
BHR,Bahrain,2024,48.3281316259196,0.46553735656046,0.519665397522931,0.557722184656766,0.319224487501683,0.498974724042067
BHS,Bahamas,2024,48.7101343269962,0.421700292817975,0.382436737148268,0.62949500973862,0.253169131567038,0.447497606278051
BIH,Bosnia and Herzegovina,2024,49.9908399578699,0.380288074094667,0.33971765169315,0.41929279462098,0.381853775969873,0.380471274937269
BLR,Belarus,2024,53.9591056271048,0.433746384332507,0.474763657510259,0.335092911766574,0.491382583720687,0.35456427179041
BLZ,Belize,2024,44.1644599866962,0.366118564582596,0.382436737148268,0.489055022459159,0.226863934140362,0.482829364848673
BOL,"Bolivia, Plurinational State of",2024,42.9377818523054,0.311923640783655,0.382436737148268,0.300395610987038,0.252938574215658,0.453168003737546
BRA,Brazil,2024,50.7341623497791,0.381029599363176,0.382436737148268,0.420615119481868,0.340036941459391,0.366346352367594
BRB,Barbados,2024,58.6197695611597,0.569385011264296,0.365662391731519,0.688110696287379,0.654381945773989,0.396989620041102
BRN,Brunei Darussalam,2024,49.6410101353225,0.417302949083792,0.268921672381725,0.696189386938523,0.286797787931128,0.424482746377342
BTN,Bhutan,2024,44.3071309860562,0.414158013109384,0.285334437050643,0.684745064944119,0.272394537333389,0.52801539338826
BWA,Botswana,2024,44.9869075517993,0.383915563064972,0.336488184944619,0.620437666453308,0.194820837796989,0.484177412028985
CAF,Central African Republic,2024,27.4280077188519,0.136827316140834,0.024549324556711,0.201458548957994,0.184474074907798,0.588267161763796
CAN,Canada,2024,68.0499815199613,0.643424897213037,0.599392961976897,0.760132049670266,0.570749679991947,0.28242526681381
CHE,Switzerland,2024,68.8776392995777,0.673899271656072,0.575566476745486,0.83290366470844,0.613227673514292,0.296346485664518
CHL,Chile,2024,60.0737434832314,0.548057982134563,0.575566476745486,0.643139686032913,0.42546778362529,0.346583112469936
CHN,China,2024,53.0425382771277,0.454977786880392,0.268921672381725,0.469495402132455,0.626516286126996,0.394127021337838
CIV,Cote d'Ivoire,2024,40.994997058513,0.307451391982768,0.300811320568784,0.412482496641815,0.209060358737704,0.487551450812507
CMR,Cameroon,2024,39.897535799787,0.27556449339349,0.240070771682666,0.26661719879005,0.320005509707753,0.47761377739775
COD,"Congo, the Democratic Republic o",2024,30.3675514137829,0.178004679640907,0.163996102332071,0.180339001329662,0.189678935260989,0.570653651365249
COG,Congo,2024,33.733395140836,0.223569269890757,0.0855857764852493,0.297913431357664,0.287208601829357,0.548901367074036
COL,Colombia,2024,50.4540648013757,0.415760860663383,0.535674957948254,0.415457549035599,0.296150075006296,0.40667956463587
COM,Comoros,2024,38.4546012232657,0.259205277711487,0.247391886824446,0.313847208667231,0.216376737642784,0.490113253246172
CPV,Cape Verde,2024,45.1472624977326,0.380825424939355,0.256388406457195,0.61571296490674,0.270374903454131,0.477880174984703
CRI,Costa Rica,2024,54.4821526574966,0.476711983261918,0.466109894577072,0.653136815645284,0.310889239563397,0.387068930111985
CUB,Cuba,2024,43.448317920802,0.326042310214536,,0.407513472600996,0.244571147828076,0.457075951798497
CYP,Cyprus,2024,57.474456323676,0.504149457315001,0.426829292969694,0.619953029886535,0.465666049088774,0.354660330841481
CZE,Czech Republic,2024,65.0870356874886,0.606858218342057,0.605978128310144,0.716870418131094,0.497726108584932,0.305117504592286
DEU,Germany,2024,69.234606384822,0.680281280285757,0.575566476745486,0.761422666944333,0.703854697167453,0.295589152589316
DJI,Djibouti,2024,36.4415690554014,0.327192953584806,0.415024963429613,0.337378755266994,0.22917514205781,0.598361572476778
DMA,Dominica,2024,58.4977740586559,0.612416199972222,,0.612416199972222,,0.442460718799105
DNK,Denmark,2024,68.278015944235,0.707141915822666,0.575566476745486,0.858896958506365,0.686962312216147,0.341581596937965
DOM,Dominican Republic,2024,46.7404770923459,0.404711842449052,0.382436737148268,0.515089377345097,0.31660941285379,0.469902300602134
DZA,Algeria,2024,47.4121674056738,0.378126927438512,0.415024963429613,0.368631662562793,0.35072415632313,0.429883579325037
ECU,Ecuador,2024,43.6118969802999,0.348257452949247,0.379524687611331,0.348347735819739,0.316899935416673,0.47601951334325
EGY,Egypt,2024,45.4233042363215,0.377461868398211,0.415024963429613,0.35122209862331,0.366138543141712,0.468995783671781
ERI,Eritrea,2024,27.3600545962195,0.175832855098391,,0.193816059697682,0.157849650499101,0.628631763174002
ESP,Spain,2024,61.7084351166535,0.557203675832471,0.600789013869862,0.619621933292556,0.451200080334996,0.323034973499402
EST,Estonia,2024,62.4077150777355,0.608752680573911,0.637695185458794,0.769753461197792,0.418809395065148,0.3605983790192
ETH,Ethiopia,2024,37.7232939695768,0.262399611191278,0.247391886824446,0.302689708871281,0.237117237878106,0.507933731799742
FIN,Finland,2024,71.0954088884681,0.727422161442255,0.575566476745486,0.85860765610728,0.748092351474,0.305513983672894
FJI,Fiji,2024,47.4543505010295,0.437832950515247,0.268921672381725,0.585673990802392,0.458903188361623,0.488745940494656
FRA,France,2024,65.9104128753522,0.639418204668828,0.575566476745486,0.664431663603751,0.678256473657248,0.321209947161785
FSM,"Micronesia, Federated States of",2024,37.002707724195,0.361491274640426,0.268921672381725,0.625621619466485,0.189930532073066,0.621437120156525
GAB,Gabon,2024,42.6248238880957,0.302032695505385,0.247391886824446,0.345991061850911,0.312715137840797,0.449536217743472
GBR,United Kingdom,2024,68.5989117683963,0.653486991996167,0.610013342955517,0.735041176155498,0.615406456877485,0.28150875662824
GEO,Georgia,2024,55.2646549006818,0.518512358392842,0.624959918190585,0.535162903246778,0.395414253741163,0.413219260379206
GHA,Ghana,2024,45.1072157517617,0.356778020552939,0.338964448396859,0.491379260751458,0.239990352510499,0.454633705517705
GIN,Guinea,2024,40.6955300655137,0.28750864740896,0.247391886824446,0.290664761985206,0.324469293417229,0.473598046098685
GMB,Gambia,2024,36.0842884164257,0.273013872693158,0.110892583806054,0.433193644767119,0.2749553895063,0.551328104364644
GNB,Guinea-Bissau,2024,32.7032903614811,0.275681366287866,0.247391886824446,0.281593351841822,0.298058860197329,0.621615559058244
GNQ,Equatorial Guinea,2024,35.5531729466106,0.16091831161143,0.0,0.270922131101488,0.211832803732802,0.449854852679219
GRC,Greece,2024,60.4158335966547,0.56390195167251,0.534611616906763,0.563965014235328,0.593129223875438,0.355585279739415
GRD,Grenada,2024,55.160635741955,0.527867863034656,0.382436737148268,0.61443066896112,0.586736182994581,0.424655148195556
GTM,Guatemala,2024,43.6421754854711,0.328276188875971,0.382436737148268,0.377009934939554,0.22538189454009,0.455432679166548
GUY,Guyana,2024,45.9238539955804,0.385140615862348,0.382436737148268,0.455957299174557,0.317027811264221,0.46666353595074
HND,Honduras,2024,41.3281279885706,0.297501660806443,0.382436737148268,0.318460981296419,0.191607263974642,0.47093910103503
HRV,Croatia,2024,57.1480608511183,0.5415587705709,0.603416350315228,0.570203831005393,0.451056130392081,0.398597553548534
HTI,Haiti,2024,33.2698958650802,0.199891681118003,,0.213188117622413,0.186595244613594,0.5344937638164
HUN,Hungary,2024,57.4104682587766,0.528576122558212,0.56602063686482,0.550374974990784,0.469332755819032,0.380366757382679
IDN,Indonesia,2024,48.3473209125884,0.397848298877582,0.422790502560625,0.439993248362232,0.330761145709891,0.430901880625814
IND,India,2024,44.361091057786,0.362081405787814,0.299806286140704,0.444659327429066,0.341778603793671,0.474859584632094
IRL,Ireland,2024,64.3546686021055,0.604529144009406,0.58496812911431,0.788079230555607,0.4405400723583,0.317435771967295
IRN,"Iran, Islamic Republic of",2024,47.5133703595504,0.378915815171718,0.415024963429613,0.234989123257647,0.486733358827892,0.428648407980709
IRQ,Iraq,2024,35.6492762465655,0.209932858738367,0.0614382175108347,0.225809350121728,0.342551008582539,0.496947333807058
ISL,Iceland,2024,64.6863765756517,0.608533690395264,0.446501839713209,0.805718854073992,0.573380377398592,0.31480615888223
ISR,Israel,2024,59.7632608464339,0.53975324788924,0.499118117497661,0.587105779898862,0.533035846271197,0.344488030960562
ITA,Italy,2024,62.1606232900085,0.600606062923487,0.591341432748059,0.609615715560412,0.60086104046199,0.357393597123316
JAM,Jamaica,2024,47.5274917517176,0.401846506495405,0.396832799219045,0.519673604751989,0.289033115515182,0.451296671461053
JOR,Jordan,2024,49.9245290341208,0.427122487929933,0.414524346048557,0.524506028776349,0.342337088964892,0.428631907247517
JPN,Japan,2024,65.7182335946762,0.667479460064185,0.575566476745486,0.769420171667112,0.657451731779956,0.35311478817066
KAZ,Kazakhstan,2024,56.4373504028148,0.483785972550386,0.532012921384169,0.469974638123728,0.449370358143263,0.355038964494091
KEN,Kenya,2024,39.2940346303106,0.267731788668047,0.247391886824446,0.35760729195974,0.198196187219955,0.481851096061834
KGZ,Kyrgyzstan,2024,51.3985641122882,0.371772651451534,0.401949155942481,0.344656995463246,0.368711802948874,0.343801369205769
KHM,Cambodia,2024,42.4479120334607,0.321304843329232,0.295926679585522,0.356330400523855,0.311657449878318,0.472346602660018
KIR,Kiribati,2024,42.2900642541548,0.373405119075206,0.268921672381725,0.597081017389399,0.254212667454494,0.527603833992109
KNA,Saint Kitts and Nevis,2024,57.3467708255443,0.619782706839847,,0.616155539804569,0.623409873875125,0.472847290328961
KOR,"Korea, Republic of",2024,68.2909398968166,0.721696183894012,0.674208450622252,0.683642617324963,0.807237483734819,0.355877385957679
KWT,Kuwait,2024,49.1509306760578,0.418129739613392,0.415024963429613,0.559361519261903,0.280002736148661,0.435111126092237
LAO,Lao People's Democratic Republic,2024,42.368099805248,0.298912046045877,0.213240259170624,0.405724009880608,0.2777718690864,0.451550049940917
LBN,Lebanon,2024,43.7473004543284,0.329565770367288,0.415024963429613,0.26736881814797,0.30630352952428,0.45461976128072
LBR,Liberia,2024,35.7268961812606,0.296049654866987,0.247391886824446,0.350707743206721,0.290049334569793,0.581511731241774
LBY,Libyan Arab Jamahiriya,2024,39.9788666595835,0.289646611337909,0.415024963429613,0.165012899071941,0.288901971512173,0.49006927814624
LCA,Saint Lucia,2024,53.6133904946598,0.417209605150133,0.382436737148268,0.609643105518515,0.259548972783617,0.344941795256938
LIE,Liechtenstein,2024,,0.669869945928591,,0.832838058018101,0.506901833839081,
LKA,Sri Lanka,2024,45.489548562434,0.34575800171573,0.299806286140704,0.438869329896494,0.298598389109991,0.435967030467049
LSO,Lesotho,2024,38.3763105030762,0.274323225126565,0.226178506351723,0.431792231802712,0.16499893722526,0.50679701506504
LTU,Lithuania,2024,60.2466041172852,0.578695986124298,0.575566476745486,0.731004017301674,0.429517464325734,0.373763903778594
LUX,Luxembourg,2024,65.956152237879,0.660595065451149,0.575566476745486,0.840565748990784,0.565652970617178,0.341472020693569
LVA,Latvia,2024,60.0960158668909,0.5886890528393,0.623340053337134,0.684019270067156,0.45870783511361,0.386768735501481
MAR,Morocco,2024,47.6712515519101,0.403185955547523,0.442090625620996,0.434073566350519,0.333393674671054,0.449760924509321
MCO,Monaco,2024,66.2250919633221,0.714860067054513,,0.780985434094975,0.64873470001405,0.390358227788071
MDA,"Moldova, Republic of",2024,51.6986046235755,0.484409768344139,0.541178022490922,0.460893025719118,0.451158256822378,0.45043767587263
MDG,Madagascar,2024,34.9940877250898,0.250154137600694,0.198434224123303,0.345069558744076,0.206958629934703,0.550272383098899
MDV,Maldives,2024,43.5551805226766,0.405342274213178,0.299806286140704,0.47302281757469,0.443197718924141,0.534238663759645
MEX,Mexico,2024,47.5747022395473,0.363612303757963,0.420437052153755,0.350317531305837,0.320082327814297,0.412118258967016
MHL,Marshall Islands,2024,46.052302699253,0.419904425085656,,0.593711616441827,0.246097233729486,0.498858371100596
MKD,Macedonia,2024,52.4405381902848,0.458698282262994,0.511430824087427,0.49246340042581,0.372200622275746,0.409887518457299
MLI,Mali,2024,34.0673137297621,0.266006590181237,0.225535949493523,0.24502623261226,0.327457588437926,0.584660315585995
MLT,Malta,2024,56.7935630293517,0.487009962987085,0.425554239966188,0.613991843463919,0.421483805531148,0.351138702400051
MMR,Myanmar,2024,36.4884923826966,0.21737204341139,,0.181379593565895,0.253364493256884,0.487602195757458
MNE,Montenegro,2024,52.100445758084,0.463177988606493,0.449882685185227,0.529878108275885,0.409773172358367,0.421169073444813
MNG,Mongolia,2024,49.6769883747084,0.389510528940727,0.268921672381725,0.486100751679442,0.413509162761014,0.395970761446559
MOZ,Mozambique,2024,36.1283844933266,0.23376538512221,0.247391886824446,0.268268309457714,0.18563595908447,0.511197695255677
MRT,Mauritania,2024,31.9032241290084,0.293189637635503,0.247391886824446,0.345512175918041,0.286664850164021,0.655125155055334
MUS,Mauritius,2024,51.1879762423153,0.478402209502456,0.438372006390043,0.63375142508028,0.363083197037044,0.454642684656149
MWI,Malawi,2024,35.7279794043021,0.281162631504783,0.247391886824446,0.414727438901643,0.181368568788261,0.566603043418741
MYS,Malaysia,2024,54.9811996366288,0.464972902695939,0.477092725939231,0.598047597163365,0.319778384985222,0.365348909963364
NAM,Namibia,2024,41.8691756483416,0.348105072997245,0.271380596235882,0.557955362538479,0.214979260217373,0.510721560030414
NER,Niger,2024,35.40561944525,0.295001703163958,0.247391886824446,0.306221217717564,0.331392004949865,0.586889314258958
NGA,Nigeria,2024,37.6045698947293,0.241642416149726,0.247391886824446,0.269577905477519,0.207957456147214,0.489551018255141
NIC,Nicaragua,2024,44.1104445097743,0.305038191481593,0.382436737148268,0.291243108123426,0.241434729173085,0.422829301286107
NLD,Netherlands,2024,64.395683172317,0.659388675804721,0.575566476745486,0.797316193049186,0.605283357619492,0.371475012358381
NOR,Norway,2024,71.8485736536369,0.700450602515794,0.575566476745486,0.831406612145844,0.694378718656053,0.263479129443056
NPL,Nepal,2024,41.1427672482213,0.327038551963688,0.281713046459556,0.40774810938892,0.291654500042586,0.504183206999263
NRU,Nauru,2024,53.4392571830255,0.570875040220214,,0.570875040220214,,0.502089896559704
NZL,New Zealand,2024,66.2469946982346,0.621658061214208,0.551702205792677,0.834582183626352,0.478689794223595,0.296718167249517
OMN,Oman,2024,49.3129946340631,0.436374336117385,0.415024963429613,0.615002503952251,0.279095540970291,0.450114443436123
PAK,Pakistan,2024,39.2673406153284,0.310461648334846,0.36998216363402,0.261837302731489,0.299565478639029,0.525114836028279
PAN,Panama,2024,47.4848347796176,0.377756669359113,0.382436737148268,0.466842608798137,0.283990662130932,0.42805997376676
PER,Peru,2024,48.2759949395045,0.383299086832527,0.421312137978745,0.410942098793425,0.317643023725411,0.417779188042438
PHL,Philippines,2024,47.1050002824754,0.372101331852532,0.404527441256543,0.410289973270148,0.301486581030905,0.430001326203024
PLW,Palau,2024,55.0034439173577,0.581624424881534,,0.66895809026691,0.494290759496158,0.48155554653438
PNG,Papua New Guinea,2024,33.6639474625082,0.222562629745792,0.134139271372836,0.371889031049107,0.161659586815435,0.549283680495628
POL,Poland,2024,62.7917076221965,0.570141265194007,0.550217915653973,0.632070625480383,0.528135254447665,0.314307112750078
PRK,"Korea, Democratic People's Repub",2024,43.3325718135095,0.379565173554497,,0.265828199717239,0.493302147391756,0.512913737284308
PRT,Portugal,2024,60.9850101443668,0.572031247034204,0.543863703673442,0.662748207316734,0.509481830112437,0.352331044146868
PRY,Paraguay,2024,47.8267692326866,0.336081414537743,0.338712178149802,0.405331153347608,0.264200912115819,0.379546029884011
QAT,Qatar,2024,52.2010697915228,0.46203962552638,0.415024963429613,0.663688684213059,0.307405228936467,0.418018229695923
ROU,Romania,2024,55.9918467462891,0.518046733586422,0.54781494916754,0.548249869279802,0.458075382311925,0.39820979866064
RUS,Russian Federation,2024,56.3361847064656,0.436549420971712,0.474763657510259,0.304552676267825,0.530331929137054,0.3098257268424
RWA,Rwanda,2024,40.6073410755015,0.421658024353681,0.512692887087911,0.55501293941958,0.197268246553552,0.609511202843651
SAU,Saudi Arabia,2024,51.1188353153229,0.493668839489803,0.415024963429613,0.587887341098239,0.478094213941557,0.471292133183345
SDN,Sudan,2024,28.251308462865,0.194184515480098,,0.157510683327294,0.230858347632902,0.629158346222797
SEN,Senegal,2024,42.3346634410842,0.37557165592604,0.326221937580759,0.478398391663095,0.322094638534267,0.528878387104357
SGP,Singapore,2024,68.4990657029173,0.749471845958623,0.660873032172118,0.841932914790145,0.745609590913608,0.379490531900278
SLB,Solomon Islands,2024,38.0023089794536,0.382470751481741,0.268921672381725,0.496019830581756,,0.62242457189267
SLE,Sierra Leone,2024,33.1870610952485,0.265715553437922,0.140158026875185,0.352166959179867,0.304821674258714,0.601974331532953
SLV,El Salvador,2024,43.8050282283112,0.327831152276493,0.277568274181139,0.426739833953516,0.279185348694823,0.45173058771027
SMR,San Marino,2024,,0.704981666663506,,0.730740983744997,0.679222349582015,
SOM,Somalia,2024,26.9955318197297,0.178195973899707,0.247391886824446,0.109000060974968,,0.638285337505113
SRB,Serbia,2024,50.4689121273324,0.479200633391456,0.528486147528948,0.457088871430361,0.45202688121506,0.469822390844807
STP,Sao Tome and Principe,2024,41.6174483396063,0.358922727772194,0.247391886824446,0.477605998554571,0.351770297937564,0.526573760980068
SUR,Suriname,2024,46.4211685196316,0.37008197956357,0.382436737148268,0.450652090526219,0.277157111016224,0.441658609170938
SVK,Slovakia,2024,58.2980327657845,0.532769452113835,0.581381981397107,0.585014252124418,0.43191212281998,0.366808796798146
SVN,Slovenia,2024,63.1558407672381,0.607181502140734,0.567912123382019,0.660374530679104,0.593257852361078,0.344064686795972
SWE,Sweden,2024,67.9129121109699,0.681406434070363,0.561165780303804,0.807231584919173,0.675821936988113,0.323148191850965
SWZ,Swaziland,2024,40.9496004885107,0.301038447981803,0.291976217358653,0.352910146138626,0.258228980448129,0.482046438211589
SYC,Seychelles,2024,48.6772819526412,0.401503869556773,0.258293475982316,0.66351393676834,0.282704195919664,0.427958230503949
SYR,Syrian Arab Republic,2024,38.0077962855023,0.280903243327103,0.415024963429613,0.116328658220329,0.311356108331367,0.520747317617057
TCD,Chad,2024,26.4154174433051,0.166137950341569,0.0503301579144617,0.220972438015789,0.227111255094458,0.637829601475467
TGO,Togo,2024,42.2374009619653,0.353562352122858,0.411973871756704,0.378377010246105,0.270336174365764,0.508814332883552
THA,Thailand,2024,45.3680465927248,0.350774699521965,0.268921672381725,0.436364222276045,0.347038203908124,0.443413767667469
TJK,Tajikistan,2024,47.4285520839294,0.315609639016942,0.30859092637113,0.326794814422947,0.311443176256749,0.367038597338355
TKM,Turkmenistan,2024,39.3774721235813,0.235173798669,0.17341286478622,0.291546539906059,0.24056199131472,0.447624356197373
TLS,Timor-Leste,2024,37.0374110244456,0.286198038054137,0.0145669295395051,0.440413556346406,0.403613628276499,0.545449817565224
TON,Tonga,2024,37.9236133964353,0.353345544228539,0.136836089614947,0.562642387766522,0.360558155304148,0.594873276299833
TTO,Trinidad and Tobago,2024,47.0705844717431,0.32744199473545,0.260920624798053,0.472023124505266,0.24938223490303,0.386030305300588
TUN,Tunisia,2024,44.9928617271596,0.340483234198013,0.273290207989392,0.41300650512257,0.335152989482078,0.440625999654821
TUR,Turkey,2024,53.8098812492274,0.471959733205169,0.509165597202007,0.375426722630836,0.531286879782664,0.39576210822062
TUV,Tuvalu,2024,43.8641281909945,0.449793463308838,,0.645543994903764,0.254042931713913,0.572510899488948
TZA,"Tanzania, United Republic of",2024,41.5405911823915,0.33630020822472,0.362178627735553,0.418434648517423,0.228287348421184,0.50548838457689
UGA,Uganda,2024,35.9407767987571,0.25509320486508,0.247391886824446,0.332034334925709,0.185853392845085,0.536277668889937
UKR,Ukraine,2024,53.5318908572277,0.455330649320028,0.474763657510259,0.39540237205503,0.495825918394795,0.384692832175473
URY,Uruguay,2024,54.6744998091661,0.487580642876365,0.344049110282234,0.726414109176951,0.39227870916991,0.394090646693043
USA,United States,2024,65.7471837826021,0.63182182794691,0.595933182402786,0.672059864333606,0.627472437104336,0.316878152294868
UZB,Uzbekistan,2024,52.4708164056303,0.442240630672812,0.526393735805042,0.401758788598628,0.398569367614766,0.392824302560207
VCT,Saint Vincent and the Grenadines,2024,52.7388728694789,0.472449453024947,0.382436737148268,0.62086909625774,0.414042525668831,0.417671995635368
VEN,"Venezuela, Bolivarian Republic o",2024,42.2963082122276,0.232023543075541,,0.136033022966898,0.328014063184183,0.386097378830989
VNM,Viet Nam,2024,45.899190271821,0.416940492457566,0.44774989512684,0.461268033842867,0.34180354840299,0.498956687021145
VUT,Vanuatu,2024,37.6971941593008,0.300711442122575,0.183621954406198,0.544146377840584,0.174365994120944,0.546767558936559
WSM,Samoa,2024,40.0995583421088,0.339940198939114,0.227646647626109,0.646877904002103,0.14529604518913,0.537949032096937
YEM,Yemen,2024,31.3326371939657,0.256055770638161,0.415024963429613,0.117480952129616,0.235661396355256,0.629403026758848
ZAF,South Africa,2024,43.9664150660651,0.3155681163869,0.247391886824446,0.462725819848944,0.236586642487311,0.436239815065598
ZMB,Zambia,2024,39.1001842382185,0.274176097568187,0.247391886824446,0.425221078094219,0.149915327785897,0.492172412803817
ZWE,Zimbabwe,2024,35.4242305315131,0.219534781281216,0.247391886824446,0.270840836493928,0.140371620525275,0.511050170650953
